"hgnc_symbol","ensembl_transcript_id","group","gc_content","nmdesc_gc_content"
"CFTR","ENST00000003084","snv",41.53,49.8
"KCNQ1","ENST00000155840","snv",64.2,68.64
"MYH9","ENST00000216181","snv",59.19,63.1
"AGO2","ENST00000220592","snv",56.71,57.86
"RP1","ENST00000220676","snv",39.5,36.97
"NAGLU","ENST00000225927","snv",64.61,62.41
"TGFB3","ENST00000238682","snv",54.8,57.89
"CDKN1B","ENST00000228872","snv",58.46,50.58
"MLH1","ENST00000231790","snv",46.46,47.71
"MSH6","ENST00000234420","snv",44.89,37.88
"WFS1","ENST00000226760","snv",62.48,61.55
"COL1A1","ENST00000225964","snv",65.05,59.39
"MVK","ENST00000228510","snv",59.36,64.85
"SALL1","ENST00000251020","snv",53.94,55.19
"MSH2","ENST00000233146","snv",41.28,33.94
"SOX9","ENST00000245479","snv",67.78,68.94
"FUS","ENST00000254108","snv",57.43,61.11
"PRPH2","ENST00000230381","snv",55.81,61.6
"MFN2","ENST00000235329","snv",54.66,47.5
"NOTCH2","ENST00000256646","snv",53.74,55.87
"GUCY2D","ENST00000254854","snv",65.1,65.94
"DSG2","ENST00000261590","snv",44.24,44.92
"NOTCH3","ENST00000263388","snv",66.42,69.08
"RPE65","ENST00000262340","snv",43.57,46.53
"TAOK1","ENST00000261716","snv",44.71,53.91
"FLT4","ENST00000261937","snv",62.46,60.24
"BRIP1","ENST00000259008","snv",38.67,35.87
"EP300","ENST00000263253","snv",51.55,57.88
"SLC3A1","ENST00000260649","snv",44.41,41.75
"TYR","ENST00000263321","snv",47.61,48.54
"AP4E1","ENST00000261842","snv",39.46,45.02
"KCNH2","ENST00000262186","snv",65.89,68.5
"BARD1","ENST00000260947","snv",43.92,48.3
"HNF1A","ENST00000257555","snv",64.29,62.92
"WNT10A","ENST00000258411","snv",66.59,69.71
"YY1","ENST00000262238","snv",58.39,45.92
"SLC4A1","ENST00000262418","snv",59.47,56.49
"CREBBP","ENST00000262367","snv",56.88,65.34
"PALB2","ENST00000261584","snv",42.63,47.89
"CDH1","ENST00000261769","snv",51.49,50.77
"VHL","ENST00000256474","snv",61.53,50.66
"PKD1","ENST00000262304","snv",67.24,68.53
"NARS1","ENST00000256854","snv",45.84,46.7
"PPM1D","ENST00000305921","snv",51.21,43.75
"FBXW7","ENST00000281708","snv",44.35,45.45
"ZFHX3","ENST00000268489","snv",56.24,61.21
"NAA15","ENST00000296543","snv",38.25,40.24
"PRPF8","ENST00000304992","snv",52.21,55.12
"F13A1","ENST00000264870","snv",49.48,54.9
"MED13L","ENST00000281928","snv",49.6,50.82
"SERPING1","ENST00000278407","snv",53.43,54.93
"TGFBR2","ENST00000295754","snv",52.41,57.83
"KAT6A","ENST00000265713","snv",49.31,54.18
"SHH","ENST00000297261","snv",67.31,72.29
"LRP5","ENST00000294304","snv",63.59,63.14
"TP63","ENST00000264731","snv",52.47,55.04
"NIPBL","ENST00000282516","snv",39.77,46.15
"MN1","ENST00000302326","snv",68.38,60.78
"ALG8","ENST00000299626","snv",42.38,39.36
"ANK1","ENST00000289734","snv",58.46,61.74
"FLCN","ENST00000285071","snv",59.66,55.56
"RHO","ENST00000296271","snv",57.78,57.76
"POGZ","ENST00000271715","snv",51.1,52.31
"ZIC1","ENST00000282928","snv",63.69,59.27
"RASA1","ENST00000274376","snv",43.96,41.04
"LRSAM1","ENST00000300417","snv",56.49,65.34
"DCHS1","ENST00000299441","snv",61.41,61.38
"TP53","ENST00000269305","snv",56.85,56.06
"SPRED1","ENST00000299084","snv",43.3,42.37
"COL3A1","ENST00000304636","snv",56.87,43.65
"KAT6B","ENST00000287239","snv",48.25,51.65
"CYP11B1","ENST00000292427","snv",59.99,55.49
"LEMD3","ENST00000308330","snv",52.08,41.59
"RARB","ENST00000330688","snv",47.74,45.75
"CLCN1","ENST00000343257","snv",55.81,62.32
"TCF12","ENST00000333725","snv",46.53,49.74
"NR2F1","ENST00000327111","snv",65.17,58.91
"EYA1","ENST00000340726","snv",46.94,50.38
"F2","ENST00000311907","snv",59.12,51.03
"RORA","ENST00000335670","snv",47.58,38.6
"NKX2-1","ENST00000354822","snv",70.73,71.37
"TLK2","ENST00000346027","snv",43.72,50.89
"HNF4A","ENST00000316099","snv",59.86,64.25
"TRPC6","ENST00000344327","snv",43.85,39.6
"MITF","ENST00000352241","snv",50.79,51.55
"SCNN1B","ENST00000343070","snv",56.63,60.56
"DNMT3A","ENST00000321117","snv",60.2,52.08
"PKLR","ENST00000342741","snv",60.99,55.41
"FBN1","ENST00000316623","snv",48.92,41.14
"ARID2","ENST00000334344","snv",44.06,35.38
"SUZ12","ENST00000322652","snv",42.48,35.86
"ARID1A","ENST00000324856","snv",59.83,54.37
"NPR2","ENST00000342694","snv",54.52,50.86
"EVC2","ENST00000344408","snv",54.93,46.86
"SLCO2A1","ENST00000310926","snv",56.37,59.52
"PLEC","ENST00000345136","snv",66.91,65.88
"KMT2E","ENST00000311117","snv",43.55,50.29
"GRIN2A","ENST00000330684","snv",52.26,50.76
"WAC","ENST00000354911","snv",44.08,34.17
"FLNC","ENST00000325888","snv",62.17,56.3
"SLC5A2","ENST00000330498","snv",62.8,63.18
"ANO5","ENST00000324559","snv",40.19,36.03
"KLHL3","ENST00000309755","snv",53.29,54.43
"SPAST","ENST00000315285","snv",47.76,39.31
"SATB1","ENST00000338745","snv",49.39,51.87
"SLC12A6","ENST00000354181","snv",47.87,49.3
"NUS1","ENST00000368494","snv",53.85,46.81
"CRB1","ENST00000367400","snv",45.34,53.76
"KIF21A","ENST00000361418","snv",42.19,42.36
"TRPS1","ENST00000395715","snv",47.26,45.41
"KCNQ2","ENST00000359125","snv",64.87,68.41
"EPHB4","ENST00000358173","snv",62.48,62.78
"COL5A1","ENST00000371817","snv",64.38,54.31
"MYO6","ENST00000369977","snv",41.08,52.8
"ABCA1","ENST00000374736","snv",50.12,40.31
"GLI2","ENST00000361492","snv",66.45,68.78
"NR3C2","ENST00000358102","snv",47.01,58.25
"TGFB2","ENST00000366930","snv",47.79,42.58
"HIVEP2","ENST00000367603","snv",49.19,51.43
"GNAS","ENST00000371085","snv",55.11,55.33
"ENG","ENST00000373203","snv",61.41,67.43
"COL2A1","ENST00000380518","snv",63.4,54.82
"SMARCD1","ENST00000394963","snv",53.62,53.85
"RELA","ENST00000406246","snv",60.99,62.85
"PRRT2","ENST00000358758","snv",62.46,54.1
"SYNE1","ENST00000367255","snv",46.73,58.08
"PPOX","ENST00000367999","snv",59.27,52.33
"ABCC8","ENST00000389817","snv",57.67,57.98
"TEK","ENST00000380036","snv",47.79,43.2
"ACVRL1","ENST00000388922","snv",61.31,55.68
"FBXO11","ENST00000403359","snv",42.03,40
"ZNF292","ENST00000369577","snv",38.69,37.89
"GCK","ENST00000403799","snv",61.3,65.64
"ROR2","ENST00000375708","snv",61.37,62.63
"CYP19A1","ENST00000396402","snv",45.04,44.15
"TBX5","ENST00000405440","snv",55.56,59.68
"ADGRV1","ENST00000405460","snv",42.57,50.89
"BMPR1A","ENST00000372037","snv",44.28,44.89
"IRF6","ENST00000367021","snv",53.92,53.09
"ABCA4","ENST00000370225","snv",52.58,62.5
"PROS1","ENST00000394236","snv",40.92,40.28
"GLMN","ENST00000370360","snv",35.24,37.72
"LGI1","ENST00000371418","snv",39.96,39.62
"KRIT1","ENST00000394505","snv",38.22,35.29
"SERPINC1","ENST00000367698","snv",49.89,46.26
"FH","ENST00000366560","snv",45.99,43.52
"EXT1","ENST00000378204","snv",49.71,50.85
"C1S","ENST00000360817","snv",48.43,52.07
"MTHFR","ENST00000376590","snv",57.74,56.13
"MYO7A","ENST00000409709","snv",59,57.14
"CPT2","ENST00000371486","snv",52.81,53.14
"CSF3R","ENST00000373106","snv",61.93,63.72
"BRCA1","ENST00000357654","snv",41.22,56
"RP1L1","ENST00000382483","snv",62.83,62.95
"ALPL","ENST00000374840","snv",59.49,65.82
"CFH","ENST00000367429","snv",39.83,39.53
"PTEN","ENST00000371953","snv",38.45,38.14
"STXBP1","ENST00000373299","snv",52.94,48.87
"DSP","ENST00000379802","snv",48.33,48.43
"COL4A3","ENST00000396578","snv",56.29,39.26
"ATP1A2","ENST00000361216","snv",57.07,53.16
"ADAR","ENST00000368474","snv",51.15,49.31
"CNNM2","ENST00000369878","snv",57.15,51.15
"SOX10","ENST00000396884","snv",66.67,64.72
"GCH1","ENST00000491895","snv",56.97,50.85
"PIK3R1","ENST00000521381","snv",41.98,49.58
"BAP1","ENST00000460680","snv",58.45,61.41
"WT1","ENST00000452863","snv",61.7,50.58
"SCN5A","ENST00000423572","snv",57.31,58
"CDKN1C","ENST00000440480","snv",75.93,67.96
"PDE6B","ENST00000496514","snv",57.58,55.36
"PUF60","ENST00000526683","snv",60.71,54.86
"PPP2CA","ENST00000481195","snv",44.84,47.15
"SH3TC2","ENST00000515425","snv",55.06,61.98
"SLC2A1","ENST00000426263","snv",58.89,53.39
"MBD4","ENST00000429544","snv",41.62,35.16
"NSD1","ENST00000439151","snv",47.25,55.24
"PUF60","ENST00000620341","snv",60.71,54.86
"PRKAR1A","ENST00000589228","snv",47.12,46.64
"GRIN2B","ENST00000609686","snv",54.1,58.47
"ZEB2","ENST00000627532","snv",46.47,52.39
"SEMA6B","ENST00000586582","snv",68.95,77.63
"CDKN1C","ENST00000616138","snv",75.6,67.96
"KCNQ1","ENST00000632153","snv",62.81,68.99
"KCNQ2","ENST00000627948","snv",61.66,67.15
"CELF2","ENST00000633077","snv",52.81,44.94
"PTEN","ENST00000644628","snv",47.66,38.14
"PKLR","ENST00000572740","snv",60.99,55.41
"CASR","ENST00000639785","snv",54.34,57.23
"GABRG2","ENST00000639213","snv",44.33,45.4
"RDH12","ENST00000551171","snv",56.89,57.52
"OPLAH","ENST00000618853","snv",66.67,71.07
"PRPF8","ENST00000634039","snv",52.21,55.12
"DNM1L","ENST00000549701","snv",42.42,45.79
"KAT6B","ENST00000630001","snv",48.25,51.65
"MYH9","ENST00000216181","fs",59.19,65.96
"MLH1","ENST00000231790","fs",46.46,48.3
"SETX","ENST00000224140","fs",40.85,42.5
"WFS1","ENST00000226760","fs",62.48,61.31
"APOB","ENST00000233242","fs",43.33,40.81
"PRPH2","ENST00000230381","fs",55.81,60.18
"SOX9","ENST00000245479","fs",67.78,69.92
"CFTR","ENST00000003084","fs",41.53,50.24
"CXCR4","ENST00000241393","fs",50.33,51.22
"MSH6","ENST00000234420","fs",44.89,40.69
"RP1","ENST00000220676","fs",39.5,37.03
"TMEM127","ENST00000258439","fs",61.79,55.67
"NOTCH2","ENST00000256646","fs",53.74,55.78
"KIDINS220","ENST00000256707","fs",45.39,47.27
"PKD1","ENST00000262304","fs",67.24,66.67
"VHL","ENST00000256474","fs",61.53,53.26
"FUS","ENST00000254108","fs",57.43,53.61
"DAGLA","ENST00000257215","fs",62.83,67.75
"BARD1","ENST00000260947","fs",43.92,47.06
"PALB2","ENST00000261584","fs",42.63,52.91
"DVL3","ENST00000313143","fs",61.41,70.53
"NIPBL","ENST00000282516","fs",39.77,46.44
"CREBBP","ENST00000262367","fs",56.88,65.66
"ELANE","ENST00000263621","fs",67.54,66.82
"KAT6B","ENST00000287239","fs",48.25,51.68
"NOTCH3","ENST00000263388","fs",66.42,69.38
"KMT2E","ENST00000311117","fs",43.55,46.57
"SERPING1","ENST00000278407","fs",53.43,53.82
"PPM1D","ENST00000305921","fs",51.21,43.66
"MN1","ENST00000302326","fs",68.38,62.6
"POLG","ENST00000268124","fs",60.43,48.24
"LRSAM1","ENST00000300417","fs",56.49,55.72
"PMP22","ENST00000312280","fs",54.24,50.26
"EP300","ENST00000263253","fs",51.55,58.15
"KAT6A","ENST00000265713","fs",49.31,54.03
"PIEZO1","ENST00000301015","fs",63.89,61.65
"PLEC","ENST00000345136","fs",66.91,65.79
"GRIN2A","ENST00000330684","fs",52.26,51.29
"TRPC6","ENST00000344327","fs",43.85,40
"EYA1","ENST00000340726","fs",46.94,44.9
"ARID1A","ENST00000324856","fs",59.83,54.53
"FLNC","ENST00000325888","fs",62.17,60.67
"BCL11B","ENST00000357195","fs",68.79,69.21
"GATA2","ENST00000341105","fs",64.8,57.52
"FBN1","ENST00000316623","fs",48.92,42.83
"BRCA1","ENST00000357654","fs",41.22,53.22
"TRPS1","ENST00000395715","fs",47.26,45.86
"PPP3CA","ENST00000394854","fs",44.57,52.23
"KCNQ2","ENST00000359125","fs",64.87,68.34
"CAPN3","ENST00000397163","fs",52.64,47.37
"COL5A1","ENST00000371817","fs",64.38,66.06
"TBR1","ENST00000389554","fs",61.05,70.27
"CRB1","ENST00000367400","fs",45.34,50.21
"COL2A1","ENST00000380518","fs",63.4,55.9
"ZNF292","ENST00000369577","fs",38.69,37.8
"GCK","ENST00000403799","fs",61.3,65.76
"EFTUD2","ENST00000426333","fs",51.8,56.93
"SOX10","ENST00000396884","fs",66.67,66.13
"DSP","ENST00000379802","fs",48.33,48.07
"MYO6","ENST00000369977","fs",41.08,47.71
"TEK","ENST00000380036","fs",47.79,43.52
"FH","ENST00000366560","fs",45.99,43.49
"FBXO11","ENST00000403359","fs",42.03,40.68
"GLI2","ENST00000361492","fs",66.45,68.79
"SCN4A","ENST00000435607","fs",57.54,57.58
"SCN5A","ENST00000423572","fs",57.31,56.98
"RDH12","ENST00000551171","fs",56.89,62.16
"GRIN2B","ENST00000609686","fs",54.1,58.7
"FOXN1","ENST00000579795","fs",62.76,64.8
"SEMA6B","ENST00000586582","fs",68.95,73.34
"CDKN1C","ENST00000440480","fs",75.93,77.05
"CASR","ENST00000639785","fs",54.34,57.79
"HNRNPU","ENST00000640218","fs",50.36,42.57
"GRN","ENST00000053867","snv_control",63.19,67.55
"RALA","ENST00000005257","snv_control",42.03,34.1
"CRY1","ENST00000008527","snv_control",45.14,48.7
"ACTL6B","ENST00000160382","snv_control",59.48,60.31
"KIF22","ENST00000160827","snv_control",58.56,63.27
"CREB3L3","ENST00000078445","snv_control",60.75,65.38
"TLL1","ENST00000061240","snv_control",44.41,37.84
"SLC7A9","ENST00000023064","snv_control",53.01,46.96
"TNFRSF1A","ENST00000162749","snv_control",58.41,69.25
"NTN1","ENST00000173229","snv_control",65.95,59.37
"IMPG2","ENST00000193391","snv_control",44.9,42.86
"CDK13","ENST00000181839","snv_control",52.19,49.28
"KDM4B","ENST00000159111","snv_control",63.96,71.37
"KRT14","ENST00000167586","snv_control",60.89,58.78
"GNA11","ENST00000078429","snv_control",60.09,58.92
"CRYBB3","ENST00000215855","snv_control",61.01,65.74
"SPTLC2","ENST00000216484","snv_control",48.02,46.47
"VCL","ENST00000211998","snv_control",52.36,52.79
"ACO2","ENST00000216254","snv_control",57.32,56.76
"TGM6","ENST00000202625","snv_control",59.41,60.29
"ESR1","ENST00000206249","snv_control",57.21,58.95
"SRP54","ENST00000216774","snv_control",39.08,44.37
"OAS1","ENST00000202917","snv_control",52.87,52.09
"SOS2","ENST00000216373","snv_control",40.11,49.64
"SUPT16H","ENST00000216297","snv_control",43.64,51.53
"CETP","ENST00000200676","snv_control",54.66,53.6
"EIF2AK1","ENST00000199389","snv_control",46.96,44.13
"EEF1A2","ENST00000217182","snv_control",62.07,65.73
"SALL4","ENST00000217086","snv_control",56.99,52.13
"NFKBIA","ENST00000216797","snv_control",59.12,52.04
"SERPIND1","ENST00000215727","snv_control",49.53,57.44
"ALG5","ENST00000239891","snv_control",43.18,38.55
"HRG","ENST00000232003","snv_control",49.37,51.3
"CSNK2A1","ENST00000217244","snv_control",45.32,60.24
"SLC25A11","ENST00000225665","snv_control",59.05,56.31
"HOXA2","ENST00000222718","snv_control",54.82,52.03
"NFKB1","ENST00000226574","snv_control",48.87,54.5
"TSPAN12","ENST00000222747","snv_control",44.12,45.22
"PKD2","ENST00000237596","snv_control",51.7,54.01
"TTR","ENST00000237014","snv_control",54.28,57.59
"FIG4","ENST00000230124","snv_control",43.36,48.68
"PDYN","ENST00000217305","snv_control",57.12,55.83
"SETX","ENST00000224140","snv_control",40.85,53.7
"GUCA1B","ENST00000230361","snv_control",54.89,55.06
"POLR3B","ENST00000228347","snv_control",43.97,48.89
"C5","ENST00000223642","snv_control",40.05,35
"ACTA2","ENST00000224784","snv_control",53,54.12
"SNTA1","ENST00000217381","snv_control",64.23,56.64
"SCNN1A","ENST00000228916","snv_control",58.66,63.11
"COMP","ENST00000222271","snv_control",64.03,56.7
"LAMA4","ENST00000230538","snv_control",47.15,54.08
"CNOT2","ENST00000229195","snv_control",43.93,44.53
"GNB4","ENST00000232564","snv_control",44.48,45.86
"KCNJ13","ENST00000233826","snv_control",45.43,44.28
"NPRL2","ENST00000232501","snv_control",54.16,51.69
"CRYBA1","ENST00000225387","snv_control",51.39,48.48
"KISS1R","ENST00000234371","snv_control",72.35,76.03
"LOX","ENST00000231004","snv_control",58.69,47.37
"MYL2","ENST00000228841","snv_control",50.5,56.38
"TGFB1","ENST00000221930","snv_control",62.49,66.51
"GMNN","ENST00000230056","snv_control",39.84,40.57
"PIK3R2","ENST00000222254","snv_control",65.75,70.54
"MAPK8IP1","ENST00000241014","snv_control",63.44,52.85
"NR0B2","ENST00000254227","snv_control",62.92,60.27
"KIDINS220","ENST00000256707","snv_control",45.39,47.22
"TRPM4","ENST00000252826","snv_control",63.51,69.09
"F12","ENST00000253496","snv_control",65.8,65.6
"VPS4A","ENST00000254950","snv_control",55.78,53.95
"C3","ENST00000245907","snv_control",56.41,57.29
"MSTO1","ENST00000245564","snv_control",57.15,60
"RAC2","ENST00000249071","snv_control",60.79,64.64
"SLC52A1","ENST00000254853","snv_control",62.51,61.98
"RHOBTB2","ENST00000251822","snv_control",59.48,58.58
"UBA2","ENST00000246548","snv_control",44.25,43.1
"DNASE1","ENST00000246949","snv_control",59.01,55.1
"CHRND","ENST00000258385","snv_control",58.69,56.22
"HCN2","ENST00000251287","snv_control",69.59,77.4
"PMP2","ENST00000256103","snv_control",43.11,43.56
"GDF11","ENST00000257868","snv_control",63.4,56.84
"WNK4","ENST00000246914","snv_control",61.84,62.26
"KLHL24","ENST00000242810","snv_control",42.54,43.03
"CDK4","ENST00000257904","snv_control",54.06,51.05
"MYOT","ENST00000239926","snv_control",43.82,40.36
"LRP1","ENST00000243077","snv_control",60.07,62.83
"TTC21B","ENST00000243344","snv_control",39.74,35.94
"TAF4","ENST00000252996","snv_control",66.88,55.96
"PRPH","ENST00000257860","snv_control",65.68,56.03
"KCNA5","ENST00000252321","snv_control",65.09,65.09
"SEC61A1","ENST00000243253","snv_control",51.22,58.65
"OPN1SW","ENST00000249389","snv_control",53.95,47.06
"HBA2","ENST00000251595","snv_control",64.8,63.13
"MYH2","ENST00000245503","snv_control",50.05,48.77
"ATXN10","ENST00000252934","snv_control",46.29,45.28
"TFG","ENST00000240851","snv_control",46.22,53.12
"TICAM1","ENST00000248244","snv_control",63.86,63.86
"JAG1","ENST00000254958","snv_control",53.95,51.77
"TBX2","ENST00000240328","snv_control",68.96,68.59
"TUBA4A","ENST00000248437","snv_control",56.87,57.63
"ANO3","ENST00000256737","snv_control",41.92,42.49
"HOXD10","ENST00000249501","snv_control",51.91,49.7
"TARDBP","ENST00000240185","snv_control",47.07,48.71
"GHSR","ENST00000241256","snv_control",59.49,50.14
"COPA","ENST00000241704","snv_control",49.09,48.18
"RRM2B","ENST00000251810","snv_control",41.48,34.98
"SLC12A5","ENST00000243964","snv_control",57.62,59.86
"MRAP2","ENST00000257776","snv_control",46.44,48.98
"BACH2","ENST00000257749","snv_control",56.57,54.78
"ELN","ENST00000252034","snv_control",64.32,57.45
"GATA5","ENST00000252997","snv_control",70.35,69.42
"DLL4","ENST00000249749","snv_control",60.79,42.86
"SMARCC1","ENST00000254480","snv_control",48.76,64.86
"NALCN","ENST00000251127","snv_control",45.97,52.87
"TUBG1","ENST00000251413","snv_control",58.04,58.06
"SEPTIN12","ENST00000268231","snv_control",59.7,59.13
"AFF4","ENST00000265343","snv_control",46.25,45.51
"PRKCG","ENST00000263431","snv_control",60.08,66.11
"MARS1","ENST00000262027","snv_control",53.79,48.22
"EVC","ENST00000264956","snv_control",59.08,51.85
"DNAJB11","ENST00000265028","snv_control",46.43,40
"FBN2","ENST00000262464","snv_control",49.59,51.29
"PDE8B","ENST00000264917","snv_control",51.2,43.12
"MCM6","ENST00000264156","snv_control",46.19,39.52
"VCAN","ENST00000265077","snv_control",43.33,41.57
"GRIA2","ENST00000264426","snv_control",43.93,46.62
"FAT2","ENST00000261800","snv_control",52.59,62.61
"HS6ST1","ENST00000259241","snv_control",66.59,65.22
"GABBR2","ENST00000259455","snv_control",55.2,61.11
"MAP2K2","ENST00000262948","snv_control",61.51,59.63
"TRPV4","ENST00000261740","snv_control",59.48,63.94
"RAD51","ENST00000267868","snv_control",47.75,45.4
"PDE6H","ENST00000266395","snv_control",50,47.24
"CTCF","ENST00000264010","snv_control",49.08,54.89
"TIMP3","ENST00000266085","snv_control",58.49,55.65
"GUCY2C","ENST00000261170","snv_control",44.69,45.33
"MIB1","ENST00000261537","snv_control",46.01,42.41
"CHMP2B","ENST00000263780","snv_control",38.79,40.37
"WBP11","ENST00000261167","snv_control",50.26,54.96
"CHD5","ENST00000262450","snv_control",59.32,55.17
"EPAS1","ENST00000263734","snv_control",57.25,62.87
"GNAO1","ENST00000262493","snv_control",52.49,48.74
"HCN4","ENST00000261917","snv_control",65.67,68.8
"TUBB2B","ENST00000259818","snv_control",60.99,62.56
"ARCN1","ENST00000264028","snv_control",44.4,41.43
"TNPO3","ENST00000265388","snv_control",47.33,45.95
"KDR","ENST00000263923","snv_control",47.14,50.18
"WDR37","ENST00000263150","snv_control",53.8,54.95
"WDR11","ENST00000263461","snv_control",45.2,46.15
"HDC","ENST00000267845","snv_control",54,52.2
"TCF3","ENST00000262965","snv_control",67.23,59.59
"MCM2","ENST00000265056","snv_control",59.12,49.07
"GAL","ENST00000265643","snv_control",61.02,56.2
"SEMA3A","ENST00000265362","snv_control",43.83,45.45
"IRF8","ENST00000268638","snv_control",58.24,54.63
"SIX3","ENST00000260653","snv_control",67.97,69.55
"RLBP1","ENST00000268125","snv_control",56.81,55.98
"CLCN2","ENST00000265593","snv_control",59.51,60.82
"SRSF1","ENST00000258962","snv_control",55.15,48.98
"TNFRSF13B","ENST00000261652","snv_control",61.68,66.11
"MCOLN1","ENST00000264079","snv_control",60.47,66.67
"PRPF6","ENST00000266079","snv_control",57.01,60.1
"PDGFRB","ENST00000261799","snv_control",58.27,64.53
"ARFGEF1","ENST00000262215","snv_control",40.27,34.42
"SLC12A2","ENST00000262461","snv_control",46.58,40.86
"THSD1","ENST00000258613","snv_control",53.77,57.1
"LMNB1","ENST00000261366","snv_control",50.71,46.74
"SCN1B","ENST00000262631","snv_control",56.47,57.26
"SPTLC1","ENST00000262554","snv_control",44.59,56.94
"SYT1","ENST00000261205","snv_control",45.55,51.75
"MMP13","ENST00000260302","snv_control",44.77,38.41
"AAGAB","ENST00000261880","snv_control",45.25,48.44
"CBL","ENST00000264033","snv_control",50.97,53.12
"GRIN2D","ENST00000263269","snv_control",70.51,79.54
"POLG","ENST00000268124","snv_control",60.43,50.39
"FOXF1","ENST00000262426","snv_control",68.33,59.72
"VWF","ENST00000261405","snv_control",58.48,54.81
"CUL3","ENST00000264414","snv_control",39.45,39.56
"RB1","ENST00000267163","snv_control",39,39.52
"TRPA1","ENST00000262209","snv_control",40.45,38.7
"SLC1A3","ENST00000265113","snv_control",48.68,49.8
"KLF1","ENST00000264834","snv_control",70.25,64.6
"ITGA2B","ENST00000262407","snv_control",61.44,60.91
"PITPNM3","ENST00000262483","snv_control",62.77,67.98
"DHTKD1","ENST00000263035","snv_control",52.39,55.92
"KMT2C","ENST00000262189","snv_control",45.97,45.45
"POLR1A","ENST00000263857","snv_control",53.67,56.95
"KIF11","ENST00000260731","snv_control",38.19,41.76
"AARS1","ENST00000261772","snv_control",53.22,59.32
"CDH11","ENST00000268603","snv_control",50.82,48.81
"SREBF1","ENST00000261646","snv_control",65.24,72.86
"C9","ENST00000263408","snv_control",41.19,37.65
"CUX2","ENST00000261726","snv_control",63.37,61.62
"SMAD2","ENST00000262160","snv_control",44.52,45.4
"STAT3","ENST00000264657","snv_control",51.19,53.77
"CSRP3","ENST00000265968","snv_control",52.99,42.52
"SETD1A","ENST00000262519","snv_control",62.65,54.91
"SDHA","ENST00000264932","snv_control",55.69,55.47
"NOVA2","ENST00000263257","snv_control",68.56,70.87
"HAL","ENST00000261208","snv_control",51.93,48.17
"DNAJB6","ENST00000262177","snv_control",50.05,59.4
"ABCB6","ENST00000265316","snv_control",58.28,57.23
"ANLN","ENST00000265748","snv_control",42.13,45.98
"PIKFYVE","ENST00000264380","snv_control",44.62,44.58
"EPCAM","ENST00000263735","snv_control",43.28,41.3
"TUBA3D","ENST00000321253","snv_control",57.87,59.37
"FLNB","ENST00000295956","snv_control",55.82,57.14
"GPD1L","ENST00000282541","snv_control",50.19,44.22
"FIGLA","ENST00000332372","snv_control",55.45,45.45
"TUBA8","ENST00000330423","snv_control",56.22,56.4
"MST1R","ENST00000296474","snv_control",59.81,60.46
"LBR","ENST00000272163","snv_control",44.1,45.02
"FBLN1","ENST00000327858","snv_control",59.75,56.84
"KAT5","ENST00000341318","snv_control",57.59,55.14
"ANTXR1","ENST00000303714","snv_control",52.86,65.59
"KCNH5","ENST00000322893","snv_control",46.11,48.8
"NEUROD1","ENST00000295108","snv_control",56.58,56.58
"INSR","ENST00000302850","snv_control",55.6,56.79
"LMBRD2","ENST00000296603","snv_control",38.36,38.74
"TUBB6","ENST00000317702","snv_control",61.89,62.39
"IKZF1","ENST00000331340","snv_control",57.82,63.03
"TRAF7","ENST00000326181","snv_control",60.26,56.92
"CDKN2A","ENST00000304494","snv_control",71.97,59.38
"CUX1","ENST00000292535","snv_control",60.09,73.72
"SRRM2","ENST00000301740","snv_control",55.61,63.33
"UBAP1","ENST00000297661","snv_control",47.91,43.46
"JARID2","ENST00000341776","snv_control",56.05,51.5
"LMNB2","ENST00000325327","snv_control",66.4,57.61
"REN","ENST00000272190","snv_control",54.38,56.13
"GABRA5","ENST00000335625","snv_control",50.97,44.86
"PEX6","ENST00000304611","snv_control",62.32,60.43
"DPYSL5","ENST00000288699","snv_control",57.4,58.82
"SF3B2","ENST00000322535","snv_control",56.1,50
"NEFH","ENST00000310624","snv_control",59.78,53.39
"SLC6A1","ENST00000287766","snv_control",56.56,60
"KCNMA1","ENST00000286628","snv_control",50.44,57.67
"RAD21","ENST00000297338","snv_control",43.2,42.15
"COL6A3","ENST00000295550","snv_control",54.38,46.15
"DHX37","ENST00000308736","snv_control",61.14,57.35
"KLHL7","ENST00000339077","snv_control",42.42,41.02
"PKP2","ENST00000340811","snv_control",53.34,47.06
"CAPRIN1","ENST00000341394","snv_control",49.01,58.26
"CLTC","ENST00000269122","snv_control",42.24,52
"COL12A1","ENST00000322507","snv_control",46.63,52.46
"PDE11A","ENST00000286063","snv_control",48.47,49.03
"PNKD","ENST00000273077","snv_control",62.44,65.62
"HESX1","ENST00000295934","snv_control",42.29,36.24
"CD164","ENST00000310786","snv_control",49.66,41.94
"TNNI3K","ENST00000326637","snv_control",43.34,41.73
"WNK1","ENST00000315939","snv_control",50.19,55.98
"HPD","ENST00000289004","snv_control",54.57,58.39
"DNAAF4","ENST00000321149","snv_control",38.64,36.88
"SLC2A2","ENST00000314251","snv_control",44.38,43.43
"PRKD1","ENST00000331968","snv_control",48.7,52.42
"PCSK9","ENST00000302118","snv_control",65.56,66.54
"EDN3","ENST00000337938","snv_control",60.95,54.19
"TUBB2A","ENST00000333628","snv_control",61.51,62.56
"PRDX3","ENST00000298510","snv_control",47.99,48.08
"ADGRE2","ENST00000315576","snv_control",56.35,54.24
"CTNNA1","ENST00000302763","snv_control",49.87,52.66
"OVOL2","ENST00000278780","snv_control",61.96,56.68
"PHIP","ENST00000275034","snv_control",41.73,39.97
"PACS1","ENST00000320580","snv_control",57.33,57.83
"NLRP3","ENST00000336119","snv_control",52.53,44.67
"TMC1","ENST00000297784","snv_control",44.2,50.68
"CRYBA2","ENST00000295728","snv_control",63.3,62.12
"HEPACAM","ENST00000298251","snv_control",61.23,73.65
"FBLN5","ENST00000342058","snv_control",53.01,51.89
"ABL1","ENST00000318560","snv_control",59.03,63.06
"MYRF","ENST00000278836","snv_control",63.25,58.78
"KRT83","ENST00000293670","snv_control",62.15,65.13
"HSPA9","ENST00000297185","snv_control",46.32,46.09
"PLIN1","ENST00000300055","snv_control",65.58,72.44
"LIPC","ENST00000299022","snv_control",52.4,40.74
"HNRNPA1","ENST00000340913","snv_control",49.06,52.83
"CHD3","ENST00000330494","snv_control",55.11,61.05
"OSMR","ENST00000274276","snv_control",43.74,46.07
"RPSA","ENST00000301821","snv_control",52.59,55.86
"TMEM43","ENST00000306077","snv_control",55.53,59.29
"CDH2","ENST00000269141","snv_control",46.42,52.14
"SMAD3","ENST00000327367","snv_control",58.29,57.47
"STOX1","ENST00000298596","snv_control",47.41,40.91
"KIT","ENST00000288135","snv_control",44.93,50.28
"P4HB","ENST00000331483","snv_control",56.25,51.15
"ATP6V1A","ENST00000273398","snv_control",45.2,42.66
"EZH2","ENST00000320356","snv_control",44.15,46.85
"IHH","ENST00000295731","snv_control",65.78,66.15
"HSPB8","ENST00000281938","snv_control",58.54,49.52
"TLR3","ENST00000296795","snv_control",39.82,35.84
"UCP3","ENST00000314032","snv_control",58.79,50.3
"HMCN1","ENST00000271588","snv_control",45.2,47.96
"TUBA1A","ENST00000301071","snv_control",53.32,52.57
"HNRNPDL","ENST00000295470","snv_control",50.36,46.28
"SCN4B","ENST00000324727","snv_control",55.02,50.69
"SCN3A","ENST00000283254","snv_control",42.83,43.26
"MAPRE2","ENST00000300249","snv_control",46.54,56
"FOXJ1","ENST00000322957","snv_control",69.27,67.73
"DSC2","ENST00000280904","snv_control",43.02,43.15
"NTRK2","ENST00000277120","snv_control",50.06,55.93
"NEUROD2","ENST00000302584","snv_control",67.71,67.71
"PIEZO1","ENST00000301015","snv_control",63.89,59
"KRT17","ENST00000311208","snv_control",61.35,61.38
"PLCD1","ENST00000334661","snv_control",59.49,52.94
"JPH1","ENST00000342232","snv_control",57.75,41.22
"IL17RD","ENST00000296318","snv_control",54.32,57.06
"AFG3L2","ENST00000269143","snv_control",47.83,44.98
"PROK2","ENST00000295619","snv_control",52.82,43.87
"TBK1","ENST00000331710","snv_control",37.44,42.16
"GH1","ENST00000323322","snv_control",56.12,55.24
"EIF4A2","ENST00000323963","snv_control",42.97,39.49
"NR4A2","ENST00000339562","snv_control",55.43,47.56
"KLHL10","ENST00000293303","snv_control",47.35,47.53
"YAP1","ENST00000282441","snv_control",55.84,47.4
"PIGT","ENST00000279036","snv_control",58.78,61.06
"YEATS2","ENST00000305135","snv_control",49.19,42.77
"DUSP6","ENST00000279488","snv_control",56.72,49.16
"CASP10","ENST00000286186","snv_control",47.29,43.63
"NAF1","ENST00000274054","snv_control",47.34,46.61
"ERBB4","ENST00000342788","snv_control",46.98,48.99
"VPS35","ENST00000299138","snv_control",41.7,38.7
"MAP1B","ENST00000296755","snv_control",48.41,48.06
"KRT16","ENST00000301653","snv_control",61.25,60.69
"BUB1B","ENST00000287598","snv_control",43.39,43.9
"CAV1","ENST00000341049","snv_control",50.09,47.96
"A2ML1","ENST00000299698","snv_control",49.71,42.86
"KRT10","ENST00000269576","snv_control",55.33,52.63
"SAMD9L","ENST00000318238","snv_control",37.69,37.69
"NLRP12","ENST00000324134","snv_control",58.22,50
"PRDM16","ENST00000270722","snv_control",62.59,52.97
"CRYAA","ENST00000291554","snv_control",62.45,64.23
"MAP2K1","ENST00000307102","snv_control",52.79,48.17
"AUTS2","ENST00000342771","snv_control",61.38,65.36
"LRRK2","ENST00000298910","snv_control",40.22,36.63
"WDFY3","ENST00000295888","snv_control",45.65,44.83
"GABRB3","ENST00000311550","snv_control",49.72,45.92
"POLE","ENST00000320574","snv_control",56.13,57.93
"CPA6","ENST00000297770","snv_control",42.85,43.28
"GLUD1","ENST00000277865","snv_control",52.12,46.47
"ROM1","ENST00000278833","snv_control",63.54,59.48
"SNRNP200","ENST00000323853","snv_control",52.49,50
"CAMTA1","ENST00000303635","snv_control",57.13,51.81
"MARCHF6","ENST00000274140","snv_control",45.74,44.68
"UNC119","ENST00000335765","snv_control",60.86,55.21
"KDM3B","ENST00000314358","snv_control",51.87,44.27
"DDB1","ENST00000301764","snv_control",51.91,54.48
"FTL","ENST00000331825","snv_control",56.63,56.65
"RANBP2","ENST00000283195","snv_control",40.11,36.52
"NODAL","ENST00000287139","snv_control",59.48,51.72
"RP9","ENST00000297157","snv_control",49.55,38.15
"GRM1","ENST00000282753","snv_control",54.92,62.05
"ZNF408","ENST00000311764","snv_control",62.78,62.52
"VAMP2","ENST00000316509","snv_control",57.83,40.3
"KRAS","ENST00000311936","snv_control",37.57,31.74
"CNOT1","ENST00000317147","snv_control",45.17,48.84
"USP48","ENST00000308271","snv_control",42.6,39.73
"MAF","ENST00000326043","snv_control",68.98,52.08
"RABL3","ENST00000273375","snv_control",43.74,37.07
"ZNF644","ENST00000337393","snv_control",38,45.27
"CACNB2","ENST00000324631","snv_control",50.13,54.5
"PPP2R1A","ENST00000322088","snv_control",59.04,55.22
"STAT6","ENST00000300134","snv_control",57.9,60
"ACTC1","ENST00000290378","snv_control",54.14,50
"COPB2","ENST00000333188","snv_control",43.77,36.99
"ALB","ENST00000295897","snv_control",42.95,47.37
"NEXN","ENST00000334785","snv_control",37.67,40.57
"PRKAG2","ENST00000287878","snv_control",50.35,48.78
"PDE4D","ENST00000340635","snv_control",50.99,49.89
"BFSP2","ENST00000302334","snv_control",58.49,66.67
"INSL3","ENST00000317306","snv_control",67.42,65.23
"ANKH","ENST00000284268","snv_control",54.23,52.44
"SCAF4","ENST00000286835","snv_control",49.94,56.46
"GATA6","ENST00000269216","snv_control",68.96,61.01
"KCNN3","ENST00000271915","snv_control",58.06,57.93
"ESR2","ENST00000341099","snv_control",53.42,56.54
"FZD5","ENST00000295417","snv_control",67.58,67.58
"CDH15","ENST00000289746","snv_control",66.13,64.53
"NF2","ENST00000338641","snv_control",50.95,52.48
"RPL15","ENST00000307839","snv_control",53.98,51.97
"UCHL1","ENST00000284440","snv_control",52.68,58.39
"DDX41","ENST00000330503","snv_control",58.11,60.96
"AP1G1","ENST00000299980","snv_control",44.07,46.71
"NCSTN","ENST00000294785","snv_control",51.27,52.02
"TSC1","ENST00000298552","snv_control",50.67,54.39
"AXIN2","ENST00000307078","snv_control",58.53,49.15
"ACOX1","ENST00000293217","snv_control",49.52,46.94
"DVL3","ENST00000313143","snv_control",61.41,70.64
"CFHR1","ENST00000320493","snv_control",40.99,39.53
"FGF8","ENST00000320185","snv_control",63.95,63.34
"BPTF","ENST00000306378","snv_control",45.65,37.93
"SPECC1L","ENST00000314328","snv_control",46.9,49.29
"SLC1A2","ENST00000278379","snv_control",50.61,44.26
"SEC23A","ENST00000307712","snv_control",43.26,42.14
"ADIPOQ","ENST00000320741","snv_control",53.61,50.61
"WASHC5","ENST00000318410","snv_control",42.53,44.86
"ATP6V1B2","ENST00000276390","snv_control",48.05,46.32
"HSPB3","ENST00000302005","snv_control",49.89,49.89
"ZNF687","ENST00000336715","snv_control",60.77,64.22
"EGFR","ENST00000275493","snv_control",53.95,55.1
"MMP19","ENST00000322569","snv_control",55.8,52.44
"OTULIN","ENST00000284274","snv_control",51.75,53.47
"ZNF462","ENST00000277225","snv_control",50.3,46.12
"GABRB1","ENST00000295454","snv_control",48.07,55.19
"GNB2","ENST00000303210","snv_control",60.9,61.78
"TERT","ENST00000310581","snv_control",66.08,64.94
"CYP2A6","ENST00000301141","snv_control",56.63,53.45
"MTMR14","ENST00000296003","snv_control",56.27,61.11
"HCN1","ENST00000303230","snv_control",51.66,57.98
"KCNE2","ENST00000290310","snv_control",46.24,46.24
"STAT5B","ENST00000293328","snv_control",55.08,59.89
"SIK1","ENST00000270162","snv_control",63.9,72.3
"GRIA1","ENST00000285900","snv_control",50.57,55.38
"ALG10B","ENST00000308742","snv_control",38.82,34.72
"ELOVL5","ENST00000304434","snv_control",46.44,48.45
"ROBO4","ENST00000306534","snv_control",63.03,52.05
"SOD1","ENST00000270142","snv_control",49.46,47.47
"TMEM151A","ENST00000327259","snv_control",71.93,71.85
"SLC17A8","ENST00000323346","snv_control",46.5,47.85
"TM4SF20","ENST00000304568","snv_control",43.62,42.48
"APPL1","ENST00000288266","snv_control",41.41,41.62
"SET","ENST00000322030","snv_control",41.61,44.59
"ATP5F1A","ENST00000398752","snv_control",47.77,43.18
"PPP1CB","ENST00000395366","snv_control",41.77,42.58
"MME","ENST00000360490","snv_control",41.32,43.33
"MEF2C","ENST00000504921","snv_control",50.49,53.76
"SMARCA4","ENST00000344626","snv_control",61.29,57.83
"CHCHD2","ENST00000395422","snv_control",61.84,50.82
"KCTD17","ENST00000403888","snv_control",64.44,65.83
"MYLK2","ENST00000375985","snv_control",57.12,51.15
"CHCHD10","ENST00000484558","snv_control",72.49,60
"DNM1","ENST00000372923","snv_control",59.38,73.87
"LIM2","ENST00000596399","snv_control",59.58,59.82
"MINPP1","ENST00000371996","snv_control",50.96,40.27
"PROM1","ENST00000447510","snv_control",42.92,34.85
"NLRP1","ENST00000572272","snv_control",55.72,57.03
"SMC3","ENST00000361804","snv_control",39,37.7
"MAP3K1","ENST00000399503","snv_control",48.58,43.5
"ACTN1","ENST00000394419","snv_control",57.38,60.77
"PBX1","ENST00000420696","snv_control",53.67,54.55
"ANXA11","ENST00000422982","snv_control",59.29,50
"LDLR","ENST00000558518","snv_control",58.46,56.98
"NR3C1","ENST00000394464","snv_control",44.04,34.48
"CLCN6","ENST00000346436","snv_control",54.67,59.54
"YARS1","ENST00000373477","snv_control",50.09,47.83
"MPEG1","ENST00000361050","snv_control",52.63,52.63
"GJB3","ENST00000373366","snv_control",60.76,60.76
"POLD1","ENST00000440232","snv_control",64.95,66.03
"COMT","ENST00000361682","snv_control",61.76,61.35
"MTOR","ENST00000361445","snv_control",53.14,46.97
"STAG1","ENST00000383202","snv_control",41.67,41.89
"KCNC3","ENST00000477616","snv_control",69,64.94
"HSPD1","ENST00000388968","snv_control",42.22,45.32
"TNFRSF11A","ENST00000586569","snv_control",58.78,69.46
"IFNGR1","ENST00000367739","snv_control",40.88,40.67
"MFAP5","ENST00000359478","snv_control",48.28,50.92
"TUBB8","ENST00000568584","snv_control",57.75,56.86
"FOXN1","ENST00000579795","snv_control",62.76,63.51
"RPL5","ENST00000370321","snv_control",44.18,48
"CEP85L","ENST00000368491","snv_control",42.02,43.46
"CAMK2B","ENST00000395749","snv_control",60.47,63.25
"ATR","ENST00000350721","snv_control",39.99,42.41
"RIT1","ENST00000368323","snv_control",47.27,44.84
"FGF14","ENST00000376143","snv_control",50.13,46.52
"PRKG1","ENST00000373980","snv_control",45.61,43.62
"F5","ENST00000367797","snv_control",45.3,40.61
"GABRA2","ENST00000381620","snv_control",40.12,41.21
"SCN4A","ENST00000435607","snv_control",57.54,59.47
"VCP","ENST00000358901","snv_control",50.85,56.41
"BMPR2","ENST00000374580","snv_control",45.43,46.51
"GNAI3","ENST00000369851","snv_control",42.35,37.34
"NPPA","ENST00000376480","snv_control",58.99,58.93
"KCNJ6","ENST00000609713","snv_control",49.84,50.8
"PACS2","ENST00000447393","snv_control",62.54,61.54
"GATM","ENST00000396659","snv_control",48.19,47.24
"SHOC2","ENST00000369452","snv_control",40.71,47.1
"PRPF4","ENST00000374198","snv_control",49.36,51.64
"CACNB4","ENST00000539935","snv_control",47.92,48.55
"SH3BP2","ENST00000503393","snv_control",62.34,56.91
"DPF2","ENST00000528416","snv_control",55.27,52.76
"ERCC6","ENST00000355832","snv_control",47.1,48.72
"ATAD3A","ENST00000378756","snv_control",64,68.02
"KIF5A","ENST00000455537","snv_control",53.76,51.94
"ATP6V0A1","ENST00000343619","snv_control",46.98,50.69
"IMPG1","ENST00000369950","snv_control",45.45,28.12
"DPP6","ENST00000377770","snv_control",53.31,46.7
"C9orf72","ENST00000380003","snv_control",40.73,37.97
"RILPL1","ENST00000376874","snv_control",61.72,58.46
"FOXP2","ENST00000350908","snv_control",47.72,46.15
"SLC6A5","ENST00000525748","snv_control",53.88,51.46
"TIE1","ENST00000372476","snv_control",61.69,55.74
"KCNT1","ENST00000371757","snv_control",62.62,63.74
"CACNA1E","ENST00000367573","snv_control",54.68,62.39
"COL4A1","ENST00000375820","snv_control",60.14,55.3
"ZMYM2","ENST00000610343","snv_control",39.7,37.04
"CDK19","ENST00000368911","snv_control",48.44,56.59
"SEC63","ENST00000369002","snv_control",40.91,44.85
"RAX2","ENST00000555633","snv_control",71.71,73.26
"TBX18","ENST00000369663","snv_control",56.85,54.06
"EFTUD2","ENST00000426333","snv_control",51.8,50
"ATXN1","ENST00000436367","snv_control",62.3,55.42
"CFHR3","ENST00000367425","snv_control",37.46,33.6
"CELA2A","ENST00000359621","snv_control",60,47.06
"FN1","ENST00000354785","snv_control",51.52,42.62
"NRAS","ENST00000369535","snv_control",44.39,44.71
"PTPN11","ENST00000351677","snv_control",45.34,50.83
"SLC4A3","ENST00000358055","snv_control",62.45,57.03
"PLAU","ENST00000372764","snv_control",53.86,57.27
"CARD11","ENST00000396946","snv_control",58.79,61.57
"DDR2","ENST00000367921","snv_control",50.23,49.19
"BICC1","ENST00000373886","snv_control",47.59,47.51
"TGFBR1","ENST00000374994","snv_control",44.78,41.48
"KCNQ3","ENST00000388996","snv_control",56.28,55.67
"NFIB","ENST00000380953","snv_control",48.35,52.94
"SPTAN1","ENST00000372739","snv_control",53.19,60.8
"NLRC4","ENST00000402280","snv_control",45.24,38.19
"CACNA1H","ENST00000348261","snv_control",65.41,70.11
"GABRA1","ENST00000393943","snv_control",44.78,45.03
"TMEM106B","ENST00000396668","snv_control",38.18,39.68
"MYPN","ENST00000358913","snv_control",50.21,51.36
"PTDSS1","ENST00000517309","snv_control",48.03,49.38
"BMPR1B","ENST00000515059","snv_control",44.86,49.43
"KCNQ5","ENST00000370398","snv_control",50.95,49.75
"FLI1","ENST00000527786","snv_control",55.56,56.38
"TNNT1","ENST00000588981","snv_control",59.98,59.38
"RNF170","ENST00000527424","snv_control",41.83,37.19
"PNPT1","ENST00000447944","snv_control",40.82,42.72
"POLRMT","ENST00000588649","snv_control",66.23,62
"FGFR2","ENST00000358487","snv_control",51.05,44.19
"SLC39A14","ENST00000381237","snv_control",54.97,46.19
"PDX1","ENST00000381033","snv_control",70.77,67.74
"SEPTIN9","ENST00000427177","snv_control",61.5,58.06
"TRIO","ENST00000344204","snv_control",54.4,54.47
"CDON","ENST00000531738","snv_control",48.04,51.87
"LMNA","ENST00000368300","snv_control",63.26,61.04
"RERE","ENST00000400908","snv_control",60.99,46.43
"CD96","ENST00000352690","snv_control",42.75,44.03
"PRODH","ENST00000357068","snv_control",62.84,63.45
"TFAP2A","ENST00000379613","snv_control",58.26,56.64
"CACNA1S","ENST00000362061","snv_control",55.73,59.6
"COL5A2","ENST00000374866","snv_control",55.91,45.18
"PTPN1","ENST00000371621","snv_control",50.69,56.76
"GABRD","ENST00000378585","snv_control",63.28,65.43
"PLD3","ENST00000409735","snv_control",61.51,61.76
"CFAP43","ENST00000357060","snv_control",40.7,34.56
"DES","ENST00000373960","snv_control",61.78,53.26
"PLCG2","ENST00000564138","snv_control",52.47,43.01
"KCNQ4","ENST00000347132","snv_control",64.61,61.98
"PUM1","ENST00000426105","snv_control",51.75,52.75
"ANK2","ENST00000357077","snv_control",47.43,41.54
"RAC1","ENST00000348035","snv_control",48.01,55.25
"IRF3","ENST00000377139","snv_control",62.07,61.44
"TMEM63A","ENST00000366835","snv_control",55.2,62.95
"AKAP9","ENST00000356239","snv_control",37.97,43.18
"EMILIN1","ENST00000380320","snv_control",67.13,65.72
"TBL1XR1","ENST00000457928","snv_control",42.39,46.75
"LAMB3","ENST00000356082","snv_control",60.93,58.82
"KMT2A","ENST00000534358","snv_control",48.12,48.16
"DHX30","ENST00000445061","snv_control",59.58,67.76
"FGFR1","ENST00000447712","snv_control",57.11,64.32
"PLCB4","ENST00000378473","snv_control",42.39,47.48
"UBIAD1","ENST00000376810","snv_control",57.62,56.13
"RRAGD","ENST00000369415","snv_control",45.22,43.56
"GPD2","ENST00000438166","snv_control",44.96,40.91
"VPS16","ENST00000380445","snv_control",57.34,59.49
"ATL1","ENST00000358385","snv_control",43.11,43.48
"DSTYK","ENST00000367162","snv_control",53.05,53.36
"PMVK","ENST00000368467","snv_control",59.07,56.15
"RPS24","ENST00000372360","snv_control",43.77,49.06
"CD46","ENST00000367042","snv_control",42.42,39.22
"BRPF1","ENST00000383829","snv_control",57.44,57.26
"RYR2","ENST00000366574","snv_control",46.22,37.67
"VIM","ENST00000544301","snv_control",56.53,39.13
"SLC39A5","ENST00000454355","snv_control",63.52,65.46
"TET3","ENST00000409262","snv_control",61.84,63.41
"ADCY5","ENST00000462833","snv_control",62.63,61.45
"BFSP1","ENST00000377873","snv_control",56.01,50.5
"CSNK2B","ENST00000375882","snv_control",52.47,58.16
"XPR1","ENST00000367590","snv_control",45.48,49.55
"MYBPC1","ENST00000361466","snv_control",45.93,45.95
"MED13","ENST00000397786","snv_control",42.39,43.17
"IVNS1ABP","ENST00000367498","snv_control",42.15,42.76
"TRRAP","ENST00000456197","snv_control",53.05,60.3
"CDC42BPB","ENST00000361246","snv_control",54.15,59.89
"SPTBN1","ENST00000356805","snv_control",53.59,52.79
"TEAD1","ENST00000527636","snv_control",48.32,37.2
"JAK2","ENST00000381652","snv_control",38.75,40.51
"EPS8L3","ENST00000361965","snv_control",59.32,61.29
"KCNK4","ENST00000422670","snv_control",66.5,74.01
"SON","ENST00000356577","snv_control",48.26,39.09
"RAD54L","ENST00000371975","snv_control",52.76,59
"GJA5","ENST00000579774","snv_control",56.27,56.27
"JUP","ENST00000393931","snv_control",62.24,60.4
"RNASEL","ENST00000367559","snv_control",47.44,43.88
"ELP1","ENST00000374647","snv_control",46.16,44.07
"ADH1C","ENST00000515683","snv_control",48.14,41.33
"PAX8","ENST00000429538","snv_control",61.05,57.48
"KCNC2","ENST00000549446","snv_control",53.94,49.2
"STT3A","ENST00000392708","snv_control",47.03,44.94
"DICER1","ENST00000343455","snv_control",42.71,48.15
"HTT","ENST00000355072","snv_control",52.56,58.71
"CTNND1","ENST00000399050","snv_control",50.95,48.39
"DNA2","ENST00000358410","snv_control",39.74,34.45
"SFTPA1","ENST00000398636","snv_control",57.56,54.33
"SPOP","ENST00000504102","snv_control",47.91,52.82
"PPP3CA","ENST00000394854","snv_control",44.57,48.99
"CITED2","ENST00000367651","snv_control",63.84,63.84
"ACTN2","ENST00000366578","snv_control",53.82,62.2
"CDC73","ENST00000367435","snv_control",43.98,41.38
"ITGB3","ENST00000559488","snv_control",54.71,47.41
"PTH1R","ENST00000449590","snv_control",60.61,61.78
"COL11A1","ENST00000370096","snv_control",52.02,35.53
"PAX3","ENST00000392070","snv_control",57.39,45.88
"CACNA1D","ENST00000350061","snv_control",49.12,56.4
"MYH7","ENST00000355349","snv_control",57.37,57.35
"PPP1R12A","ENST00000450142","snv_control",42,37.96
"LDB3","ENST00000361373","snv_control",62.55,55
"LMX1B","ENST00000373474","snv_control",63.69,61.54
"PSTPIP1","ENST00000558012","snv_control",60.43,61.54
"REEP2","ENST00000378339","snv_control",57.65,57.14
"EXT2","ENST00000533608","snv_control",49.79,50.26
"ELMOD3","ENST00000409013","snv_control",54.01,56.52
"SYCP2","ENST00000357552","snv_control",34.68,39.06
"HMMR","ENST00000393915","snv_control",36.69,37.86
"COCH","ENST00000396618","snv_control",45.92,45.13
"GFAP","ENST00000588735","snv_control",61.66,52.17
"ANO1","ENST00000355303","snv_control",56.26,61.2
"CACNA1I","ENST00000402142","snv_control",63.35,77.55
"CAPN3","ENST00000397163","snv_control",52.64,48.05
"EDN1","ENST00000379375","snv_control",48.83,46.79
"TBXT","ENST00000366876","snv_control",60.34,67.9
"P4HA2","ENST00000360568","snv_control",53.06,51.24
"FAM111B","ENST00000343597","snv_control",36.92,36.98
"IKBKB","ENST00000520810","snv_control",54.21,52.59
"PALLD","ENST00000505667","snv_control",49.76,45.31
"ATP2A2","ENST00000539276","snv_control",48.61,52.5
"POFUT1","ENST00000375749","snv_control",58.35,58.16
"CTNNB1","ENST00000349496","snv_control",48,54.83
"ALDH18A1","ENST00000371224","snv_control",51.09,50
"POLG2","ENST00000539111","snv_control",46.98,32.87
"PSAP","ENST00000394936","snv_control",55.24,56.98
"UNC45B","ENST00000394570","snv_control",56.27,53.7
"MEIS2","ENST00000561208","snv_control",53.42,53.12
"APOL1","ENST00000397278","snv_control",51.46,51.45
"COL9A2","ENST00000372748","snv_control",68.26,68.8
"TPM1","ENST00000403994","snv_control",50.99,48.15
"PSENEN","ENST00000587708","snv_control",55.88,58.95
"CNBP","ENST00000422453","snv_control",51.69,48.81
"CASQ1","ENST00000368078","snv_control",51.22,52.2
"LMBR1","ENST00000353442","snv_control",42.09,44.12
"PTPN22","ENST00000359785","snv_control",39.77,39.13
"LYN","ENST00000519728","snv_control",46.65,50.2
"NFIA","ENST00000403491","snv_control",51.05,48.53
"QRICH1","ENST00000395443","snv_control",53.67,51.44
"SKI","ENST00000378536","snv_control",68.18,73.64
"H4C11","ENST00000355057","snv_control",64.1,64.1
"SMARCE1","ENST00000348513","snv_control",48.54,49.81
"PAX9","ENST00000361487","snv_control",63.55,57.05
"TRPV3","ENST00000576742","snv_control",55.46,47.59
"GARS1","ENST00000389266","snv_control",47.48,50.57
"LGR4","ENST00000379214","snv_control",44.47,42.28
"SUFU","ENST00000369902","snv_control",57.25,45.71
"DNAJC5","ENST00000360864","snv_control",57.96,62.99
"MAP3K7","ENST00000369329","snv_control",45.3,38.1
"KDM1A","ENST00000400181","snv_control",50.78,57.63
"GUCA1A","ENST00000372958","snv_control",56.44,59.24
"TRAF3","ENST00000392745","snv_control",51.85,54.02
"GABRB2","ENST00000393959","snv_control",46.33,47.99
"NF1","ENST00000358273","snv_control",42.95,49.22
"SAMD9","ENST00000379958","snv_control",36.5,36.5
"RBM12","ENST00000374114","snv_control",47.62,47.62
"CHRNA4","ENST00000370263","snv_control",64.01,59.09
"KMT2B","ENST00000420124","snv_control",63.67,57.06
"NSD2","ENST00000508803","snv_control",52.49,61.8
"FOXE1","ENST00000375123","snv_control",73.71,73.71
"GRHL3","ENST00000361548","snv_control",54.67,46.06
"CTNNA3","ENST00000433211","snv_control",44.49,45.27
"STEAP3","ENST00000393110","snv_control",62.66,62.05
"MYOCD","ENST00000425538","snv_control",52.38,50.64
"MRAS","ENST00000423968","snv_control",52.63,48.67
"ABCC11","ENST00000356608","snv_control",52.35,53.15
"CEACAM16","ENST00000587331","snv_control",63.93,62.3
"MAPK8IP3","ENST00000610761","snv_control",63.03,63.95
"CDK8","ENST00000381527","snv_control",43.73,53.41
"MYOF","ENST00000359263","snv_control",47.59,44.94
"PER3","ENST00000377532","snv_control",51.25,44.78
"RORB","ENST00000376896","snv_control",47.17,44.66
"HNRNPK","ENST00000376263","snv_control",47.17,42.86
"NEDD4L","ENST00000400345","snv_control",47.98,44.44
"DIAPH3","ENST00000400324","snv_control",41.82,42.17
"GANAB","ENST00000356638","snv_control",55.1,53.12
"PERP","ENST00000421351","snv_control",58.76,52.35
"BEST1","ENST00000378043","snv_control",54.84,43.48
"POLR3F","ENST00000377603","snv_control",42.27,49.22
"ADCY10","ENST00000367851","snv_control",43.89,40.09
"LRP4","ENST00000378623","snv_control",56.87,55.09
"ETV6","ENST00000396373","snv_control",53.2,44.23
"CCDC50","ENST00000392455","snv_control",47.69,38.57
"XRCC3","ENST00000555055","snv_control",63.21,67.78
"KIF2A","ENST00000407818","snv_control",40.18,43.38
"POU4F1","ENST00000377208","snv_control",72.06,73.04
"TIMELESS","ENST00000553532","snv_control",53.35,49.59
"MAT1A","ENST00000372213","snv_control",57.15,52.29
"CHN1","ENST00000409900","snv_control",44.13,45.95
"HTRA1","ENST00000368984","snv_control",60.15,46.58
"SOS1","ENST00000402219","snv_control",40.28,50.18
"EFHC1","ENST00000371068","snv_control",44.1,40.16
"PPP2R5D","ENST00000485511","snv_control",53.79,56.38
"CHRNA1","ENST00000348749","snv_control",51.38,48.9
"POU6F2","ENST00000518318","snv_control",57.1,52.79
"COL9A1","ENST00000357250","snv_control",56.22,63.4
"HMGA2","ENST00000403681","snv_control",57.88,50
"AVP","ENST00000380293","snv_control",72.73,76.68
"HARS1","ENST00000504156","snv_control",53.27,53.28
"FAR1","ENST00000354817","snv_control",40.44,39.44
"EYA4","ENST00000355286","snv_control",45.21,45.04
"MATN3","ENST00000407540","snv_control",54.62,35.85
"HK1","ENST00000359426","snv_control",53.34,56.92
"SLC30A2","ENST00000374276","snv_control",58,59.69
"RBPJ","ENST00000355476","snv_control",43.72,49.45
"CST3","ENST00000376925","snv_control",64.63,52.99
"ELOVL1","ENST00000372458","snv_control",51.67,48.9
"SLC26A8","ENST00000490799","snv_control",45.66,50.92
"ZIC2","ENST00000376335","snv_control",69.67,75.85
"FGF12","ENST00000445105","snv_control",44.87,40.24
"MET","ENST00000397752","snv_control",43.59,47.57
"VEZF1","ENST00000581208","snv_control",49.74,48.33
"DLX3","ENST00000434704","snv_control",62.96,64.32
"TOR1A","ENST00000351698","snv_control",49.95,42.52
"DYNC1H1","ENST00000360184","snv_control",51.33,54.19
"SCN10A","ENST00000449082","snv_control",50.71,50.4
"SYT2","ENST00000367268","snv_control",54.37,57.98
"HOXD13","ENST00000392539","snv_control",63.47,48.17
"RNF213","ENST00000582970","snv_control",53.42,48.04
"TBX3","ENST00000349155","snv_control",61.97,69.53
"DZIP1","ENST00000376829","snv_control",46.85,43.08
"SYNE2","ENST00000555002","snv_control",42.67,62.02
"DCC","ENST00000442544","snv_control",48.96,46.43
"EFEMP1","ENST00000355426","snv_control",47.5,41.98
"CTRC","ENST00000375949","snv_control",60.84,55.38
"DNMT1","ENST00000359526","snv_control",55.87,48.24
"KBTBD13","ENST00000432196","snv_control",70.44,70.44
"TFAP2B","ENST00000393655","snv_control",58.35,57.55
"VSX1","ENST00000376709","snv_control",65.76,58.53
"CACNA1A","ENST00000360228","snv_control",59.65,75.6
"RBM20","ENST00000369519","snv_control",56.73,57.76
"DDX6","ENST00000534980","snv_control",43.53,43.81
"THRA","ENST00000450525","snv_control",56.69,58.14
"PDE10A","ENST00000539869","snv_control",54.48,54.25
"NSMF","ENST00000371475","snv_control",61.96,56.08
"ENAM","ENST00000396073","snv_control",44.85,44.17
"OPTN","ENST00000378747","snv_control",47.23,50.58
"IRF2BP2","ENST00000366609","snv_control",67.57,58.09
"BSCL2","ENST00000360796","snv_control",56.8,61.95
"BICD2","ENST00000356884","snv_control",62.5,62.5
"ATN1","ENST00000396684","snv_control",63.28,58.33
"CLCN3","ENST00000513761","snv_control",43.59,47.52
"CACNA1G","ENST00000359106","snv_control",61.33,65.35
"IFITM5","ENST00000382614","snv_control",64.91,61.98
"STAT1","ENST00000361099","snv_control",46.12,44.62
"DMXL2","ENST00000560891","snv_control",41.03,42.69
"HSF4","ENST00000521374","snv_control",64.57,65.37
"SOX5","ENST00000451604","snv_control",50.52,52.54
"SIN3A","ENST00000394947","snv_control",48.74,53.02
"EPHA2","ENST00000358432","snv_control",61.89,61.54
"KCNJ5","ENST00000529694","snv_control",56.67,58.71
"SPEN","ENST00000375759","snv_control",51.93,59.34
"CBFB","ENST00000412916","snv_control",53.01,47.06
"RAI1","ENST00000353383","snv_control",64.01,40.32
"CCNF","ENST00000397066","snv_control",58.92,61.41
"ITPR3","ENST00000605930","snv_control",58.4,57.98
"NR2F2","ENST00000394166","snv_control",62.41,50.77
"ASB10","ENST00000420175","snv_control",65.1,65.25
"ATL3","ENST00000398868","snv_control",45.45,48.18
"CLCN7","ENST00000382745","snv_control",61.75,65.69
"AFP","ENST00000395792","snv_control",41.97,45.26
"PDE3A","ENST00000359062","snv_control",52.1,44.52
"FHOD3","ENST00000590592","snv_control",54.53,61.65
"USP7","ENST00000344836","snv_control",43.28,44.59
"PAX2","ENST00000355243","snv_control",60.25,61.42
"LITAF","ENST00000622633","snv_control",57.41,62.26
"NR2E3","ENST00000617575","snv_control",62.37,52.46
"LPP","ENST00000617246","snv_control",54.81,54.75
"PRLR","ENST00000618457","snv_control",48.64,49.81
"ZCCHC8","ENST00000633063","snv_control",46.99,50.66
"TAB2","ENST00000637181","snv_control",43.52,43.01
"VEGFC","ENST00000618562","snv_control",49.37,44.24
"MAPKAPK3","ENST00000621469","snv_control",56.92,56.16
"CYFIP2","ENST00000620254","snv_control",53.27,50
"NEFL","ENST00000610854","snv_control",59.13,48.19
"ACD","ENST00000620761","snv_control",62.82,60.47
"HNRNPU","ENST00000640218","snv_control",50.36,46.15
"ELP4","ENST00000640961","snv_control",44.63,50.55
"IMPG2","ENST00000193391","fs_control",44.9,37.5
"CDK13","ENST00000181839","fs_control",52.19,49.18
"CETP","ENST00000200676","fs_control",54.66,53.08
"CEBPE","ENST00000206513","fs_control",65.48,66.05
"SUPT16H","ENST00000216297","fs_control",43.64,44.35
"KDM4B","ENST00000159111","fs_control",63.96,63.54
"MEFV","ENST00000219596","fs_control",58.99,50.66
"GRN","ENST00000053867","fs_control",63.19,63.45
"RALA","ENST00000005257","fs_control",42.03,37.82
"CSNK2A1","ENST00000217244","fs_control",45.32,54.95
"STX1B","ENST00000215095","fs_control",54.09,48.24
"VCL","ENST00000211998","fs_control",52.36,54.37
"ACTL6B","ENST00000160382","fs_control",59.48,58.29
"CREB3L3","ENST00000078445","fs_control",60.75,59.02
"EPOR","ENST00000222139","fs_control",64.44,61.82
"MPO","ENST00000225275","fs_control",61.89,58.57
"MYL2","ENST00000228841","fs_control",50.5,50.23
"FIG4","ENST00000230124","fs_control",43.36,44.6
"LOX","ENST00000231004","fs_control",58.69,59.61
"NFKB1","ENST00000226574","fs_control",48.87,48.92
"CRYBA1","ENST00000225387","fs_control",51.39,52.34
"HOXA2","ENST00000222718","fs_control",54.82,55.58
"POLR3B","ENST00000228347","fs_control",43.97,50.86
"GMNN","ENST00000230056","fs_control",39.84,38.65
"C5","ENST00000223642","fs_control",40.05,37.14
"TGFB1","ENST00000221930","fs_control",62.49,64.26
"CNOT2","ENST00000229195","fs_control",43.93,39.29
"SCNN1A","ENST00000228916","fs_control",58.66,55.41
"UBA2","ENST00000246548","fs_control",44.25,45.83
"MFN2","ENST00000235329","fs_control",54.66,55.42
"RHOBTB2","ENST00000251822","fs_control",59.48,56.2
"RTN2","ENST00000245923","fs_control",60.38,56.55
"NPRL2","ENST00000232501","fs_control",54.16,57.14
"TTC21B","ENST00000243344","fs_control",39.74,39.73
"NR0B2","ENST00000254227","fs_control",62.92,63.19
"NALCN","ENST00000251127","fs_control",45.97,56.3
"MSTO1","ENST00000245564","fs_control",57.15,58.25
"SMARCC1","ENST00000254480","fs_control",48.76,61.9
"SLC12A5","ENST00000243964","fs_control",57.62,57.82
"DLL4","ENST00000249749","fs_control",60.79,50.54
"ELN","ENST00000252034","fs_control",64.32,64.58
"WNK4","ENST00000246914","fs_control",61.84,59.2
"KLHL24","ENST00000242810","fs_control",42.54,44.52
"MYH2","ENST00000245503","fs_control",50.05,53.16
"C3","ENST00000245907","fs_control",56.41,56.42
"KRT5","ENST00000252242","fs_control",58.94,60.91
"F12","ENST00000253496","fs_control",65.8,70.9
"C9","ENST00000263408","fs_control",41.19,40
"PER2","ENST00000254657","fs_control",56.85,51.74
"CUX2","ENST00000261726","fs_control",63.37,62.61
"GUCY2C","ENST00000261170","fs_control",44.69,47
"SLC40A1","ENST00000261024","fs_control",45.92,41.07
"STAT3","ENST00000264657","fs_control",51.19,47.31
"MIB1","ENST00000261537","fs_control",46.01,42.01
"SETD1A","ENST00000262519","fs_control",62.65,57.64
"CHD5","ENST00000262450","fs_control",59.32,60.63
"FLT4","ENST00000261937","fs_control",62.46,60.49
"EPCAM","ENST00000263735","fs_control",43.28,40.87
"PIKFYVE","ENST00000264380","fs_control",44.62,38.79
"CHRND","ENST00000258385","fs_control",58.69,51.02
"TCF3","ENST00000262965","fs_control",67.23,67.34
"WDR11","ENST00000263461","fs_control",45.2,45.05
"SREBF1","ENST00000261646","fs_control",65.24,78.1
"PDE8B","ENST00000264917","fs_control",51.2,44.57
"F13A1","ENST00000264870","fs_control",49.48,53.07
"GRIA2","ENST00000264426","fs_control",43.93,45.16
"LHX4","ENST00000263726","fs_control",57.37,55.6
"GABBR2","ENST00000259455","fs_control",55.2,51.19
"AAGAB","ENST00000261880","fs_control",45.25,45.55
"MMP13","ENST00000260302","fs_control",44.77,33.33
"PITPNM3","ENST00000262483","fs_control",62.77,62.56
"MARS1","ENST00000262027","fs_control",53.79,48.79
"KMT2C","ENST00000262189","fs_control",45.97,43.31
"SCN1B","ENST00000262631","fs_control",56.47,53.73
"CFC1","ENST00000259216","fs_control",66.37,73.79
"DNAJB11","ENST00000265028","fs_control",46.43,35.71
"DHTKD1","ENST00000263035","fs_control",52.39,52.26
"POLR1A","ENST00000263857","fs_control",53.67,53.42
"FBN2","ENST00000262464","fs_control",49.59,50.71
"ARHGAP31","ENST00000264245","fs_control",54.56,55.45
"AARS1","ENST00000261772","fs_control",53.22,56.31
"GNAO1","ENST00000262493","fs_control",52.49,46.86
"ARFGEF1","ENST00000262215","fs_control",40.27,36.36
"SLC12A2","ENST00000262461","fs_control",46.58,41.52
"ARCN1","ENST00000264028","fs_control",44.4,45.57
"SLC1A2","ENST00000278379","fs_control",50.61,45.36
"MYL3","ENST00000292327","fs_control",55.61,52.05
"WASHC5","ENST00000318410","fs_control",42.53,43.89
"TNPO3","ENST00000265388","fs_control",47.33,43.18
"EGFR","ENST00000275493","fs_control",53.95,55.84
"MAPRE2","ENST00000300249","fs_control",46.54,49.51
"DSC2","ENST00000280904","fs_control",43.02,49.87
"HCN1","ENST00000303230","fs_control",51.66,56.89
"STAT5B","ENST00000293328","fs_control",55.08,60.14
"SIK1","ENST00000270162","fs_control",63.9,71.8
"RLBP1","ENST00000268125","fs_control",56.81,49.44
"ROBO4","ENST00000306534","fs_control",63.03,63.21
"CLCN2","ENST00000265593","fs_control",59.51,54.71
"EIF4A2","ENST00000323963","fs_control",42.97,41.98
"YAP1","ENST00000282441","fs_control",55.84,49.65
"OSBPL2","ENST00000313733","fs_control",53.08,53.88
"SET","ENST00000322030","fs_control",41.61,41.29
"F2","ENST00000311907","fs_control",59.12,51.63
"MYRF","ENST00000278836","fs_control",63.25,62.44
"ERBB3","ENST00000267101","fs_control",53.86,53.99
"SCAF4","ENST00000286835","fs_control",49.94,56.6
"SOST","ENST00000301691","fs_control",68.69,69.13
"GATA6","ENST00000269216","fs_control",68.96,54.55
"TINF2","ENST00000267415","fs_control",54.5,48.17
"PLIN1","ENST00000300055","fs_control",65.58,61.03
"SF3B4","ENST00000271628","fs_control",57.96,61.36
"SCNN1G","ENST00000300061","fs_control",53.54,54.14
"UCHL1","ENST00000284440","fs_control",52.68,52.08
"TMEM43","ENST00000306077","fs_control",55.53,54.61
"AP1G1","ENST00000299980","fs_control",44.07,47.4
"RAD51","ENST00000267868","fs_control",47.75,44.17
"NCSTN","ENST00000294785","fs_control",51.27,52.07
"VCAN","ENST00000265077","fs_control",43.33,36.67
"KIT","ENST00000288135","fs_control",44.93,43.35
"AXIN2","ENST00000307078","fs_control",58.53,44.14
"SLC25A4","ENST00000281456","fs_control",54.96,55.41
"DHX37","ENST00000308736","fs_control",61.14,62.22
"COL6A3","ENST00000295550","fs_control",54.38,42.61
"KDM3B","ENST00000314358","fs_control",51.87,41.29
"CDH11","ENST00000268603","fs_control",50.82,50.79
"RANBP2","ENST00000283195","fs_control",40.11,38.42
"GLS","ENST00000320717","fs_control",46.52,41.41
"NODAL","ENST00000287139","fs_control",59.48,53.55
"CLTC","ENST00000269122","fs_control",42.24,41.86
"ZNF408","ENST00000311764","fs_control",62.78,62.1
"PDE11A","ENST00000286063","fs_control",48.47,47.49
"VAMP2","ENST00000316509","fs_control",57.83,57.82
"WNK1","ENST00000315939","fs_control",50.19,48.44
"HPD","ENST00000289004","fs_control",54.57,54.25
"DNAAF4","ENST00000321149","fs_control",38.64,39.31
"COG4","ENST00000323786","fs_control",53.08,60.73
"PCSK9","ENST00000302118","fs_control",65.56,65.55
"CNOT1","ENST00000317147","fs_control",45.17,38.67
"RB1","ENST00000267163","fs_control",39,39.83
"PLG","ENST00000308192","fs_control",50.23,50.41
"LEMD2","ENST00000293760","fs_control",64.09,58.51
"CTNNA1","ENST00000302763","fs_control",49.87,54.29
"PPP2R1A","ENST00000322088","fs_control",59.04,56.45
"ALB","ENST00000295897","fs_control",42.95,46.38
"ATP1A1","ENST00000295598","fs_control",49.64,51.54
"TMC1","ENST00000297784","fs_control",44.2,44.03
"BFSP2","ENST00000302334","fs_control",58.49,56.84
"GLRA1","ENST00000274576","fs_control",51.11,51.3
"KCNT2","ENST00000294725","fs_control",40.67,37.25
"FLNB","ENST00000295956","fs_control",55.82,58.74
"MAP1B","ENST00000296755","fs_control",48.41,53.27
"KLHL3","ENST00000309755","fs_control",53.29,53.15
"KRT16","ENST00000301653","fs_control",61.25,61.26
"BUB1B","ENST00000287598","fs_control",43.39,41.7
"MYH11","ENST00000300036","fs_control",56.41,61
"ANTXR1","ENST00000303714","fs_control",52.86,47.83
"NLRP12","ENST00000324134","fs_control",58.22,54.67
"SPINK1","ENST00000296695","fs_control",44.17,44
"INSR","ENST00000302850","fs_control",55.6,56.3
"PRDM16","ENST00000270722","fs_control",62.59,62.68
"PRPF8","ENST00000304992","fs_control",52.21,55.03
"NAA15","ENST00000296543","fs_control",38.25,40.51
"SRRM2","ENST00000301740","fs_control",55.61,72.09
"UBAP1","ENST00000297661","fs_control",47.91,47.78
"WDFY3","ENST00000295888","fs_control",45.65,49.63
"POLE","ENST00000320574","fs_control",56.13,56.04
"SF3B2","ENST00000322535","fs_control",56.1,53.85
"CPA6","ENST00000297770","fs_control",42.85,43.92
"KCNMA1","ENST00000286628","fs_control",50.44,49.31
"CAMTA1","ENST00000303635","fs_control",57.13,54.87
"SNRNP200","ENST00000323853","fs_control",52.49,52.02
"RBP4","ENST00000371464","fs_control",59.57,58.61
"ACTN2","ENST00000366578","fs_control",53.82,54.51
"COL9A1","ENST00000357250","fs_control",56.22,59.66
"MTOR","ENST00000361445","fs_control",53.14,53.34
"EFHC1","ENST00000371068","fs_control",44.1,42.86
"CHRNA1","ENST00000348749","fs_control",51.38,52.09
"GLMN","ENST00000370360","fs_control",35.24,36.81
"CDC73","ENST00000367435","fs_control",43.98,38.94
"HMGA2","ENST00000403681","fs_control",57.88,61.54
"EYA4","ENST00000355286","fs_control",45.21,44
"DEAF1","ENST00000382409","fs_control",62.96,59.48
"LMNB2","ENST00000325327","fs_control",66.4,65.31
"COL11A1","ENST00000370096","fs_control",52.02,37.14
"KIF21A","ENST00000361418","fs_control",42.19,42.98
"TRIO","ENST00000344204","fs_control",54.4,56.44
"LMNA","ENST00000368300","fs_control",63.26,62.57
"PAX3","ENST00000392070","fs_control",57.39,58.14
"HK1","ENST00000359426","fs_control",53.34,54.85
"SLC30A2","ENST00000374276","fs_control",58,56.9
"CACNA1D","ENST00000350061","fs_control",49.12,59.65
"SYNE1","ENST00000367255","fs_control",46.73,46.61
"MYL4","ENST00000393450","fs_control",56.73,57.93
"LDB3","ENST00000361373","fs_control",62.55,63.4
"ARID2","ENST00000334344","fs_control",44.06,38.83
"ERBB4","ENST00000342788","fs_control",46.98,50.7
"ATP6V0C","ENST00000330398","fs_control",63.46,63.9
"SYCP2","ENST00000357552","fs_control",34.68,38.31
"COL5A2","ENST00000374866","fs_control",55.91,42.77
"CACNA1C","ENST00000399655","fs_control",56.68,56.52
"PRODH","ENST00000357068","fs_control",62.84,61.85
"GATAD2B","ENST00000368655","fs_control",50.95,55.9
"TBXT","ENST00000366876","fs_control",60.34,55.51
"COCH","ENST00000396618","fs_control",45.92,46.08
"SYT2","ENST00000367268","fs_control",54.37,52.65
"SON","ENST00000356577","fs_control",48.26,41.6
"NEXN","ENST00000334785","fs_control",37.67,40.97
"ENG","ENST00000373203","fs_control",61.41,60.77
"FN1","ENST00000354785","fs_control",51.52,52.07
"PTPN11","ENST00000351677","fs_control",45.34,51.39
"RORA","ENST00000335670","fs_control",47.58,39.08
"RAD54L","ENST00000371975","fs_control",52.76,52.34
"TBP","ENST00000392092","fs_control",49.41,32.2
"PER3","ENST00000377532","fs_control",51.25,46.51
"DNM1","ENST00000372923","fs_control",59.38,57.01
"CARD11","ENST00000396946","fs_control",58.79,59.07
"SMARCA4","ENST00000344626","fs_control",61.29,68.18
"PRPF3","ENST00000324862","fs_control",47.95,46.26
"TRIM71","ENST00000383763","fs_control",64.1,59.35
"KCTD17","ENST00000403888","fs_control",64.44,64.85
"FASLG","ENST00000367721","fs_control",52.96,51.5
"ADCY10","ENST00000367851","fs_control",43.89,44.98
"COPB2","ENST00000333188","fs_control",43.77,44.09
"BEST1","ENST00000378043","fs_control",54.84,54.07
"BICC1","ENST00000373886","fs_control",47.59,42.42
"ZP3","ENST00000394857","fs_control",57.41,56.98
"LRP4","ENST00000378623","fs_control",56.87,54.18
"TRPC3","ENST00000379645","fs_control",50.29,35.35
"CSF3R","ENST00000373106","fs_control",61.93,62.62
"NFIB","ENST00000380953","fs_control",48.35,48.11
"ETV6","ENST00000396373","fs_control",53.2,48.45
"KCNQ3","ENST00000388996","fs_control",56.28,55.92
"PRKD1","ENST00000331968","fs_control",48.7,50
"SMC3","ENST00000361804","fs_control",39,37.01
"TLK2","ENST00000346027","fs_control",43.72,49.42
"GRIN1","ENST00000371561","fs_control",60.81,59.98
"SPTAN1","ENST00000372739","fs_control",53.19,55.23
"CTNND1","ENST00000399050","fs_control",50.95,47.3
"HTT","ENST00000355072","fs_control",52.56,61.65
"BNC1","ENST00000345382","fs_control",51.36,51.39
"DNA2","ENST00000358410","fs_control",39.74,37.5
"YARS1","ENST00000373477","fs_control",50.09,48.77
"NR3C1","ENST00000394464","fs_control",44.04,40.33
"MYPN","ENST00000358913","fs_control",50.21,52.2
"PKP2","ENST00000340811","fs_control",53.34,46.8
"CAPRIN1","ENST00000341394","fs_control",49.01,47.67
"RHAG","ENST00000371175","fs_control",46.67,50.44
"KLHL7","ENST00000339077","fs_control",42.42,41.46
"HTRA1","ENST00000368984","fs_control",60.15,50.57
"ABCA4","ENST00000370225","fs_control",52.58,53.45
"KCNQ5","ENST00000370398","fs_control",50.95,49.85
"VPS16","ENST00000380445","fs_control",57.34,54.43
"SMARCE1","ENST00000348513","fs_control",48.54,48.26
"STAT1","ENST00000361099","fs_control",46.12,56.92
"DSTYK","ENST00000367162","fs_control",53.05,53.31
"ATL1","ENST00000358385","fs_control",43.11,43.25
"GARS1","ENST00000389266","fs_control",47.48,51.71
"RYR2","ENST00000366574","fs_control",46.22,39.11
"IMPG1","ENST00000369950","fs_control",45.45,42.22
"BRPF1","ENST00000383829","fs_control",57.44,57.08
"DDX41","ENST00000330503","fs_control",58.11,57.99
"CD46","ENST00000367042","fs_control",42.42,41.07
"SIN3A","ENST00000394947","fs_control",48.74,54.51
"KDM1A","ENST00000400181","fs_control",50.78,50.38
"CNNM2","ENST00000369878","fs_control",57.15,50.71
"CLCN7","ENST00000382745","fs_control",61.75,62.94
"MED13","ENST00000397786","fs_control",42.39,46.63
"KCNT1","ENST00000371757","fs_control",62.62,64
"CYP19A1","ENST00000396402","fs_control",45.04,43.43
"MYBPC1","ENST00000361466","fs_control",45.93,46
"CHRNA4","ENST00000370263","fs_control",64.01,67.51
"CHD3","ENST00000330494","fs_control",55.11,55.42
"CSNK2B","ENST00000375882","fs_control",52.47,50.26
"BFSP1","ENST00000377873","fs_control",56.01,51.09
"EGLN1","ENST00000366641","fs_control",60.81,37.61
"NF1","ENST00000358273","fs_control",42.95,50.74
"CACNA1E","ENST00000367573","fs_control",54.68,62.82
"GRHL3","ENST00000361548","fs_control",54.67,42.98
"ADGRL1","ENST00000361434","fs_control",62.99,67.01
"CDC42BPB","ENST00000361246","fs_control",54.15,56.27
"SPTBN1","ENST00000356805","fs_control",53.59,42.39
"GNB1","ENST00000378609","fs_control",56.01,60.64
"USP7","ENST00000344836","fs_control",43.28,46.85
"TBX18","ENST00000369663","fs_control",56.85,54.62
"SLC16A1","ENST00000369626","fs_control",46.44,46.32
"KCNQ4","ENST00000347132","fs_control",64.61,64.15
"CFAP43","ENST00000357060","fs_control",40.7,35.83
"ABCA1","ENST00000374736","fs_control",50.12,42.95
"ANK2","ENST00000357077","fs_control",47.43,46.48
"ATR","ENST00000350721","fs_control",39.99,44.81
"CTRC","ENST00000375949","fs_control",60.84,61.4
"PLCD1","ENST00000334661","fs_control",59.49,59.6
"JPH1","ENST00000342232","fs_control",57.75,42.22
"EFEMP1","ENST00000355426","fs_control",47.5,41.81
"NCDN","ENST00000373243","fs_control",63.84,63.13
"TBK1","ENST00000331710","fs_control",37.44,38.1
"COL9A2","ENST00000372748","fs_control",68.26,68.8
"PSAP","ENST00000394936","fs_control",55.24,55.4
"TMEM63A","ENST00000366835","fs_control",55.2,58.43
"TNNI3","ENST00000344887","fs_control",59.72,62.41
"VCP","ENST00000358901","fs_control",50.85,50.48
"EMILIN1","ENST00000380320","fs_control",67.13,65.54
"CASQ1","ENST00000368078","fs_control",51.22,50.57
"NPR2","ENST00000342694","fs_control",54.52,56.52
"TFAP2B","ENST00000393655","fs_control",58.35,58.31
"GNAL","ENST00000334049","fs_control",53.59,47.34
"RBM20","ENST00000369519","fs_control",56.73,52.55
"BMPR2","ENST00000374580","fs_control",45.43,48.85
"GNAI3","ENST00000369851","fs_control",42.35,36.96
"NFIA","ENST00000403491","fs_control",51.05,50.3
"QRICH1","ENST00000395443","fs_control",53.67,49.75
"GLUL","ENST00000331872","fs_control",53.03,54.55
"OPTN","ENST00000378747","fs_control",47.23,54.8
"PLCB4","ENST00000378473","fs_control",42.39,43.32
"TBX6","ENST00000395224","fs_control",64.68,63.71
"SKI","ENST00000378536","fs_control",68.18,66.44
"MYOCD","ENST00000425538","fs_control",52.38,50.93
"CTNNA3","ENST00000433211","fs_control",44.49,46.73
"ADGRV1","ENST00000405460","fs_control",42.57,50.66
"SLC6A5","ENST00000525748","fs_control",53.88,52.29
"OPLAH","ENST00000618853","fs_control",66.67,68.94
"ZMYM2","ENST00000610343","fs_control",39.7,35.69
"TRRAP","ENST00000456197","fs_control",53.05,54.51
"WDR26","ENST00000414423","fs_control",51.84,44.78
"DMXL2","ENST00000560891","fs_control",41.03,47.37
"DNM1L","ENST00000549701","fs_control",42.42,47.22
"ADCY5","ENST00000462833","fs_control",62.63,58.45
"PARN","ENST00000437198","fs_control",42.34,50.37
"SLC39A5","ENST00000454355","fs_control",63.52,67.58
"DIABLO","ENST00000464942","fs_control",47.5,51.48
"PDE10A","ENST00000539869","fs_control",54.48,47.62
"TBL1XR1","ENST00000457928","fs_control",42.39,41.3
"TAB2","ENST00000637181","fs_control",43.52,42.56
"DHX30","ENST00000445061","fs_control",59.58,66.32
"KMT2A","ENST00000534358","fs_control",48.12,47.93
"SH3TC2","ENST00000515425","fs_control",55.06,58.82
"PUM1","ENST00000426105","fs_control",51.75,52.11
"DCC","ENST00000442544","fs_control",48.96,49.17
"SYNE2","ENST00000555002","fs_control",42.67,45.81
"IKBKB","ENST00000520810","fs_control",54.21,53.85
"KIF5C","ENST00000435030","fs_control",49.48,48.59
"MEIS2","ENST00000561208","fs_control",53.42,50.5
"POLG2","ENST00000539111","fs_control",46.98,33.79
"PPP1R12A","ENST00000450142","fs_control",42,41.36
"CFB","ENST00000425368","fs_control",52.03,50.36
"ACD","ENST00000620761","fs_control",62.82,60.82
"PIK3R1","ENST00000521381","fs_control",41.98,47.86
"EXT2","ENST00000533608","fs_control",49.79,49.71
"ITGB3","ENST00000559488","fs_control",54.71,55.16
"POLRMT","ENST00000588649","fs_control",66.23,66.03
"KCNC3","ENST00000477616","fs_control",69,64.63
"PNPT1","ENST00000447944","fs_control",40.82,42.86
"HARS1","ENST00000504156","fs_control",53.27,54.86
"TNNT1","ENST00000588981","fs_control",59.98,60.08
"SPOP","ENST00000504102","fs_control",47.91,53.3
"NEFL","ENST00000610854","fs_control",59.13,56.8
"PBX1","ENST00000420696","fs_control",53.67,54.11
"PROM1","ENST00000447510","fs_control",42.92,35.65
"POLD1","ENST00000440232","fs_control",64.95,64.87
"BMPR1B","ENST00000515059","fs_control",44.86,50.32
"CPSF1","ENST00000616140","fs_control",62.42,62.77
"MEF2C","ENST00000504921","fs_control",50.49,53.5
"MAPK8IP3","ENST00000610761","fs_control",63.03,65.1
"PAX8","ENST00000429538","fs_control",61.05,61.75
"PERP","ENST00000421351","fs_control",58.76,52.06
"HNRNPU","ENST00000640218","fs_control",50.36,42.57
