hgnc_symbol,pLI,oe_lof_upper,group,pli_cat,loeuf_cat
A2ML1,1.6109e-34,0.952,snv_control,Low,High
AAGAB,3.8664e-7,1.037,snv_control,Low,High
AAGAB,3.8664e-7,1.037,fs_control,Low,High
ABCA1,1.4525e-13,0.486,fs_control,Low,Medium
ABCA1,1.4525e-13,0.486,snv,Low,Medium
ABCA4,5.3499e-48,0.91,fs_control,Low,High
ABCA4,5.3499e-48,0.91,snv,Low,High
ABCB6,8.599900000000001e-19,0.977,snv_control,Low,High
ABCC11,3.9884e-46,1.236,snv_control,Low,High
ABCC8,7.9571e-24,0.765,snv,Low,High
ABL1,0.99998,0.176,snv_control,High,Low
ACD,1.1148e-12,1.187,fs_control,Low,High
ACD,1.1148e-12,1.187,snv_control,Low,High
ACO2,0.20791,0.417,snv_control,Low,Medium
ACOX1,0.062095,0.462,snv_control,Low,Medium
ACTA2,0.93017,0.364,snv_control,High,Medium
ACTC1,0.73668,0.48,snv_control,High,Medium
ACTL6B,2.8347e-4,0.645,snv_control,Low,High
ACTL6B,2.8347e-4,0.645,fs_control,Low,High
ACTN1,0.99997,0.213,snv_control,High,Medium
ACTN2,0.99968,0.239,fs_control,High,Medium
ACTN2,0.99968,0.239,snv_control,High,Medium
ACVRL1,9.6719e-4,0.692,snv,Low,High
ADAR,0.026282,0.42,snv,Low,Medium
ADCY10,7.3834e-41,1.034,fs_control,Low,High
ADCY10,7.3834e-41,1.034,snv_control,Low,High
ADCY5,0.99928,0.254,snv_control,High,Medium
ADCY5,0.99928,0.254,fs_control,High,Medium
ADIPOQ,4.6434e-9,1.906,snv_control,Low,High
AFF4,1,0.138,snv_control,High,Low
AFG3L2,5.2511e-9,0.7,snv_control,Low,High
AFP,1.1383e-11,0.909,snv_control,Low,High
AGO2,1,0.106,snv,High,Low
AKAP9,4.5249e-17,0.404,snv_control,Low,Medium
ALB,0.64329,0.387,fs_control,Medium,Medium
ALB,0.64329,0.387,snv_control,Medium,Medium
ALDH18A1,8.1212e-4,0.519,snv_control,Low,Medium
ALG10B,2.0263e-8,1.365,snv_control,Low,High
ALG5,0.46347,0.453,snv_control,Medium,Medium
ALG8,1.1804e-8,0.83,snv,Low,High
ALPL,3.636e-4,0.693,snv,Low,High
ANK1,1,0.169,snv,High,Low
ANK2,1,0.106,snv_control,High,Low
ANK2,1,0.106,fs_control,High,Low
ANKH,0.27856,0.499,snv_control,Low,Medium
ANLN,0.14261,0.374,snv_control,Low,Medium
ANO1,0.87426,0.33,snv_control,High,Medium
ANO3,1.2489e-17,0.766,snv_control,Low,High
ANO5,2.8542e-22,0.949,snv,Low,High
ANTXR1,0.98631,0.3,fs_control,High,Medium
ANTXR1,0.98631,0.3,snv_control,High,Medium
ANXA11,4.7001e-10,0.98,snv_control,Low,High
AP1G1,0.99998,0.202,snv_control,High,Medium
AP1G1,0.99998,0.202,fs_control,High,Medium
AP4E1,0.0027529,0.431,snv,Low,Medium
APOB,1.9234e-16,0.461,fs,Low,Medium
APOL1,5.1357e-6,1.725,snv_control,Low,High
APPL1,0.7952,0.35,snv_control,High,Medium
ARCN1,0.99997,0.101,fs_control,High,Low
ARCN1,0.99997,0.101,snv_control,High,Low
ARFGEF1,1,0.143,fs_control,High,Low
ARFGEF1,1,0.143,snv_control,High,Low
ARHGAP31,0.99999,0.192,fs_control,High,Low
ARID1A,1,0.071,fs,High,Low
ARID1A,1,0.071,snv,High,Low
ARID2,1,0.096,fs_control,High,Low
ARID2,1,0.096,snv,High,Low
ASB10,2.6403e-12,1.619,snv_control,Low,High
ATAD3A,4.0861e-9,0.827,snv_control,Low,High
ATL1,0.98109,0.308,fs_control,High,Medium
ATL1,0.98109,0.308,snv_control,High,Medium
ATL3,1.3349e-9,0.904,snv_control,Low,High
ATN1,0.99992,0.194,snv_control,High,Low
ATP1A1,1,0.121,fs_control,High,Low
ATP1A2,1.8093e-4,0.495,snv,Low,Medium
ATP2A2,0.99945,0.246,snv_control,High,Medium
ATP6V0A1,0.99797,0.268,snv_control,High,Medium
ATP6V0C,0.74232,0.667,fs_control,High,High
ATP6V1A,0.86801,0.358,snv_control,High,Medium
ATP6V1B2,0.99154,0.287,snv_control,High,Medium
ATR,3.5177e-9,0.399,snv_control,Low,Medium
ATR,3.5177e-9,0.399,fs_control,Low,Medium
ATXN1,0.97498,0.316,snv_control,High,Medium
ATXN10,3.4514e-4,0.697,snv_control,Low,High
AUTS2,0.99934,0.253,snv_control,High,Medium
AVP,0.074413000000000007,1.452,snv_control,Low,High
AXIN2,0.57015,0.396,snv_control,Medium,Medium
AXIN2,0.57015,0.396,fs_control,Medium,Medium
BACH2,0.99803,0.233,snv_control,High,Medium
BAP1,0.99443,0.277,snv,High,Medium
BARD1,1.3777e-24,1.358,snv,Low,High
BARD1,1.3777e-24,1.358,fs,Low,High
BCL11B,0.98881,0.282,fs,High,Medium
BEST1,1.8214e-12,1.489,snv_control,Low,High
BEST1,1.8214e-12,1.489,fs_control,Low,High
BFSP1,1.8463e-7,1.119,fs_control,Low,High
BFSP1,1.8463e-7,1.119,snv_control,Low,High
BFSP2,3.2152e-8,1.038,fs_control,Low,High
BFSP2,3.2152e-8,1.038,snv_control,Low,High
BICC1,0.83685,0.339,fs_control,High,Medium
BICC1,0.83685,0.339,snv_control,High,Medium
BICD2,0.98272,0.305,snv_control,High,Medium
BMPR1A,0.90333,0.355,snv,High,Medium
BMPR1B,0.99863,0.225,fs_control,High,Medium
BMPR1B,0.99863,0.225,snv_control,High,Medium
BMPR2,0.99998,0.191,snv_control,High,Low
BMPR2,0.99998,0.191,fs_control,High,Low
BNC1,0.96479,0.326,fs_control,High,Medium
BPTF,1,0.099,snv_control,High,Low
BRCA1,9.215699999999999e-29,0.915,snv,Low,High
BRCA1,9.215699999999999e-29,0.915,fs,Low,High
BRIP1,6.206e-17,0.786,snv,Low,High
BRPF1,1,0.176,snv_control,High,Low
BRPF1,1,0.176,fs_control,High,Low
BSCL2,1.0981e-9,1.008,snv_control,Low,High
BUB1B,6.998e-10,0.58,fs_control,Low,Medium
BUB1B,6.998e-10,0.58,snv_control,Low,Medium
C1S,6.7654e-4,0.596,snv,Low,Medium
C3,0.90421,0.305,fs_control,High,Medium
C3,0.90421,0.305,snv_control,High,Medium
C5,8.079e-24,0.695,snv_control,Low,High
C5,8.079e-24,0.695,fs_control,Low,High
C9,1.6323e-24,1.514,snv_control,Low,High
C9,1.6323e-24,1.514,fs_control,Low,High
C9orf72,1.0647e-6,0.928,snv_control,Low,High
CACNA1A,1,0.134,snv_control,High,Low
CACNA1C,1,0.102,fs_control,High,Low
CACNA1D,1,0.214,fs_control,High,Medium
CACNA1D,1,0.214,snv_control,High,Medium
CACNA1E,1,0.124,snv_control,High,Low
CACNA1E,1,0.124,fs_control,High,Low
CACNA1G,1,0.211,snv_control,High,Medium
CACNA1H,4.7778e-10,0.504,snv_control,Low,Medium
CACNA1I,1,0.202,snv_control,High,Medium
CACNA1S,6.2588e-12,0.521,snv_control,Low,Medium
CACNB2,2.6719e-6,0.692,snv_control,Low,High
CACNB4,0.030679,0.491,snv_control,Low,Medium
CAMK2B,0.73914,0.364,snv_control,High,Medium
CAMTA1,1,0.172,fs_control,High,Low
CAMTA1,1,0.172,snv_control,High,Low
CAPN3,3.5865e-19,0.965,fs,Low,High
CAPN3,3.5865e-19,0.965,snv_control,Low,High
CAPRIN1,0.97247,0.311,snv_control,High,Medium
CAPRIN1,0.97247,0.311,fs_control,High,Medium
CARD11,0.99995,0.227,fs_control,High,Medium
CARD11,0.99995,0.227,snv_control,High,Medium
CASP10,4.6392e-12,1.287,snv_control,Low,High
CASQ1,3.857e-18,1.576,snv_control,Low,High
CASQ1,3.857e-18,1.576,fs_control,Low,High
CASR,0.046698,0.451,snv,Low,Medium
CASR,0.046698,0.451,fs,Low,Medium
CAV1,0.008274,1.31,snv_control,Low,High
CBFB,0.9589,0.33,snv_control,High,Medium
CBL,6.0921e-4,0.503,snv_control,Low,Medium
CCDC50,3.9152e-7,0.744,snv_control,Low,High
CCNF,0.12679,0.419,snv_control,Low,Medium
CD164,0.48906,0.613,snv_control,Medium,High
CD46,4.7013e-7,0.896,fs_control,Low,High
CD46,4.7013e-7,0.896,snv_control,Low,High
CD96,1.392e-11,0.97,snv_control,Low,High
CDC42BPB,1,0.12,fs_control,High,Low
CDC42BPB,1,0.12,snv_control,High,Low
CDC73,0.99995,0.188,fs_control,High,Low
CDC73,0.99995,0.188,snv_control,High,Low
CDH1,0.14631,0.43,snv,Low,Medium
CDH11,0.9999,0.156,fs_control,High,Low
CDH11,0.9999,0.156,snv_control,High,Low
CDH15,1.7656e-14,1.105,snv_control,Low,High
CDH2,0.99171,0.29,snv_control,High,Medium
CDK13,0.90753,0.324,snv_control,High,Medium
CDK13,0.90753,0.324,fs_control,High,Medium
CDK19,0.99982,0.163,snv_control,High,Low
CDK4,0.062909,0.642,snv_control,Low,High
CDK8,0.40964,0.418,snv_control,Medium,Medium
CDKN1B,0.62376,0.645,snv,Medium,High
CDKN1C,0.81963,0.529,fs,High,Medium
CDKN1C,0.81963,0.529,snv,High,Medium
CDKN2A,0.39474,0.949,snv_control,Medium,High
CDON,2.0608e-15,0.779,snv_control,Low,High
CEACAM16,1.5758e-5,1.032,snv_control,Low,High
CEBPE,0.0070769,0.995,fs_control,Low,High
CELA2A,1.9736e-16,1.83,snv_control,Low,High
CELF2,0.99965,0.174,snv,High,Low
CEP85L,4.5367e-9,0.707,snv_control,Low,High
CETP,1.1892e-23,1.499,fs_control,Low,High
CETP,1.1892e-23,1.499,snv_control,Low,High
CFB,3.3549e-4,0.522,fs_control,Low,Medium
CFB,4.6696e-16,0.692,fs_control,Low,High
CFC1,0.10509,1.247,fs_control,Low,High
CFH,0.86061,0.324,snv,High,Medium
CFHR1,2.6297e-8,1.53,snv_control,Low,High
CFHR3,1.72e-11,1.603,snv_control,Low,High
CFTR,2.1735e-58,1.307,snv,Low,High
CFTR,2.1735e-58,1.307,fs,Low,High
CHCHD10,5.3661e-6,1.91,snv_control,Low,High
CHCHD2,1.7328e-7,1.904,snv_control,Low,High
CHD3,1,0.147,snv_control,High,Low
CHD3,1,0.147,fs_control,High,Low
CHD5,1,0.157,fs_control,High,Low
CHD5,1,0.157,snv_control,High,Low
CHMP2B,4.6203e-6,1.216,snv_control,Low,High
CHN1,0.030508,0.567,snv_control,Low,Medium
CHRNA1,2.0681e-8,1.079,snv_control,Low,High
CHRNA1,2.0681e-8,1.079,fs_control,Low,High
CHRNA4,8.5474e-5,0.822,fs_control,Low,High
CHRNA4,8.5474e-5,0.822,snv_control,Low,High
CHRND,5.4466e-9,0.978,fs_control,Low,High
CHRND,5.4466e-9,0.978,snv_control,Low,High
CITED2,0.76271,0.628,snv_control,High,High
CLCN1,3.2501e-20,0.994,snv,Low,High
CLCN2,5.546e-12,0.769,snv_control,Low,High
CLCN2,5.546e-12,0.769,fs_control,Low,High
CLCN3,0.99973,0.222,snv_control,High,Medium
CLCN6,6.1077e-8,0.608,snv_control,Low,High
CLCN7,0.27238,0.394,snv_control,Low,Medium
CLCN7,0.27238,0.394,fs_control,Low,Medium
CLTC,1,0.104,fs_control,High,Low
CLTC,1,0.104,snv_control,High,Low
CNBP,0.95994,0.298,snv_control,High,Medium
CNNM2,0.99521,0.267,fs_control,High,Medium
CNNM2,0.99521,0.267,snv,High,Medium
CNOT1,1,0.038,snv_control,High,Low
CNOT1,1,0.038,fs_control,High,Low
CNOT2,0.99981,0.189,fs_control,High,Low
CNOT2,0.99981,0.189,snv_control,High,Low
COCH,1.2365e-7,0.913,snv_control,Low,High
COCH,1.2365e-7,0.913,fs_control,Low,High
COG4,3.9748e-9,0.713,fs_control,Low,High
COL11A1,1,0.216,fs_control,High,Medium
COL11A1,1,0.216,snv_control,High,Medium
COL12A1,0.97361,0.282,snv_control,High,Medium
COL1A1,1,0.105,snv,High,Low
COL2A1,1,0.134,fs,High,Low
COL2A1,1,0.134,snv,High,Low
COL3A1,1,0.098,snv,High,Low
COL4A1,1,0.128,snv_control,High,Low
COL4A3,1.0699e-12,0.522,snv,Low,Medium
COL5A1,1,0.055,fs,High,Low
COL5A1,1,0.055,snv,High,Low
COL5A2,1,0.097,snv_control,High,Low
COL5A2,1,0.097,fs_control,High,Low
COL6A3,1.8131000000000002e-20,0.562,snv_control,Low,Medium
COL6A3,1.8131000000000002e-20,0.562,fs_control,Low,Medium
COL9A1,3.0742e-19,0.814,fs_control,Low,High
COL9A1,3.0742e-19,0.814,snv_control,Low,High
COL9A2,1.0453e-8,0.636,snv_control,Low,High
COL9A2,1.0453e-8,0.636,fs_control,Low,High
COMP,1.3462e-9,0.765,snv_control,Low,High
COMT,1.1377e-6,1.703,snv_control,Low,High
COPA,1,0.105,snv_control,High,Low
COPB2,1,0.089,fs_control,High,Low
COPB2,1,0.089,snv_control,High,Low
CPA6,4.3984e-17,1.237,fs_control,Low,High
CPA6,4.3984e-17,1.237,snv_control,Low,High
CPSF1,3.1043e-10,0.54,fs_control,Low,Medium
CPT2,4.598e-10,1.172,snv,Low,High
CRB1,5.6266e-16,0.829,snv,Low,High
CRB1,5.6266e-16,0.829,fs,Low,High
CREB3L3,8.0596e-14,1.469,snv_control,Low,High
CREB3L3,8.0596e-14,1.469,fs_control,Low,High
CREBBP,1,0.066,fs,High,Low
CREBBP,1,0.066,snv,High,Low
CRY1,1.662e-9,0.814,snv_control,Low,High
CRYAA,0.17396,0.986,snv_control,Low,High
CRYBA1,6.4088e-5,1.002,snv_control,Low,High
CRYBA1,6.4088e-5,1.002,fs_control,Low,High
CRYBA2,1.9464e-4,1.263,snv_control,Low,High
CRYBB3,3.5766e-11,1.712,snv_control,Low,High
CSF3R,1.5225e-10,0.766,snv,Low,High
CSF3R,1.5225e-10,0.766,fs_control,Low,High
CSNK2A1,0.98711,0.297,snv_control,High,Medium
CSNK2A1,0.98711,0.297,fs_control,High,Medium
CSNK2B,0.91728,0.383,snv_control,High,Medium
CSNK2B,0.91728,0.383,fs_control,High,Medium
CSRP3,1.5859e-4,1.311,snv_control,Low,High
CST3,0.0039011,1.596,snv_control,Low,High
CTCF,0.99994,0.148,snv_control,High,Low
CTNNA1,0.96962,0.313,snv_control,High,Medium
CTNNA1,0.96962,0.313,fs_control,High,Medium
CTNNA3,1.0225e-12,0.85,snv_control,Low,High
CTNNA3,1.0225e-12,0.85,fs_control,Low,High
CTNNB1,0.99999,0.129,snv_control,High,Low
CTNND1,0.99999,0.185,snv_control,High,Low
CTNND1,0.99999,0.185,fs_control,High,Low
CTRC,1.2851e-12,1.692,snv_control,Low,High
CTRC,1.2851e-12,1.692,fs_control,Low,High
CUL3,0.9996,0.228,snv_control,High,Medium
CUX1,1,0.163,snv_control,High,Low
CUX2,1,0.187,fs_control,High,Low
CUX2,1,0.187,snv_control,High,Low
CXCR4,0.017804,1.052,fs,Low,High
CYFIP2,1,0.092,snv_control,High,Low
CYP11B1,8.245e-7,0.955,snv,Low,High
CYP19A1,1.7022e-5,0.877,snv,Low,High
CYP19A1,1.7022e-5,0.877,fs_control,Low,High
CYP2A6,5.401e-9,1.201,snv_control,Low,High
DAGLA,0.99999,0.171,fs,High,Low
DCC,0.99448,0.283,fs_control,High,Medium
DCC,0.99448,0.283,snv_control,High,Medium
DCHS1,0.99997,0.242,snv,High,Medium
DDB1,0.99979,0.243,snv_control,High,Medium
DDR2,0.5503,0.376,snv_control,Medium,Medium
DDX41,5.5908e-8,0.736,snv_control,Low,High
DDX41,5.5908e-8,0.736,fs_control,Low,High
DDX6,0.99964,0.174,snv_control,High,Low
DEAF1,3.4113e-4,0.698,fs_control,Low,High
DES,0.0088282,0.596,snv_control,Low,Medium
DHTKD1,2.7884e-30,1.247,snv_control,Low,High
DHTKD1,2.7884e-30,1.247,fs_control,Low,High
DHX30,1,0.115,fs_control,High,Low
DHX30,1,0.115,snv_control,High,Low
DHX37,0.99252,0.289,snv_control,High,Medium
DHX37,0.99252,0.289,fs_control,High,Medium
DIABLO,2.5722e-6,1.307,fs_control,Low,High
DIAPH3,1.9877e-15,0.743,snv_control,Low,High
DICER1,1,0.166,snv_control,High,Low
DLL4,0.99982,0.188,snv_control,High,Low
DLL4,0.99982,0.188,fs_control,High,Low
DLX3,0.0025519,0.97,snv_control,Low,High
DMXL2,1,0.158,fs_control,High,Low
DMXL2,1,0.158,snv_control,High,Low
DNA2,1.2748e-18,0.927,snv_control,Low,High
DNA2,1.2748e-18,0.927,fs_control,Low,High
DNAJB11,0.22551,0.518,snv_control,Low,Medium
DNAJB11,0.22551,0.518,fs_control,Low,Medium
DNAJB6,0.85436,0.397,snv_control,High,Medium
DNAJC5,0.81216,0.48,snv_control,High,Medium
DNASE1,6.980099999999999e-21,1.948,snv_control,Low,High
DNM1,0.99917,0.252,snv_control,High,Medium
DNM1,0.99917,0.252,fs_control,High,Medium
DNM1L,5.6753e-4,0.505,fs_control,Low,Medium
DNM1L,5.6753e-4,0.505,snv,Low,Medium
DNMT1,1,0.143,snv_control,High,Low
DNMT3A,7.3538e-39,1.581,snv,Low,High
DPF2,0.99985,0.161,snv_control,High,Low
DPP6,0.33997,0.377,snv_control,Low,Medium
DPYSL5,0.99991,0.113,snv_control,High,Low
DSC2,5.1749e-8,0.689,snv_control,Low,High
DSC2,5.1749e-8,0.689,fs_control,Low,High
DSG2,2.7913e-10,0.79,snv,Low,High
DSP,0.99978,0.26,fs,High,Medium
DSP,0.99978,0.26,snv,High,Medium
DSTYK,0.51262,0.371,snv_control,Medium,Medium
DSTYK,0.51262,0.371,fs_control,Medium,Medium
DUSP6,0.97603,0.261,snv_control,High,Medium
DVL3,0.38544,0.422,snv_control,Medium,Medium
DVL3,0.38544,0.422,fs,Medium,Medium
DYNC1H1,1,0.08,snv_control,High,Low
DZIP1,3.1283e-20,1.03,snv_control,Low,High
EDN1,0.45504,0.635,snv_control,Medium,High
EDN3,0.024568,0.964,snv_control,Low,High
EEF1A2,0.99558,0.186,snv_control,High,Low
EFEMP1,0.99992,0.153,snv_control,High,Low
EFEMP1,0.99992,0.153,fs_control,High,Low
EFHC1,1.8959e-17,1.205,snv_control,Low,High
EFHC1,1.8959e-17,1.205,fs_control,Low,High
EFTUD2,1,0.094,fs,High,Low
EFTUD2,1,0.094,snv_control,High,Low
EGFR,0.36837,0.349,snv_control,Medium,Medium
EGFR,0.36837,0.349,fs_control,Medium,Medium
EGLN1,0.97403,0.303,fs_control,High,Medium
EIF2AK1,7.0148e-7,0.71,snv_control,Low,High
EIF4A2,0.99835,0.205,snv_control,High,Medium
EIF4A2,0.99835,0.205,fs_control,High,Medium
ELANE,0.0012274,1.129,fs,Low,High
ELMOD3,5.0378e-16,1.606,snv_control,Low,High
ELN,2.1429e-14,0.871,snv_control,Low,High
ELN,2.1429e-14,0.871,fs_control,Low,High
ELOVL1,0.67897,0.462,snv_control,High,Medium
ELOVL5,0.93341,0.355,snv_control,High,Medium
ELP4,1.2277e-7,1.028,snv_control,Low,High
EMILIN1,0.0043908,0.512,fs_control,Low,Medium
EMILIN1,0.0043908,0.512,snv_control,Low,Medium
ENAM,1.2999e-12,0.838,snv_control,Low,High
ENG,0.99858,0.24,snv,High,Medium
ENG,0.99858,0.24,fs_control,High,Medium
EP300,1,0.099,fs,High,Low
EP300,1,0.099,snv,High,Low
EPAS1,0.5961,0.381,snv_control,Medium,Medium
EPCAM,1.2844e-7,1.159,fs_control,Low,High
EPCAM,1.2844e-7,1.159,snv_control,Low,High
EPHA2,1.073e-5,0.555,snv_control,Low,Medium
EPHB4,0.013497,0.422,snv,Low,Medium
EPOR,0.0101,0.652,fs_control,Low,High
EPS8L3,9.2378e-14,0.914,snv_control,Low,High
ERBB3,1.7003e-15,0.685,fs_control,Low,High
ERBB4,0.99912,0.265,snv_control,High,Medium
ERBB4,0.99912,0.265,fs_control,High,Medium
ERCC6,5.1622e-22,0.802,snv_control,Low,High
ESR1,0.9992,0.19,snv_control,High,Low
ESR2,4.4516e-8,1.007,snv_control,Low,High
ETV6,0.9735,0.318,snv_control,High,Medium
ETV6,0.9735,0.318,fs_control,High,Medium
EVC,3.4620000000000003e-25,1.064,snv_control,Low,High
EVC2,1.0207e-34,1.064,snv,Low,High
EXT1,0.99732,0.261,snv,High,Medium
EXT2,1.3179e-9,0.766,fs_control,Low,High
EXT2,1.3179e-9,0.766,snv_control,Low,High
EYA1,0.94588,0.332,snv,High,Medium
EYA1,0.94588,0.332,fs,High,Medium
EYA4,0.04872,0.45,fs_control,Low,Medium
EYA4,0.04872,0.45,snv_control,Low,Medium
EZH2,1,0.146,snv_control,High,Low
F12,8.2526e-8,0.775,fs_control,Low,High
F12,8.2526e-8,0.775,snv_control,Low,High
F13A1,5.2851e-8,0.739,fs_control,Low,High
F13A1,5.2851e-8,0.739,snv,Low,High
F2,0.0011118,0.536,fs_control,Low,Medium
F2,0.0011118,0.536,snv,Low,Medium
F5,5.919e-15,0.562,snv_control,Low,Medium
FAM111B,0.098549,1.879,snv_control,Low,High
FAR1,0.98504,0.299,snv_control,High,Medium
FASLG,0.18345,0.716,fs_control,Low,High
FAT2,6.023e-18,0.507,snv_control,Low,Medium
FBLN1,0.91878,0.338,snv_control,High,Medium
FBLN5,0.9997,0.172,snv_control,High,Low
FBN1,1,0.049,fs,High,Low
FBN1,1,0.049,snv,High,Low
FBN2,1,0.205,fs_control,High,Medium
FBN2,1,0.205,snv_control,High,Medium
FBXO11,1,0.097,fs,High,Low
FBXO11,1,0.097,snv,High,Low
FBXW7,0.99949,0.232,snv,High,Medium
FGF12,0.62294,0.537,snv_control,Medium,Medium
FGF14,0.90887,0.392,snv_control,High,Medium
FGF8,0.67676,0.51,snv_control,High,Medium
FGFR1,0.99984,0.215,snv_control,High,Medium
FGFR2,0.99731,0.27,snv_control,High,Medium
FH,0.08824,0.544,fs,Low,Medium
FH,0.08824,0.544,snv,Low,Medium
FHOD3,0.066509,0.374,snv_control,Low,Medium
FIG4,2.3423e-34,1.24,fs_control,Low,High
FIG4,2.3423e-34,1.24,snv_control,Low,High
FIGLA,0.0022269,1.316,snv_control,Low,High
FLCN,0.78892,0.388,snv,High,Medium
FLI1,0.9894,0.28,snv_control,High,Medium
FLNB,6.0505e-10,0.443,snv_control,Low,Medium
FLNB,6.0505e-10,0.443,fs_control,Low,Medium
FLNC,0.99994,0.25,snv,High,Medium
FLNC,0.99994,0.25,fs,High,Medium
FLT4,1,0.147,snv,High,Low
FLT4,1,0.147,fs_control,High,Low
FN1,0.0014045,0.338,snv_control,Low,Medium
FN1,0.0014045,0.338,fs_control,Low,Medium
FOXE1,0.79203,0.576,snv_control,High,Medium
FOXF1,0.95792,0.302,snv_control,High,Medium
FOXJ1,0.96901,0.278,snv_control,High,Medium
FOXN1,0.94214,0.349,fs,High,Medium
FOXN1,0.94214,0.349,snv_control,High,Medium
FOXP2,0.99994,0.219,snv_control,High,Medium
FTL,1.6617e-9,1.946,snv_control,Low,High
FUS,0.9993,0.237,fs,High,Medium
FUS,0.9993,0.237,snv,High,Medium
FZD5,0.98255,0.283,snv_control,High,Medium
GABBR2,0.99999,0.167,fs_control,High,Low
GABBR2,0.99999,0.167,snv_control,High,Low
GABRA1,0.91489,0.367,snv_control,High,Medium
GABRA2,0.99598,0.229,snv_control,High,Medium
GABRA5,0.90535,0.372,snv_control,High,Medium
GABRB1,0.98116,0.306,snv_control,High,Medium
GABRB2,0.84876,0.385,snv_control,High,Medium
GABRB3,0.95138,0.341,snv_control,High,Medium
GABRD,0.99345,0.245,snv_control,High,Medium
GABRG2,0.73852,0.399,snv,High,Medium
GAL,4.3885e-6,1.75,snv_control,Low,High
GANAB,0.99873,0.267,snv_control,High,Medium
GATA2,0.97927,0.292,fs,High,Medium
GATA5,0.28478,0.629,snv_control,Low,High
GATA6,0.99709,0.174,snv_control,High,Low
GATA6,0.99709,0.174,fs_control,High,Low
GATAD2B,0.99998,0.097,fs_control,High,Low
GATM,0.051418,0.534,snv_control,Low,Medium
GCH1,0.90292,0.398,snv,High,Medium
GCK,0.63464,0.443,fs,Medium,Medium
GCK,0.63464,0.443,snv,Medium,Medium
GDF11,0.97645,0.298,snv_control,High,Medium
GFAP,1.4601e-6,1.026,snv_control,Low,High
GH1,0.030057,0.914,snv_control,Low,High
GHSR,0.0065825,1.012,snv_control,Low,High
GJA5,0.017871,0.813,snv_control,Low,High
GJB3,0.0021767,1.323,snv_control,Low,High
GLI2,0.97303,0.309,snv,High,Medium
GLI2,0.97303,0.309,fs,High,Medium
GLMN,1.1537e-12,0.906,fs_control,Low,High
GLMN,1.1537e-12,0.906,snv,Low,High
GLRA1,1.5816e-4,0.762,fs_control,Low,High
GLS,0.96154,0.323,fs_control,High,Medium
GLUD1,0.0070495,0.612,snv_control,Low,High
GLUL,0.9957,0.185,fs_control,High,Low
GMNN,0.1149,0.825,fs_control,Low,High
GMNN,0.1149,0.825,snv_control,Low,High
GNA11,0.88941,0.395,snv_control,High,Medium
GNAI3,0.038287,0.611,snv_control,Low,High
GNAI3,0.038287,0.611,fs_control,Low,High
GNAL,0.99829,0.206,fs_control,High,Medium
GNAO1,0.98963,0.261,snv_control,High,Medium
GNAO1,0.98963,0.261,fs_control,High,Medium
GNAS,0.68076,0.372,snv,High,Medium
GNB1,0.9992,0.145,fs_control,High,Low
GNB2,0.98876,0.265,snv_control,High,Medium
GNB4,0.0023672,0.698,snv_control,Low,High
GPD1L,0.038201,0.701,snv_control,Low,High
GPD2,8.1316e-11,0.86,snv_control,Low,High
GRHL3,0.99292,0.277,snv_control,High,Medium
GRHL3,0.99292,0.277,fs_control,High,Medium
GRIA1,0.99869,0.259,snv_control,High,Medium
GRIA2,0.99916,0.247,fs_control,High,Medium
GRIA2,0.99916,0.247,snv_control,High,Medium
GRIN1,0.97629,0.309,fs_control,High,Medium
GRIN2A,0.99998,0.188,snv,High,Low
GRIN2A,0.99998,0.188,fs,High,Low
GRIN2B,1,0.061,snv,High,Low
GRIN2B,1,0.061,fs,High,Low
GRIN2D,0.99996,0.167,snv_control,High,Low
GRM1,0.14279,0.415,snv_control,Low,Medium
GRN,0.069666,0.483,fs_control,Low,Medium
GRN,0.069666,0.483,snv_control,Low,Medium
GUCA1A,4.1429e-4,1.416,snv_control,Low,High
GUCA1B,2.1337e-4,1.242,snv_control,Low,High
GUCY2C,1.3919e-30,1.079,snv_control,Low,High
GUCY2C,1.3919e-30,1.079,fs_control,Low,High
GUCY2D,6.4574e-10,0.748,snv,Low,High
HAL,2.4971e-23,1.305,snv_control,Low,High
HBA2,0.003063,1.934,snv_control,Low,High
HCN1,0.99989,0.181,fs_control,High,Low
HCN1,0.99989,0.181,snv_control,High,Low
HCN2,0.48885,0.448,snv_control,Medium,Medium
HCN4,0.99867,0.239,snv_control,High,Medium
HDC,0.0041094,0.548,snv_control,Low,Medium
HEPACAM,0.86791,0.409,snv_control,High,Medium
HESX1,7.9734e-4,1.237,snv_control,Low,High
HIVEP2,1,0.08,snv,High,Low
HK1,0.91459,0.334,snv_control,High,Medium
HK1,0.91459,0.334,fs_control,High,Medium
HMCN1,3.6259e-38,0.483,snv_control,Low,Medium
HMGA2,0.87015,0.449,fs_control,High,Medium
HMGA2,0.87015,0.449,snv_control,High,Medium
HMMR,5.5222e-21,1.118,snv_control,Low,High
HNF1A,0.96115,0.33,snv,High,Medium
HNF4A,0.15285,0.505,snv,Low,Medium
HNRNPA1,0.99911,0.147,snv_control,High,Low
HNRNPDL,0.077954,0.553,snv_control,Low,Medium
HNRNPK,0.99998,0.096,snv_control,High,Low
HNRNPU,1,0.114,fs_control,High,Low
HNRNPU,1,0.114,snv_control,High,Low
HNRNPU,1,0.114,fs,High,Low
HOXA2,0.19917,0.699,fs_control,Low,High
HOXA2,0.19917,0.699,snv_control,Low,High
HOXD10,0.062918,0.762,snv_control,Low,High
HOXD13,0.0086055,0.952,snv_control,Low,High
HPD,5.2764e-4,0.666,fs_control,Low,High
HPD,5.2764e-4,0.666,snv_control,Low,High
HRG,5.8888e-14,1.495,snv_control,Low,High
HS6ST1,0.92349,0.376,snv_control,High,Medium
HSF4,1.0632e-9,1.108,snv_control,Low,High
HSPA9,0.96852,0.319,snv_control,High,Medium
HSPB3,6.0944e-5,1.845,snv_control,Low,High
HSPB8,0.043128,1.14,snv_control,Low,High
HSPD1,0.99257,0.268,snv_control,High,Medium
HTRA1,4.9201e-4,0.752,fs_control,Low,High
HTRA1,4.9201e-4,0.752,snv_control,Low,High
HTT,1,0.176,snv_control,High,Low
HTT,1,0.176,fs_control,High,Low
IFITM5,2.1754e-6,1.949,snv_control,Low,High
IFNGR1,0.015503,0.7,snv_control,Low,High
IHH,0.31397,0.61,snv_control,Low,High
IKBKB,0.99192,0.29,snv_control,High,Medium
IKBKB,0.99192,0.29,fs_control,High,Medium
IKZF1,0.9986,0.156,snv_control,High,Low
IL17RD,1.053e-6,0.688,snv_control,Low,High
IMPG1,1.3662e-29,1.354,fs_control,Low,High
IMPG1,1.3662e-29,1.354,snv_control,Low,High
IMPG2,2.7548e-13,0.72,snv_control,Low,High
IMPG2,2.7548e-13,0.72,fs_control,Low,High
INSL3,0.015764,1.59,snv_control,Low,High
INSR,3.6145e-5,0.453,snv_control,Low,Medium
INSR,3.6145e-5,0.453,fs_control,Low,Medium
IRF2BP2,0.84558,0.451,snv_control,High,Medium
IRF3,1.1576e-4,0.917,snv_control,Low,High
IRF6,0.99961,0.132,snv,High,Low
IRF8,0.94807,0.344,snv_control,High,Medium
ITGA2B,1.5205e-16,0.756,snv_control,Low,High
ITGB3,0.0017189,0.519,snv_control,Low,Medium
ITGB3,0.0017189,0.519,fs_control,Low,Medium
ITPR3,2.5541e-22,0.569,snv_control,Low,Medium
IVNS1ABP,0.99442,0.281,snv_control,High,Medium
JAG1,1,0.146,snv_control,High,Low
JAK2,0.65372,0.341,snv_control,Medium,Medium
JARID2,0.99999,0.188,snv_control,High,Low
JPH1,0.76731,0.409,snv_control,High,Medium
JPH1,0.76731,0.409,fs_control,High,Medium
JUP,8.0103e-4,0.587,snv_control,Low,Medium
KAT5,0.088234,0.472,snv_control,Low,Medium
KAT6A,1,0.069,fs,High,Low
KAT6A,1,0.069,snv,High,Low
KAT6B,1,0.128,snv,High,Low
KAT6B,1,0.128,fs,High,Low
KBTBD13,2.2574e-10,1.87,snv_control,Low,High
KCNA5,0.0010938,0.919,snv_control,Low,High
KCNC2,0.18911,0.533,snv_control,Low,Medium
KCNC3,0.20575,0.587,snv_control,Low,Medium
KCNC3,0.20575,0.587,fs_control,Low,Medium
KCNE2,1.0145e-4,1.937,snv_control,Low,High
KCNH2,0.99593,0.274,snv,High,Medium
KCNH5,0.019692,0.442,snv_control,Low,Medium
KCNJ13,0.013685,0.859,snv_control,Low,High
KCNJ5,3.3577e-4,1.142,snv_control,Low,High
KCNJ6,0.54063,0.51,snv_control,Medium,Medium
KCNK4,0.005677,0.831,snv_control,Low,High
KCNMA1,0.99731,0.276,fs_control,High,Medium
KCNMA1,0.99731,0.276,snv_control,High,Medium
KCNN3,0.97227,0.319,snv_control,High,Medium
KCNQ1,4.5453e-8,0.814,snv,Low,High
KCNQ2,0.99998,0.158,snv,High,Low
KCNQ2,0.99998,0.158,fs,High,Low
KCNQ3,0.80089,0.356,snv_control,High,Medium
KCNQ3,0.80089,0.356,fs_control,High,Medium
KCNQ4,0.46799,0.41,fs_control,Medium,Medium
KCNQ4,0.46799,0.41,snv_control,Medium,Medium
KCNQ5,0.98011,0.306,snv_control,High,Medium
KCNQ5,0.98011,0.306,fs_control,High,Medium
KCNT1,2.7613e-5,0.471,fs_control,Low,Medium
KCNT1,2.7613e-5,0.471,snv_control,Low,Medium
KCNT2,0.041658,0.374,fs_control,Low,Medium
KCTD17,0.017683,0.814,fs_control,Low,High
KCTD17,0.017683,0.814,snv_control,Low,High
KDM1A,0.99667,0.276,snv_control,High,Medium
KDM1A,0.99667,0.276,fs_control,High,Medium
KDM3B,1,0.06,fs_control,High,Low
KDM3B,1,0.06,snv_control,High,Low
KDM4B,1,0.171,fs_control,High,Low
KDM4B,1,0.171,snv_control,High,Low
KDR,0.99982,0.249,snv_control,High,Medium
KIDINS220,0.073562,0.35,fs,Low,Medium
KIDINS220,0.073562,0.35,snv_control,Low,Medium
KIF11,1,0.121,snv_control,High,Low
KIF21A,2.865e-8,0.456,fs_control,Low,Medium
KIF21A,2.865e-8,0.456,snv,Low,Medium
KIF22,9.1697e-10,0.851,snv_control,Low,High
KIF2A,0.99998,0.162,snv_control,High,Low
KIF5A,0.99995,0.228,snv_control,High,Medium
KIF5C,1,0.117,fs_control,High,Low
KISS1R,0.43649,0.648,snv_control,Medium,High
KIT,0.98087,0.305,fs_control,High,Medium
KIT,0.98087,0.305,snv_control,High,Medium
KLF1,3.58e-4,1.128,snv_control,Low,High
KLHL10,0.97852,0.306,snv_control,High,Medium
KLHL24,0.0016745,0.65,snv_control,Low,High
KLHL24,0.0016745,0.65,fs_control,Low,High
KLHL3,0.94479,0.337,fs_control,High,Medium
KLHL3,0.94479,0.337,snv,High,Medium
KLHL7,4.559e-5,0.643,fs_control,Low,High
KLHL7,4.559e-5,0.643,snv_control,Low,High
KMT2A,1,0.065,fs_control,High,Low
KMT2A,1,0.065,snv_control,High,Low
KMT2B,1,0.07,snv_control,High,Low
KMT2C,1,0.122,fs_control,High,Low
KMT2C,1,0.122,snv_control,High,Low
KMT2E,1,0.06,fs,High,Low
KMT2E,1,0.06,snv,High,Low
KRAS,7.8803e-4,1.24,snv_control,Low,High
KRIT1,6.9333e-4,0.499,snv,Low,Medium
KRT10,0.0025253,0.622,snv_control,Low,High
KRT14,2.0311e-4,0.846,snv_control,Low,High
KRT16,1.5006e-14,1.614,fs_control,Low,High
KRT16,1.5006e-14,1.614,snv_control,Low,High
KRT17,1.098e-11,1.339,snv_control,Low,High
KRT5,0.64172,0.441,fs_control,Medium,Medium
KRT83,3.3665e-14,1.408,snv_control,Low,High
LAMA4,1.3909e-24,0.73,snv_control,Low,High
LAMB3,2.3136e-15,0.738,snv_control,Low,High
LBR,0.18143,0.422,snv_control,Low,Medium
LDB3,9.5733e-6,0.676,snv_control,Low,High
LDB3,9.5733e-6,0.676,fs_control,Low,High
LDLR,9.841e-24,1.128,snv_control,Low,High
LEMD2,0.75293,0.413,fs_control,High,Medium
LEMD3,0.99877,0.253,snv,High,Medium
LGI1,0.99914,0.191,snv,High,Low
LGR4,0.48705,0.382,snv_control,Medium,Medium
LHX4,0.017521,0.686,fs_control,Low,High
LIM2,6.7834e-4,1.28,snv_control,Low,High
LIPC,3.2764e-7,0.93,snv_control,Low,High
LITAF,0.030752,1.284,snv_control,Low,High
LMBR1,1.2575e-8,0.826,snv_control,Low,High
LMBRD2,1.6404e-4,0.547,snv_control,Low,Medium
LMNA,0.9994,0.209,snv_control,High,Medium
LMNA,0.9994,0.209,fs_control,High,Medium
LMNB1,0.55481,0.414,snv_control,Medium,Medium
LMNB2,0.99996,0.104,fs_control,High,Low
LMNB2,0.99996,0.104,snv_control,High,Low
LMX1B,0.74637,0.415,snv_control,High,Medium
LOX,0.98769,0.285,snv_control,High,Medium
LOX,0.98769,0.285,fs_control,High,Medium
LPP,0.0071908,0.56,snv_control,Low,Medium
LRP1,1,0.058,snv_control,High,Low
LRP4,1.4386e-6,0.416,snv_control,Low,Medium
LRP4,1.4386e-6,0.416,fs_control,Low,Medium
LRP5,0.50992,0.341,snv,Medium,Medium
LRRK2,2.5756999999999997e-30,0.64,snv_control,Low,High
LRSAM1,3.1008e-13,0.754,fs,Low,High
LRSAM1,3.1008e-13,0.754,snv,Low,High
LYN,0.99886,0.221,snv_control,High,Medium
MAF,0.74382,0.537,snv_control,High,Medium
MAP1B,1,0.133,fs_control,High,Low
MAP1B,1,0.133,snv_control,High,Low
MAP2K1,0.89669,0.377,snv_control,High,Medium
MAP2K2,0.96673,0.325,snv_control,High,Medium
MAP3K1,0.99998,0.214,snv_control,High,Medium
MAP3K7,0.99971,0.212,snv_control,High,Medium
MAPK8IP1,0.99983,0.163,snv_control,High,Low
MAPK8IP3,1,0.15,fs_control,High,Low
MAPK8IP3,1,0.15,snv_control,High,Low
MAPKAPK3,3.7216e-9,1.115,snv_control,Low,High
MAPRE2,0.8341,0.406,fs_control,High,Medium
MAPRE2,0.8341,0.406,snv_control,High,Medium
MAT1A,8.0978e-4,0.809,snv_control,Low,High
MATN3,1.35e-8,1.249,snv_control,Low,High
MBD4,1.9706e-14,1.242,snv,Low,High
MCM2,2.6301e-5,0.585,snv_control,Low,Medium
MCM6,0.97833,0.309,snv_control,High,Medium
MCOLN1,5.8027e-4,0.604,snv_control,Low,High
MED13,1,0.03,snv_control,High,Low
MED13,1,0.03,fs_control,High,Low
MED13L,1,0.064,snv,High,Low
MEF2C,0.017256,0.608,snv_control,Low,High
MEF2C,0.017256,0.608,fs_control,Low,High
MEFV,1.0177e-14,1.129,fs_control,Low,High
MEIS2,0.99938,0.184,fs_control,High,Low
MEIS2,0.99938,0.184,snv_control,High,Low
MET,0.96998,0.305,snv_control,High,Medium
MFAP5,0.0050619,0.849,snv_control,Low,High
MFN2,0.99415,0.282,snv,High,Medium
MFN2,0.99415,0.282,fs_control,High,Medium
MIB1,3.3573999999999995e-88,1.973,snv_control,Low,High
MIB1,3.3573999999999995e-88,1.973,fs_control,Low,High
MINPP1,4.5482e-4,0.76,snv_control,Low,High
MITF,0.98119,0.308,snv,High,Medium
MLH1,3.41e-5,0.575,fs,Low,Medium
MLH1,3.41e-5,0.575,snv,Low,Medium
MME,1.465e-18,0.923,snv_control,Low,High
MMP13,7.8767e-18,1.524,fs_control,Low,High
MMP13,7.8767e-18,1.524,snv_control,Low,High
MMP19,1.9975e-20,1.467,snv_control,Low,High
MN1,0.99999,0.087,snv,High,Low
MN1,0.99999,0.087,fs,High,Low
MPEG1,3.5925e-16,1.634,snv_control,Low,High
MPO,7.105e-15,1.145,fs_control,Low,High
MRAP2,2.5633e-7,1.878,snv_control,Low,High
MRAS,0.92111,0.368,snv_control,High,Medium
MSH2,0.89539,0.334,snv,High,Medium
MSH6,3.6705e-5,0.498,snv,Low,Medium
MSH6,3.6705e-5,0.498,fs,Low,Medium
MST1R,7.8684e-37,1.263,snv_control,Low,High
MSTO1,1.6182e-9,1.076,fs_control,Low,High
MSTO1,1.6182e-9,1.076,snv_control,Low,High
MTHFR,3.2068e-10,0.922,snv,Low,High
MTMR14,1.3607e-7,0.691,snv_control,Low,High
MTOR,1,0.185,snv_control,High,Low
MTOR,1,0.185,fs_control,High,Low
MVK,0.16679,0.545,snv,Low,Medium
MYBPC1,4.835e-5,0.46,fs_control,Low,Medium
MYBPC1,4.835e-5,0.46,snv_control,Low,Medium
MYH11,0.77299,0.305,fs_control,High,Medium
MYH2,3.6703e-23,0.686,fs_control,Low,High
MYH2,3.6703e-23,0.686,snv_control,Low,High
MYH7,4.2385e-16,0.575,snv_control,Low,Medium
MYH9,1,0.088,fs,High,Low
MYH9,1,0.088,snv,High,Low
MYL2,2.7303e-8,1.751,fs_control,Low,High
MYL2,2.7303e-8,1.751,snv_control,Low,High
MYL3,0.087906,0.898,fs_control,Low,High
MYL4,1.2029e-4,1.377,fs_control,Low,High
MYLK2,0.23336,0.477,snv_control,Low,Medium
MYO6,2.4287e-5,0.419,fs,Low,Medium
MYO6,2.4287e-5,0.419,snv,Low,Medium
MYO7A,1.6097e-38,0.848,snv,Low,High
MYOCD,0.33364,0.387,fs_control,Low,Medium
MYOCD,0.33364,0.387,snv_control,Low,Medium
MYOF,1.4749999999999998e-54,0.904,snv_control,Low,High
MYOT,3.3663e-8,0.925,snv_control,Low,High
MYPN,2.611e-6,0.506,fs_control,Low,Medium
MYPN,2.611e-6,0.506,snv_control,Low,Medium
MYRF,1,0.117,fs_control,High,Low
MYRF,1,0.117,snv_control,High,Low
NAA15,0.99578,0.28,snv,High,Medium
NAA15,0.99578,0.28,fs_control,High,Medium
NAF1,0.97793,0.307,snv_control,High,Medium
NAGLU,1.3655e-8,0.903,snv,Low,High
NALCN,8.5243e-14,0.522,fs_control,Low,Medium
NALCN,8.5243e-14,0.522,snv_control,Low,Medium
NCDN,0.99964,0.175,fs_control,High,Low
NCSTN,0.99942,0.234,fs_control,High,Medium
NCSTN,0.99942,0.234,snv_control,High,Medium
NEDD4L,1,0.198,snv_control,High,Low
NEFH,2.6684e-12,1.064,snv_control,Low,High
NEUROD1,0.77109,0.514,snv_control,High,Medium
NEUROD2,0.94202,0.332,snv_control,High,Medium
NEXN,3.9115e-11,0.779,fs_control,Low,High
NEXN,3.9115e-11,0.779,snv_control,Low,High
NF1,0.90175,0.29,snv_control,High,Medium
NF1,0.90175,0.29,fs_control,High,Medium
NF2,1,0.086,snv_control,High,Low
NFIA,0.99959,0.202,snv_control,High,Medium
NFIA,0.99959,0.202,fs_control,High,Medium
NFIB,0.99861,0.225,snv_control,High,Medium
NFIB,0.99861,0.225,fs_control,High,Medium
NFKB1,1,0.138,fs_control,High,Low
NFKB1,1,0.138,snv_control,High,Low
NFKBIA,0.99452,0.193,snv_control,High,Low
NIPBL,1,0.032,snv,High,Low
NIPBL,1,0.032,fs,High,Low
NKX2-1,0.35874,0.586,snv,Medium,Medium
NLRC4,9.8714e-12,0.918,snv_control,Low,High
NLRP1,4.9693e-19,0.836,snv_control,Low,High
NLRP12,3.6493e-28,1.355,fs_control,Low,High
NLRP12,3.6493e-28,1.355,snv_control,Low,High
NLRP3,8.1103e-4,0.519,snv_control,Low,Medium
NODAL,0.97028,0.31,fs_control,High,Medium
NODAL,0.97028,0.31,snv_control,High,Medium
NOTCH2,1,0.116,snv,High,Low
NOTCH2,1,0.116,fs,High,Low
NOTCH3,0.40757,0.322,fs,Medium,Medium
NOTCH3,0.40757,0.322,snv,Medium,Medium
NOVA2,0.98259,0.242,snv_control,High,Medium
NPPA,5.4522e-4,1.741,snv_control,Low,High
NPR2,4.2042e-5,0.495,snv,Low,Medium
NPR2,4.2042e-5,0.495,fs_control,Low,Medium
NPRL2,0.38813,0.47,fs_control,Medium,Medium
NPRL2,0.38813,0.47,snv_control,Medium,Medium
NR0B2,8.3377e-6,1.638,fs_control,Low,High
NR0B2,8.3377e-6,1.638,snv_control,Low,High
NR2F1,0.99482,0.191,snv,High,Low
NR2F2,0.98972,0.217,snv_control,High,Medium
NR3C1,0.96958,0.32,snv_control,High,Medium
NR3C1,0.96958,0.32,fs_control,High,Medium
NR3C2,0.83739,0.35,snv,High,Medium
NR4A2,0.99959,0.133,snv_control,High,Low
NRAS,0.49009,0.612,snv_control,Medium,High
NSD1,1,0.095,snv,High,Low
NSMF,0.26482,0.443,snv_control,Low,Medium
NTN1,0.99687,0.222,snv_control,High,Medium
NTRK2,1,0.112,snv_control,High,Low
NUS1,0.98117,0.247,snv,High,Medium
OAS1,3.4489e-5,0.927,snv_control,Low,High
OPLAH,6.9736e-17,0.868,snv,Low,High
OPLAH,6.9736e-17,0.868,fs_control,Low,High
OPN1SW,0.021134,0.786,snv_control,Low,High
OPTN,5.91e-18,1.256,snv_control,Low,High
OPTN,5.91e-18,1.256,fs_control,Low,High
OSBPL2,0.13102,0.481,fs_control,Low,Medium
OSMR,9.2144e-18,0.944,snv_control,Low,High
OVOL2,0.70889,0.567,snv_control,High,Medium
P4HA2,1.9699e-6,0.657,snv_control,Low,High
P4HB,0.99662,0.224,snv_control,High,Medium
PACS1,0.99999,0.185,snv_control,High,Low
PACS2,0.99583,0.279,snv_control,High,Medium
PALB2,3.0379000000000004e-19,1.006,snv,Low,High
PALB2,3.0379000000000004e-19,1.006,fs,Low,High
PALLD,5.2547e-6,0.508,snv_control,Low,Medium
PARN,3.7303e-4,0.519,fs_control,Low,Medium
PAX2,0.66999,0.434,snv_control,High,Medium
PAX3,0.24063,0.475,snv_control,Low,Medium
PAX3,0.24063,0.475,fs_control,Low,Medium
PAX8,0.99869,0.2,snv_control,High,Low
PAX8,0.99869,0.2,fs_control,High,Low
PAX9,0.30866,0.614,snv_control,Low,High
PBX1,0.99527,0.255,snv_control,High,Medium
PBX1,0.99527,0.255,fs_control,High,Medium
PCSK9,2.7059e-17,1.341,fs_control,Low,High
PCSK9,2.7059e-17,1.341,snv_control,Low,High
PDE10A,0.99986,0.213,fs_control,High,Medium
PDE10A,0.99986,0.213,snv_control,High,Medium
PDE11A,8.6896e-37,1.404,fs_control,Low,High
PDE11A,8.6896e-37,1.404,snv_control,Low,High
PDE3A,1.9291e-4,0.515,snv_control,Low,Medium
PDE4D,0.9998,0.206,snv_control,High,Medium
PDE6B,2.6155e-27,1.187,snv,Low,High
PDE6H,0.0082921,1.807,snv_control,Low,High
PDE8B,0.99905,0.249,snv_control,High,Medium
PDE8B,0.99905,0.249,fs_control,High,Medium
PDGFRB,0.9041,0.325,snv_control,High,Medium
PDX1,0.017775,1.053,snv_control,Low,High
PDYN,1.7033e-4,1.656,snv_control,Low,High
PER2,0.7148,0.347,fs_control,High,Medium
PER3,1.3661e-17,0.841,fs_control,Low,High
PER3,1.3661e-17,0.841,snv_control,Low,High
PERP,0.079462,0.927,snv_control,Low,High
PERP,0.079462,0.927,fs_control,Low,High
PEX6,6.253e-6,0.648,snv_control,Low,High
PHIP,1,0.113,snv_control,High,Low
PIEZO1,3.9379e-21,0.581,fs,Low,Medium
PIEZO1,3.9379e-21,0.581,snv_control,Low,Medium
PIGT,7.2959e-10,0.948,snv_control,Low,High
PIK3R1,0.99978,0.228,snv,High,Medium
PIK3R1,0.99978,0.228,fs_control,High,Medium
PIK3R2,0.016273,0.489,snv_control,Low,Medium
PIKFYVE,1.1074e-6,0.389,snv_control,Low,Medium
PIKFYVE,1.1074e-6,0.389,fs_control,Low,Medium
PITPNM3,0.99992,0.206,fs_control,High,Medium
PITPNM3,0.99992,0.206,snv_control,High,Medium
PKD1,1,0.179,fs,High,Low
PKD1,1,0.179,snv,High,Low
PKD2,1.7271e-4,0.497,snv_control,Low,Medium
PKLR,3.4869e-7,0.924,snv,Low,High
PKP2,3.1147e-18,1.059,snv_control,Low,High
PKP2,3.1147e-18,1.059,fs_control,Low,High
PLAU,2.3058e-6,0.853,snv_control,Low,High
PLCB4,3.0437e-6,0.449,snv_control,Low,Medium
PLCB4,3.0437e-6,0.449,fs_control,Low,Medium
PLCD1,1.7370000000000001e-19,1.103,snv_control,Low,High
PLCD1,1.7370000000000001e-19,1.103,fs_control,Low,High
PLCG2,0.99562,0.281,snv_control,High,Medium
PLD3,1.754e-5,0.772,snv_control,Low,High
PLEC,8.3469e-12,0.392,snv,Low,Medium
PLEC,8.3469e-12,0.392,fs,Low,Medium
PLG,0.010345,0.443,fs_control,Low,Medium
PLIN1,3.1486e-11,1.26,snv_control,Low,High
PLIN1,3.1486e-11,1.26,fs_control,Low,High
PMP2,0.0084728,1.301,snv_control,Low,High
PMP22,0.90958,0.386,fs,High,Medium
PMVK,2.7113e-5,1.395,snv_control,Low,High
PNKD,4.1392e-8,1.138,snv_control,Low,High
PNPT1,4.0072e-4,0.475,fs_control,Low,Medium
PNPT1,4.0072e-4,0.475,snv_control,Low,Medium
POFUT1,0.96303,0.33,snv_control,High,Medium
POGZ,1,0.119,snv,High,Low
POLD1,2.4179e-6,0.527,snv_control,Low,Medium
POLD1,2.4179e-6,0.527,fs_control,Low,Medium
POLE,8.0488e-27,0.64,snv_control,Low,High
POLE,8.0488e-27,0.64,fs_control,Low,High
POLG,2.0756e-9,0.555,fs,Low,Medium
POLG,2.0756e-9,0.555,snv_control,Low,Medium
POLG2,1.528e-10,1.059,snv_control,Low,High
POLG2,1.528e-10,1.059,fs_control,Low,High
POLR1A,0.9998,0.256,snv_control,High,Medium
POLR1A,0.9998,0.256,fs_control,High,Medium
POLR3B,1.6812e-23,0.868,fs_control,Low,High
POLR3B,1.6812e-23,0.868,snv_control,Low,High
POLR3F,1.038e-6,1.067,snv_control,Low,High
POLRMT,1.739e-20,0.943,snv_control,Low,High
POLRMT,1.739e-20,0.943,fs_control,Low,High
POU4F1,0.88762,0.421,snv_control,High,Medium
POU6F2,0.0015216,0.557,snv_control,Low,Medium
PPM1D,2.2321e-11,1.096,snv,Low,High
PPM1D,2.2321e-11,1.096,fs,Low,High
PPOX,0.02829,0.573,snv,Low,Medium
PPP1CB,0.99912,0.147,snv_control,High,Low
PPP1R12A,1,0.13,fs_control,High,Low
PPP1R12A,1,0.13,snv_control,High,Low
PPP2CA,0.9893,0.263,snv,High,Medium
PPP2R1A,0.98389,0.303,snv_control,High,Medium
PPP2R1A,0.98389,0.303,fs_control,High,Medium
PPP2R5D,0.99993,0.175,snv_control,High,Low
PPP3CA,0.99988,0.158,fs,High,Low
PPP3CA,0.99988,0.158,snv_control,High,Low
PRDM16,0.99999,0.187,fs_control,High,Low
PRDM16,0.99999,0.187,snv_control,High,Low
PRDX3,0.0042426,0.877,snv_control,Low,High
PRKAG2,0.99692,0.256,snv_control,High,Medium
PRKAR1A,0.99985,0.119,snv,High,Low
PRKCG,0.99985,0.203,snv_control,High,Medium
PRKD1,6.6485e-7,0.622,fs_control,Low,High
PRKD1,6.6485e-7,0.622,snv_control,Low,High
PRKG1,0.99938,0.235,snv_control,High,Medium
PRLR,0.98732,0.293,snv_control,High,Medium
PRODH,5.3577e-12,1.1,snv_control,Low,High
PRODH,5.3577e-12,1.1,fs_control,Low,High
PROK2,0.013828,1.645,snv_control,Low,High
PROM1,1.9485e-22,1.051,snv_control,Low,High
PROM1,1.9485e-22,1.051,fs_control,Low,High
PROS1,4.7089e-4,0.572,snv,Low,Medium
PRPF3,1,0.068,fs_control,High,Low
PRPF4,0.9993,0.227,snv_control,High,Medium
PRPF6,0.0032101,0.441,snv_control,Low,Medium
PRPF8,1,0.178,snv,High,Low
PRPF8,1,0.178,fs_control,High,Low
PRPH,4.7898e-14,1.383,snv_control,Low,High
PRPH2,0.11554,0.665,fs,Low,High
PRPH2,0.11554,0.665,snv,Low,High
PRRT2,0.57919,0.56,snv,Medium,Medium
PSAP,0.99051,0.285,snv_control,High,Medium
PSAP,0.99051,0.285,fs_control,High,Medium
PSENEN,0.87614,0.439,snv_control,High,Medium
PSTPIP1,2.4606e-6,0.761,snv_control,Low,High
PTDSS1,0.15093,0.448,snv_control,Low,Medium
PTEN,0.25651,0.507,snv,Low,Medium
PTH1R,0.57253,0.411,snv_control,Medium,Medium
PTPN1,0.81293,0.382,snv_control,High,Medium
PTPN11,0.99998,0.135,fs_control,High,Low
PTPN11,0.99998,0.135,snv_control,High,Low
PTPN22,3.4920999999999995e-21,1.089,snv_control,Low,High
PUF60,0.99677,0.245,snv,High,Medium
PUM1,1,0.129,fs_control,High,Low
PUM1,1,0.129,snv_control,High,Low
QRICH1,0.99576,0.275,fs_control,High,Medium
QRICH1,0.99576,0.275,snv_control,High,Medium
RABL3,8.0229e-4,0.972,snv_control,Low,High
RAC1,0.76228,0.467,snv_control,High,Medium
RAC2,0.96627,0.284,snv_control,High,Medium
RAD21,0.99701,0.256,snv_control,High,Medium
RAD51,0.026578,0.644,fs_control,Low,High
RAD51,0.026578,0.644,snv_control,Low,High
RAD54L,2.3634e-15,0.97,snv_control,Low,High
RAD54L,2.3634e-15,0.97,fs_control,Low,High
RAI1,1,0.116,snv_control,High,Low
RALA,0.97289,0.269,snv_control,High,Medium
RALA,0.97289,0.269,fs_control,High,Medium
RANBP2,1,0.142,fs_control,High,Low
RANBP2,1,0.142,snv_control,High,Low
RARB,0.99983,0.12,snv,High,Low
RASA1,1,0.129,snv,High,Low
RAX2,0.0082874,1.807,snv_control,Low,High
RB1,1,0.126,snv_control,High,Low
RB1,1,0.126,fs_control,High,Low
RBM12,0.0021086,0.822,snv_control,Low,High
RBM20,0.98954,0.295,fs_control,High,Medium
RBM20,0.98954,0.295,snv_control,High,Medium
RBP4,0.51951,0.594,fs_control,Medium,Medium
RBPJ,0.99853,0.241,snv_control,High,Medium
RDH12,2.2626e-9,1.435,fs,Low,High
RDH12,2.2626e-9,1.435,snv,Low,High
REEP2,0.43941,0.549,snv_control,Medium,Medium
RELA,0.99948,0.181,snv,High,Low
REN,2.4297e-7,0.959,snv_control,Low,High
RERE,1,0.12,snv_control,High,Low
RHAG,0.010404,0.65,fs_control,Low,High
RHO,1.3108e-4,1.083,snv,Low,High
RHOBTB2,0.013306,0.497,fs_control,Low,Medium
RHOBTB2,0.013306,0.497,snv_control,Low,Medium
RILPL1,0.38572,0.47,snv_control,Medium,Medium
RIT1,0.13281,0.645,snv_control,Low,High
RLBP1,1.1303e-5,1.08,snv_control,Low,High
RLBP1,1.1303e-5,1.08,fs_control,Low,High
RNASEL,1.9513e-10,1.133,snv_control,Low,High
RNF170,0.51091,0.52,snv_control,Medium,Medium
RNF213,4.9077999999999994e-55,0.656,snv_control,Low,High
ROBO4,2.942e-15,0.909,fs_control,Low,High
ROBO4,2.942e-15,0.909,snv_control,Low,High
ROM1,4.1221e-4,1.099,snv_control,Low,High
ROR2,1.2401e-4,0.558,snv,Low,Medium
RORA,0.40096,0.404,snv,Medium,Medium
RORA,0.40096,0.404,fs_control,Medium,Medium
RORB,0.99991,0.112,snv_control,High,Low
RP1,4.415e-13,0.704,snv,Low,High
RP1,4.415e-13,0.704,fs,Low,High
RP1L1,1.8205e-10,1.954,snv,Low,High
RP9,0.018956,0.803,snv_control,Low,High
RPE65,6.4889e-14,1.111,snv,Low,High
RPL15,0.97146,0.272,snv_control,High,Medium
RPL5,0.99776,0.167,snv_control,High,Low
RPS24,0.68141,0.591,snv_control,High,Medium
RPSA,0.93037,0.368,snv_control,High,Medium
RRAGD,0.81991,0.436,snv_control,High,Medium
RRM2B,0.002357,0.699,snv_control,Low,High
RTN2,0.41643,0.417,fs_control,Medium,Medium
RYR2,0.99999,0.25,snv_control,High,Medium
RYR2,0.99999,0.25,fs_control,High,Medium
SALL1,0.99971,0.196,snv,High,Low
SALL4,0.99997,0.101,snv_control,High,Low
SAMD9,1.0520999999999999e-33,1.243,snv_control,Low,High
SAMD9L,5.5651e-15,0.783,snv_control,Low,High
SATB1,0.99051,0.293,snv,High,Medium
SCAF4,1,0.106,fs_control,High,Low
SCAF4,1,0.106,snv_control,High,Low
SCN10A,9.945699999999999e-38,1.014,snv_control,Low,High
SCN1B,0.10186,1.265,snv_control,Low,High
SCN1B,0.10186,1.265,fs_control,Low,High
SCN3A,1,0.174,snv_control,High,Low
SCN4A,0.01294,0.378,fs,Low,Medium
SCN4A,0.01294,0.378,snv_control,Low,Medium
SCN4B,6.4529e-7,1.784,snv_control,Low,High
SCN5A,0.91291,0.308,snv,High,Medium
SCN5A,0.91291,0.308,fs,High,Medium
SCNN1A,1.0835e-11,0.912,snv_control,Low,High
SCNN1A,1.0835e-11,0.912,fs_control,Low,High
SCNN1B,5.7545e-8,0.798,snv,Low,High
SCNN1G,0.48199,0.408,fs_control,Medium,Medium
SDHA,2.6088e-10,0.859,snv_control,Low,High
SEC23A,1.0698e-11,0.741,snv_control,Low,High
SEC61A1,0.98675,0.295,snv_control,High,Medium
SEC63,2.0818e-7,0.57,snv_control,Low,Medium
SEMA3A,0.9779,0.307,snv_control,High,Medium
SEMA6B,0.06227,0.462,snv,Low,Medium
SEMA6B,0.06227,0.462,fs,Low,Medium
SERPINC1,0.99892,0.151,snv,High,Low
SERPIND1,2.5137e-10,1.497,snv_control,Low,High
SERPING1,0.96351,0.322,snv,High,Medium
SERPING1,0.96351,0.322,fs,High,Medium
SET,0.99597,0.183,fs_control,High,Low
SET,0.99597,0.183,snv_control,High,Low
SETD1A,1,0.136,fs_control,High,Low
SETD1A,1,0.136,snv_control,High,Low
SETX,0.95483,0.296,fs,High,Medium
SETX,0.95483,0.296,snv_control,High,Medium
SF3B2,0.99992,0.222,fs_control,High,Medium
SF3B2,0.99992,0.222,snv_control,High,Medium
SF3B4,0.99176,0.208,fs_control,High,Medium
SFTPA1,3.678e-4,1.45,snv_control,Low,High
SH3BP2,1.156e-11,1.135,snv_control,Low,High
SH3TC2,8.3409e-16,0.813,fs_control,Low,High
SH3TC2,8.3409e-16,0.813,snv,Low,High
SHH,0.98258,0.242,snv,High,Medium
SHOC2,0.99946,0.138,snv_control,High,Low
SIK1,0.93716,0.341,snv_control,High,Medium
SIK1,0.93716,0.341,fs_control,High,Medium
SIN3A,1,0.07,fs_control,High,Low
SIN3A,1,0.07,snv_control,High,Low
SIX3,0.94714,0.323,snv_control,High,Medium
SKI,0.99901,0.194,fs_control,High,Low
SKI,0.99901,0.194,snv_control,High,Low
SLC12A2,0.96153,0.31,fs_control,High,Medium
SLC12A2,0.96153,0.31,snv_control,High,Medium
SLC12A5,1,0.138,fs_control,High,Low
SLC12A5,1,0.138,snv_control,High,Low
SLC12A6,0.011377,0.395,snv,Low,Medium
SLC16A1,7.3565e-4,0.821,fs_control,Low,High
SLC17A8,0.0013196,0.608,snv_control,Low,High
SLC1A2,0.71036,0.424,snv_control,High,Medium
SLC1A2,0.71036,0.424,fs_control,High,Medium
SLC1A3,0.98914,0.281,snv_control,High,Medium
SLC25A11,0.53487,0.512,snv_control,Medium,Medium
SLC25A4,0.45334,0.636,fs_control,Medium,High
SLC26A8,4.2638e-12,0.835,snv_control,Low,High
SLC2A1,0.9941,0.241,snv,High,Medium
SLC2A2,3.4337e-8,0.923,snv_control,Low,High
SLC30A2,0.080883,0.615,snv_control,Low,High
SLC30A2,0.080883,0.615,fs_control,Low,High
SLC39A14,0.15001,0.554,snv_control,Low,Medium
SLC39A5,7.3793e-11,1.2,snv_control,Low,High
SLC39A5,7.3793e-11,1.2,fs_control,Low,High
SLC3A1,7.2168e-27,1.623,snv,Low,High
SLC40A1,0.98835,0.291,fs_control,High,Medium
SLC4A1,0.84602,0.349,snv,High,Medium
SLC4A3,1.227e-5,0.527,snv_control,Low,Medium
SLC52A1,3.5163e-6,1.506,snv_control,Low,High
SLC5A2,4.9184e-14,1.123,snv,Low,High
SLC6A1,0.99993,0.15,snv_control,High,Low
SLC6A5,8.977e-15,0.967,snv_control,Low,High
SLC6A5,8.977e-15,0.967,fs_control,Low,High
SLC7A9,9.0644e-10,1.121,snv_control,Low,High
SLCO2A1,2.2804e-13,1.053,snv,Low,High
SMAD2,0.99661,0.259,snv_control,High,Medium
SMAD3,0.79796,0.4,snv_control,High,Medium
SMARCA4,1,0.055,fs_control,High,Low
SMARCA4,1,0.055,snv_control,High,Low
SMARCC1,1,0.116,fs_control,High,Low
SMARCC1,1,0.116,snv_control,High,Low
SMARCD1,0.99947,0.206,snv,High,Medium
SMARCE1,0.99915,0.191,fs_control,High,Low
SMARCE1,0.99915,0.191,snv_control,High,Low
SMC3,1,0.037,fs_control,High,Low
SMC3,1,0.037,snv_control,High,Low
SNRNP200,1,0.082,fs_control,High,Low
SNRNP200,1,0.082,snv_control,High,Low
SNTA1,0.0056417,0.707,snv_control,Low,High
SOD1,0.1773,0.978,snv_control,Low,High
SON,1,0.118,fs_control,High,Low
SON,1,0.118,snv_control,High,Low
SOS1,1,0.14,snv_control,High,Low
SOS2,0.99955,0.256,snv_control,High,Medium
SOST,0.86731,0.453,fs_control,High,Medium
SOX10,0.99166,0.209,fs,High,Medium
SOX10,0.99166,0.209,snv,High,Medium
SOX5,0.99995,0.188,snv_control,High,Low
SOX9,0.99772,0.168,snv,High,Low
SOX9,0.99772,0.168,fs,High,Low
SPAST,0.99939,0.224,snv,High,Medium
SPECC1L,0.85887,0.332,snv_control,High,Medium
SPEN,1,0.071,snv_control,High,Low
SPINK1,0.31476,1.133,fs_control,Low,High
SPOP,0.99922,0.144,snv_control,High,Low
SPOP,0.99922,0.144,fs_control,High,Low
SPRED1,0.97246,0.319,snv,High,Medium
SPTAN1,1,0.101,fs_control,High,Low
SPTAN1,1,0.101,snv_control,High,Low
SPTBN1,1,0.088,snv_control,High,Low
SPTBN1,1,0.088,fs_control,High,Low
SPTLC1,4.1945e-11,0.978,snv_control,Low,High
SPTLC2,0.78035,0.39,snv_control,High,Medium
SREBF1,0.014708,0.45,fs_control,Low,Medium
SREBF1,0.014708,0.45,snv_control,Low,Medium
SRP54,0.99895,0.219,snv_control,High,Medium
SRRM2,1,0.118,snv_control,High,Low
SRRM2,1,0.118,fs_control,High,Low
SRSF1,0.98268,0.242,snv_control,High,Medium
STAG1,1,0.119,snv_control,High,Low
STAT1,0.99999,0.187,fs_control,High,Low
STAT1,0.99999,0.187,snv_control,High,Low
STAT3,1,0.095,snv_control,High,Low
STAT3,1,0.095,fs_control,High,Low
STAT5B,0.99988,0.22,snv_control,High,Medium
STAT5B,0.99988,0.22,fs_control,High,Medium
STAT6,0.98849,0.296,snv_control,High,Medium
STEAP3,5.3195e-9,1.344,snv_control,Low,High
STOX1,1.4404e-16,1.124,snv_control,Low,High
STT3A,0.002045,0.488,snv_control,Low,Medium
STX1B,0.98766,0.268,fs_control,High,Medium
STXBP1,1,0.086,snv,High,Low
SUFU,0.99992,0.111,snv_control,High,Low
SUPT16H,1,0.12,fs_control,High,Low
SUPT16H,1,0.12,snv_control,High,Low
SUZ12,0.99998,0.134,snv,High,Low
SYCP2,1,0.183,snv_control,High,Low
SYCP2,1,0.183,fs_control,High,Low
SYNE1,3.1898999999999998e-52,0.423,snv,Low,Medium
SYNE1,3.1898999999999998e-52,0.423,fs_control,Low,Medium
SYNE2,1.6503e-25,0.372,snv_control,Low,Medium
SYNE2,1.6503e-25,0.372,fs_control,Low,Medium
SYT1,0.60038,0.451,snv_control,Medium,Medium
SYT2,0.98133,0.287,snv_control,High,Medium
SYT2,0.98133,0.287,fs_control,High,Medium
TAB2,0.99998,0.098,fs_control,High,Low
TAB2,0.99998,0.098,snv_control,High,Low
TAF4,1,0.081,snv_control,High,Low
TAOK1,0.99787,0.274,snv,High,Medium
TARDBP,0.98542,0.275,snv_control,High,Medium
TBK1,0.075174,0.42,fs_control,Low,Medium
TBK1,0.075174,0.42,snv_control,Low,Medium
TBL1XR1,0.99995,0.106,snv_control,High,Low
TBL1XR1,0.99995,0.106,fs_control,High,Low
TBP,0.015031,0.619,fs_control,Low,High
TBR1,0.99901,0.194,fs,High,Low
TBX18,0.99905,0.193,snv_control,High,Low
TBX18,0.99905,0.193,fs_control,High,Low
TBX2,0.99329,0.246,snv_control,High,Medium
TBX3,0.98907,0.281,snv_control,High,Medium
TBX5,0.99954,0.135,snv,High,Low
TBX6,0.0068128,0.688,fs_control,Low,High
TCF12,0.67602,0.372,snv,High,Medium
TCF3,0.025824,0.498,fs_control,Low,Medium
TCF3,0.025824,0.498,snv_control,Low,Medium
TEAD1,0.9998,0.123,snv_control,High,Low
TEK,1,0.179,snv,High,Low
TEK,1,0.179,fs,High,Low
TERT,0.99046,0.293,snv_control,High,Medium
TET3,1,0.086,snv_control,High,Low
TFAP2A,0.98964,0.261,snv_control,High,Medium
TFAP2B,0.99023,0.259,snv_control,High,Medium
TFAP2B,0.99023,0.259,fs_control,High,Medium
TFG,0.14061,0.511,snv_control,Low,Medium
TGFB1,0.03685,0.614,fs_control,Low,High
TGFB1,0.03685,0.614,snv_control,Low,High
TGFB2,0.99905,0.148,snv,High,Low
TGFB3,0.98727,0.27,snv,High,Medium
TGFBR1,0.85379,0.383,snv_control,High,Medium
TGFBR2,0.12535,0.519,snv,Low,Medium
TGM6,1.1154e-24,1.367,snv_control,Low,High
THRA,0.32748,0.454,snv_control,Low,Medium
THSD1,5.5521e-8,0.883,snv_control,Low,High
TICAM1,NA,NA,snv_control,NA,NA
TIE1,1.2446000000000002e-19,0.885,snv_control,Low,High
TIMELESS,9.847599999999998e-35,0.977,snv_control,Low,High
TIMP3,0.63037,0.533,snv_control,Medium,Medium
TINF2,0.0012666,0.671,fs_control,Low,High
TLK2,1,0.114,fs_control,High,Low
TLK2,1,0.114,snv,High,Low
TLL1,0.17306,0.37,snv_control,Low,Medium
TLR3,1.6349e-7,0.801,snv_control,Low,High
TM4SF20,1.862e-4,1.634,snv_control,Low,High
TMC1,9.1808e-19,0.975,fs_control,Low,High
TMC1,9.1808e-19,0.975,snv_control,Low,High
TMEM106B,0.32576,0.604,snv_control,Low,High
TMEM127,0.012865,1.154,fs,Low,High
TMEM151A,0.0029247,0.943,snv_control,Low,High
TMEM43,1.1608e-12,1.276,snv_control,Low,High
TMEM43,1.1608e-12,1.276,fs_control,Low,High
TMEM63A,1.3865e-12,0.834,fs_control,Low,High
TMEM63A,1.3865e-12,0.834,snv_control,Low,High
TNFRSF11A,0.0087667,0.597,snv_control,Low,Medium
TNFRSF13B,2.0908e-15,1.958,snv_control,Low,High
TNFRSF1A,0.9949,0.236,snv_control,High,Medium
TNNI3,0.096284,0.692,fs_control,Low,High
TNNI3K,3.0654e-48,1.427,snv_control,Low,High
TNNT1,7.0202e-14,1.48,fs_control,Low,High
TNNT1,7.0202e-14,1.48,snv_control,Low,High
TNPO3,1.7546e-6,0.515,snv_control,Low,Medium
TNPO3,1.7546e-6,0.515,fs_control,Low,Medium
TOR1A,5.0557e-4,1.058,snv_control,Low,High
TP53,0.53235,0.469,snv,Medium,Medium
TP63,0.99728000000000006,0.267,snv,High,Medium
TPM1,0.0010165,0.783,snv_control,Low,High
TRAF3,0.99869,0.224,snv_control,High,Medium
TRAF7,0.021819,0.456,snv_control,Low,Medium
TRIM71,0.99969,0.172,fs_control,High,Low
TRIO,1,0.139,snv_control,High,Low
TRIO,1,0.139,fs_control,High,Low
TRPA1,7.230899999999999e-35,1.157,snv_control,Low,High
TRPC3,1.0806e-7,0.702,fs_control,Low,High
TRPC6,3.0274e-7,0.654,fs,Low,High
TRPC6,3.0274e-7,0.654,snv,Low,High
TRPM4,5.6531e-33,1.099,snv_control,Low,High
TRPS1,1,0.111,snv,High,Low
TRPS1,1,0.111,fs,High,Low
TRPV3,4.6013e-20,1.146,snv_control,Low,High
TRPV4,2.237e-16,1.057,snv_control,Low,High
TRRAP,1,0.06,fs_control,High,Low
TRRAP,1,0.06,snv_control,High,Low
TSC1,1,0.118,snv_control,High,Low
TSPAN12,0.69473,0.457,snv_control,High,Medium
TTC21B,2.704e-26,0.852,fs_control,Low,High
TTC21B,2.704e-26,0.852,snv_control,Low,High
TTR,0.51566,0.763,snv_control,Medium,High
TUBA1A,0.96654,0.317,snv_control,High,Medium
TUBA3D,7.2364e-10,1.565,snv_control,Low,High
TUBA4A,0.15983,0.62,snv_control,Low,High
TUBA8,3.5702e-5,1.095,snv_control,Low,High
TUBB2A,0.93478000000000006,0.363,snv_control,High,Medium
TUBB2B,0.9884,0.222,snv_control,High,Medium
TUBB6,1.6645e-4,1.041,snv_control,Low,High
TUBB8,0.017934,1.533,snv_control,Low,High
TUBG1,0.12882,0.517,snv_control,Low,Medium
TYR,4.9861e-32,1.964,snv,Low,High
UBA2,0.99851,0.241,fs_control,High,Medium
UBA2,0.99851,0.241,snv_control,High,Medium
UBAP1,0.91168,0.379,fs_control,High,Medium
UBAP1,0.91168,0.379,snv_control,High,Medium
UBIAD1,0.019529,1.026,snv_control,Low,High
UCHL1,0.99095,0.212,snv_control,High,Medium
UCHL1,0.99095,0.212,fs_control,High,Medium
UCP3,9.5517e-10,1.737,snv_control,Low,High
UNC119,1.4831e-4,1.327,snv_control,Low,High
UNC45B,2.9085e-15,0.909,snv_control,Low,High
USP48,1,0.161,snv_control,High,Low
USP7,1,0.061,snv_control,High,Low
USP7,1,0.061,fs_control,High,Low
VAMP2,0.88736,0.422,fs_control,High,Medium
VAMP2,0.88736,0.422,snv_control,High,Medium
VCAN,1,0.199,snv_control,High,Low
VCAN,1,0.199,fs_control,High,Low
VCL,0.046788,0.396,fs_control,Low,Medium
VCL,0.046788,0.396,snv_control,Low,Medium
VCP,0.99999,0.127,snv_control,High,Low
VCP,0.99999,0.127,fs_control,High,Low
VEGFC,0.49565,0.478,snv_control,Medium,Medium
VEZF1,0.99423,0.24,snv_control,High,Medium
VHL,0.079515,0.927,snv,Low,High
VHL,0.079515,0.927,fs,Low,High
VIM,0.71255,0.423,snv_control,High,Medium
VPS16,2.2652e-15,0.818,snv_control,Low,High
VPS16,2.2652e-15,0.818,fs_control,Low,High
VPS35,0.96921,0.313,snv_control,High,Medium
VPS4A,0.94474,0.347,snv_control,High,Medium
VSX1,0.035854,0.874,snv_control,Low,High
VWF,3.2187e-25,0.593,snv_control,Low,Medium
WAC,1,0.084,snv,High,Low
WBP11,0.99994,0.148,snv_control,High,Low
WDFY3,1,0.071,snv_control,High,Low
WDFY3,1,0.071,fs_control,High,Low
WDR11,1.3704e-8,0.532,snv_control,Low,Medium
WDR11,1.3704e-8,0.532,fs_control,Low,Medium
WDR26,1,0.085,fs_control,High,Low
WDR37,0.56642,0.412,snv_control,Medium,Medium
WFS1,1.6230999999999999e-38,1.93,snv,Low,High
WFS1,1.6230999999999999e-38,1.93,fs,Low,High
WNK1,1,0.126,fs_control,High,Low
WNK1,1,0.126,snv_control,High,Low
WNK4,6.8806000000000005e-25,1.049,fs_control,Low,High
WNK4,6.8806000000000005e-25,1.049,snv_control,Low,High
WNT10A,4.1667e-9,1.369,snv,Low,High
WT1,0.99648,0.247,snv,High,Medium
XPR1,0.99999,0.156,snv_control,High,Low
XRCC3,1.9134e-10,1.721,snv_control,Low,High
YAP1,0.99918,0.19,snv_control,High,Low
YAP1,0.99918,0.19,fs_control,High,Low
YEATS2,0.99639,0.28,snv_control,High,Medium
YY1,0.9938,0.198,snv,High,Low
ZCCHC8,0.96584,0.323,snv_control,High,Medium
ZEB2,1,0.107,snv,High,Low
ZFHX3,1,0.136,snv,High,Low
ZIC1,0.93378,0.364,snv,High,Medium
ZIC2,0.97362,0.267,snv_control,High,Medium
ZMYM2,0.66648,0.332,snv_control,High,Medium
ZMYM2,0.66648,0.332,fs_control,High,Medium
ZNF292,1,0.14,fs,High,Low
ZNF292,1,0.14,snv,High,Low
ZNF408,1.1792e-6,0.816,fs_control,Low,High
ZNF408,1.1792e-6,0.816,snv_control,Low,High
ZNF462,1,0.085,snv_control,High,Low
ZNF644,0.99914,0.253,snv_control,High,Medium
ZNF687,0.97101,0.319,snv_control,High,Medium
ZP3,2.8508e-4,0.952,fs_control,Low,High
