"transcript","id","type"
"ENST00000324856","1:026780752|C|A","snv"
"ENST00000256646","1:119915755|G|A","snv"
"ENST00000368799","1:152302705|C|A","snv"
"ENST00000368799","1:152302715|G|C","snv"
"ENST00000368799","1:152302715|G|T","snv"
"ENST00000368799","1:152302729|G|A","snv"
"ENST00000368799","1:152302738|C|A","snv"
"ENST00000368799","1:152302749|G|T","snv"
"ENST00000368799","1:152302773|A|T","snv"
"ENST00000368799","1:152302883|G|T","snv"
"ENST00000368799","1:152302903|G|A","snv"
"ENST00000368799","1:152303005|C|A","snv"
"ENST00000368799","1:152303012|A|C","snv"
"ENST00000368799","1:152303018|A|C","snv"
"ENST00000368799","1:152303059|C|A","snv"
"ENST00000368799","1:152303061|G|C","snv"
"ENST00000368799","1:152303127|G|C","snv"
"ENST00000368799","1:152303131|G|A","snv"
"ENST00000368799","1:152303188|T|A","snv"
"ENST00000368799","1:152303200|T|A","snv"
"ENST00000368799","1:152303202|G|C","snv"
"ENST00000368799","1:152303202|G|T","snv"
"ENST00000368799","1:152303206|G|A","snv"
"ENST00000368799","1:152303209|C|A","snv"
"ENST00000368799","1:152303221|C|A","snv"
"ENST00000368799","1:152303278|C|A","snv"
"ENST00000368799","1:152303341|C|A","snv"
"ENST00000368799","1:152303356|G|A","snv"
"ENST00000368799","1:152303358|G|T","snv"
"ENST00000368799","1:152303430|G|C","snv"
"ENST00000368799","1:152303452|C|A","snv"
"ENST00000368799","1:152303479|G|A","snv"
"ENST00000368799","1:152303535|G|T","snv"
"ENST00000368799","1:152303556|G|T","snv"
"ENST00000368799","1:152303560|G|A","snv"
"ENST00000368799","1:152303563|C|A","snv"
"ENST00000368799","1:152303578|G|A","snv"
"ENST00000368799","1:152303608|C|A","snv"
"ENST00000368799","1:152303629|C|A","snv"
"ENST00000368799","1:152303725|C|A","snv"
"ENST00000368799","1:152303731|G|A","snv"
"ENST00000368799","1:152303809|G|A","snv"
"ENST00000368799","1:152303818|G|A","snv"
"ENST00000368799","1:152303836|G|A","snv"
"ENST00000368799","1:152303839|C|A","snv"
"ENST00000368799","1:152303967|G|T","snv"
"ENST00000368799","1:152303988|G|T","snv"
"ENST00000368799","1:152304058|G|A","snv"
"ENST00000368799","1:152304109|C|A","snv"
"ENST00000368799","1:152304133|T|A","snv"
"ENST00000368799","1:152304174|G|C","snv"
"ENST00000368799","1:152304193|C|A","snv"
"ENST00000368799","1:152304222|C|T","snv"
"ENST00000368799","1:152304280|C|A","snv"
"ENST00000368799","1:152304309|G|T","snv"
"ENST00000368799","1:152304316|C|A","snv"
"ENST00000368799","1:152304319|G|A","snv"
"ENST00000368799","1:152304328|G|A","snv"
"ENST00000368799","1:152304330|G|C","snv"
"ENST00000368799","1:152304352|G|A","snv"
"ENST00000368799","1:152304381|G|C","snv"
"ENST00000368799","1:152304406|G|A","snv"
"ENST00000368799","1:152304427|T|A","snv"
"ENST00000368799","1:152304451|G|A","snv"
"ENST00000368799","1:152304507|G|C","snv"
"ENST00000368799","1:152304532|G|A","snv"
"ENST00000368799","1:152304535|C|A","snv"
"ENST00000368799","1:152304536|G|C","snv"
"ENST00000368799","1:152304536|G|T","snv"
"ENST00000368799","1:152304547|C|A","snv"
"ENST00000368799","1:152304562|T|A","snv"
"ENST00000368799","1:152304601|C|A","snv"
"ENST00000368799","1:152304631|G|A","snv"
"ENST00000368799","1:152304652|C|A","snv"
"ENST00000368799","1:152304655|G|A","snv"
"ENST00000368799","1:152304661|G|A","snv"
"ENST00000368799","1:152304703|G|A","snv"
"ENST00000368799","1:152304706|C|A","snv"
"ENST00000368799","1:152304738|G|C","snv"
"ENST00000368799","1:152304778|C|A","snv"
"ENST00000368799","1:152304790|G|A","snv"
"ENST00000368799","1:152304793|G|A","snv"
"ENST00000368799","1:152304808|G|A","snv"
"ENST00000368799","1:152304819|G|C","snv"
"ENST00000368799","1:152304825|G|C","snv"
"ENST00000368799","1:152304829|G|A","snv"
"ENST00000368799","1:152304841|C|A","snv"
"ENST00000368799","1:152304844|C|A","snv"
"ENST00000368799","1:152304853|C|A","snv"
"ENST00000368799","1:152304871|G|A","snv"
"ENST00000368799","1:152304887|C|T","snv"
"ENST00000368799","1:152304888|C|T","snv"
"ENST00000368799","1:152304922|G|A","snv"
"ENST00000368799","1:152304939|G|C","snv"
"ENST00000368799","1:152304939|G|T","snv"
"ENST00000368799","1:152304985|T|A","snv"
"ENST00000368799","1:152304999|G|C","snv"
"ENST00000368799","1:152304999|G|T","snv"
"ENST00000368799","1:152305012|C|A","snv"
"ENST00000368799","1:152305030|G|A","snv"
"ENST00000368799","1:152305065|G|C","snv"
"ENST00000368799","1:152305069|G|A","snv"
"ENST00000368799","1:152305105|T|A","snv"
"ENST00000368799","1:152305146|G|C","snv"
"ENST00000368799","1:152305146|G|T","snv"
"ENST00000368799","1:152305150|G|A","snv"
"ENST00000368799","1:152305153|C|A","snv"
"ENST00000368799","1:152305156|G|A","snv"
"ENST00000368799","1:152305165|C|A","snv"
"ENST00000368799","1:152305177|T|A","snv"
"ENST00000368799","1:152305210|C|A","snv"
"ENST00000368799","1:152305219|C|A","snv"
"ENST00000368799","1:152305237|G|A","snv"
"ENST00000368799","1:152305255|G|A","snv"
"ENST00000368799","1:152305374|G|C","snv"
"ENST00000368799","1:152305378|G|A","snv"
"ENST00000368799","1:152305381|C|A","snv"
"ENST00000368799","1:152305423|G|A","snv"
"ENST00000368799","1:152305514|G|C","snv"
"ENST00000368799","1:152305539|G|C","snv"
"ENST00000368799","1:152305603|G|A","snv"
"ENST00000368799","1:152305609|G|A","snv"
"ENST00000368799","1:152305612|C|A","snv"
"ENST00000368799","1:152305801|G|A","snv"
"ENST00000368799","1:152305992|G|C","snv"
"ENST00000368799","1:152305992|G|T","snv"
"ENST00000368799","1:152306122|G|A","snv"
"ENST00000368799","1:152306184|G|C","snv"
"ENST00000368799","1:152306253|G|C","snv"
"ENST00000368799","1:152306272|G|A","snv"
"ENST00000368799","1:152306325|G|T","snv"
"ENST00000368799","1:152306346|G|C","snv"
"ENST00000368799","1:152306346|G|T","snv"
"ENST00000368799","1:152306350|G|A","snv"
"ENST00000368799","1:152306356|C|A","snv"
"ENST00000368799","1:152306395|G|A","snv"
"ENST00000368799","1:152306929|T|A","snv"
"ENST00000368799","1:152307013|G|A","snv"
"ENST00000368799","1:152307049|T|A","snv"
"ENST00000368799","1:152307088|T|A","snv"
"ENST00000368799","1:152307109|C|A","snv"
"ENST00000368799","1:152307121|T|A","snv"
"ENST00000368799","1:152307166|G|A","snv"
"ENST00000368799","1:152307181|G|A","snv"
"ENST00000368799","1:152307197|C|T","snv"
"ENST00000368799","1:152307198|C|T","snv"
"ENST00000368799","1:152307223|C|A","snv"
"ENST00000368799","1:152307225|G|C","snv"
"ENST00000368799","1:152307229|G|A","snv"
"ENST00000368799","1:152307246|G|T","snv"
"ENST00000368799","1:152307291|G|T","snv"
"ENST00000368799","1:152307297|G|C","snv"
"ENST00000368799","1:152307318|G|C","snv"
"ENST00000368799","1:152307322|G|A","snv"
"ENST00000368799","1:152307363|G|T","snv"
"ENST00000368799","1:152307391|C|A","snv"
"ENST00000368799","1:152307423|G|C","snv"
"ENST00000368799","1:152307423|G|T","snv"
"ENST00000368799","1:152307444|A|T","snv"
"ENST00000368799","1:152307452|G|C","snv"
"ENST00000368799","1:152307452|G|T","snv"
"ENST00000368799","1:152307475|C|A","snv"
"ENST00000368799","1:152307553|G|A","snv"
"ENST00000368799","1:152307556|T|A","snv"
"ENST00000368799","1:152307619|G|A","snv"
"ENST00000368799","1:152307638|G|C","snv"
"ENST00000368799","1:152307638|G|T","snv"
"ENST00000368799","1:152307675|G|T","snv"
"ENST00000368799","1:152307706|G|A","snv"
"ENST00000368799","1:152307831|G|C","snv"
"ENST00000368799","1:152307855|G|T","snv"
"ENST00000368799","1:152307880|G|A","snv"
"ENST00000368799","1:152307925|G|A","snv"
"ENST00000368799","1:152307946|G|A","snv"
"ENST00000368799","1:152307981|G|C","snv"
"ENST00000368799","1:152307985|G|A","snv"
"ENST00000368799","1:152308027|C|A","snv"
"ENST00000368799","1:152308062|G|C","snv"
"ENST00000368799","1:152308066|G|A","snv"
"ENST00000368799","1:152308117|C|A","snv"
"ENST00000368799","1:152308194|G|T","snv"
"ENST00000368799","1:152308201|G|A","snv"
"ENST00000368799","1:152308207|G|A","snv"
"ENST00000368799","1:152308218|G|T","snv"
"ENST00000368799","1:152308238|C|T","snv"
"ENST00000368799","1:152308239|C|T","snv"
"ENST00000368799","1:152308263|G|T","snv"
"ENST00000368799","1:152308269|G|C","snv"
"ENST00000368799","1:152308290|G|C","snv"
"ENST00000368799","1:152308290|G|T","snv"
"ENST00000368799","1:152308304|A|C","snv"
"ENST00000368799","1:152308339|G|A","snv"
"ENST00000368799","1:152308363|C|A","snv"
"ENST00000368799","1:152308395|G|C","snv"
"ENST00000368799","1:152308438|G|A","snv"
"ENST00000368799","1:152308444|C|A","snv"
"ENST00000368799","1:152308468|C|A","snv"
"ENST00000368799","1:152308483|G|A","snv"
"ENST00000368799","1:152308489|C|A","snv"
"ENST00000368799","1:152308500|G|C","snv"
"ENST00000368799","1:152308519|G|A","snv"
"ENST00000368799","1:152308529|A|C","snv"
"ENST00000368799","1:152308540|C|A","snv"
"ENST00000368799","1:152308552|C|A","snv"
"ENST00000368799","1:152308573|C|A","snv"
"ENST00000368799","1:152308610|G|C","snv"
"ENST00000368799","1:152308626|G|T","snv"
"ENST00000368799","1:152308678|G|A","snv"
"ENST00000368799","1:152308699|C|A","snv"
"ENST00000368799","1:152308702|G|A","snv"
"ENST00000368799","1:152308707|G|T","snv"
"ENST00000368799","1:152308717|G|A","snv"
"ENST00000368799","1:152308725|G|C","snv"
"ENST00000368799","1:152308725|G|T","snv"
"ENST00000368799","1:152308759|G|A","snv"
"ENST00000368799","1:152308769|G|C","snv"
"ENST00000368799","1:152308769|G|T","snv"
"ENST00000368799","1:152308803|G|T","snv"
"ENST00000368799","1:152308810|G|A","snv"
"ENST00000368799","1:152308813|C|A","snv"
"ENST00000368799","1:152308827|G|T","snv"
"ENST00000368799","1:152308848|G|C","snv"
"ENST00000368799","1:152308858|G|A","snv"
"ENST00000368799","1:152308956|G|T","snv"
"ENST00000368799","1:152308960|G|A","snv"
"ENST00000368799","1:152308963|T|A","snv"
"ENST00000368799","1:152309037|G|C","snv"
"ENST00000368799","1:152309037|G|T","snv"
"ENST00000368799","1:152309041|G|A","snv"
"ENST00000368799","1:152309045|C|T","snv"
"ENST00000368799","1:152309056|C|A","snv"
"ENST00000368799","1:152309103|G|C","snv"
"ENST00000368799","1:152309110|C|A","snv"
"ENST00000368799","1:152309146|G|A","snv"
"ENST00000368799","1:152309227|C|A","snv"
"ENST00000368799","1:152309269|G|A","snv"
"ENST00000368799","1:152309290|T|A","snv"
"ENST00000368799","1:152309338|C|A","snv"
"ENST00000368799","1:152309341|G|A","snv"
"ENST00000368799","1:152309370|G|T","snv"
"ENST00000368799","1:152309391|G|T","snv"
"ENST00000368799","1:152309458|G|A","snv"
"ENST00000368799","1:152309475|G|T","snv"
"ENST00000368799","1:152309527|C|A","snv"
"ENST00000368799","1:152309566|G|A","snv"
"ENST00000368799","1:152309569|C|A","snv"
"ENST00000368799","1:152309601|G|T","snv"
"ENST00000368799","1:152309608|C|A","snv"
"ENST00000368799","1:152309622|G|T","snv"
"ENST00000368799","1:152309626|G|A","snv"
"ENST00000368799","1:152309644|G|A","snv"
"ENST00000368799","1:152309653|G|A","snv"
"ENST00000368799","1:152309674|C|A","snv"
"ENST00000368799","1:152309688|G|C","snv"
"ENST00000368799","1:152309700|G|T","snv"
"ENST00000368799","1:152309704|C|A","snv"
"ENST00000368799","1:152309709|G|T","snv"
"ENST00000368799","1:152309719|C|A","snv"
"ENST00000368799","1:152309734|G|A","snv"
"ENST00000368799","1:152309758|C|A","snv"
"ENST00000368799","1:152309767|C|A","snv"
"ENST00000368799","1:152309778|G|C","snv"
"ENST00000368799","1:152309778|G|T","snv"
"ENST00000368799","1:152309788|T|A","snv"
"ENST00000368799","1:152309823|G|T","snv"
"ENST00000368799","1:152309827|G|A","snv"
"ENST00000368799","1:152309848|T|A","snv"
"ENST00000368799","1:152309862|G|C","snv"
"ENST00000368799","1:152309932|G|A","snv"
"ENST00000368799","1:152309977|G|A","snv"
"ENST00000368799","1:152310029|A|T","snv"
"ENST00000368799","1:152310075|G|C","snv"
"ENST00000368799","1:152310082|C|A","snv"
"ENST00000368799","1:152310115|C|A","snv"
"ENST00000368799","1:152310118|G|A","snv"
"ENST00000368799","1:152310144|G|C","snv"
"ENST00000368799","1:152310148|C|A","snv"
"ENST00000368799","1:152310165|G|C","snv"
"ENST00000368799","1:152310235|C|A","snv"
"ENST00000368799","1:152310237|G|T","snv"
"ENST00000368799","1:152310259|G|A","snv"
"ENST00000368799","1:152310282|G|C","snv"
"ENST00000368799","1:152310286|G|A","snv"
"ENST00000368799","1:152310310|C|A","snv"
"ENST00000368799","1:152310313|G|A","snv"
"ENST00000368799","1:152310335|G|T","snv"
"ENST00000368799","1:152310342|G|C","snv"
"ENST00000368799","1:152310374|G|T","snv"
"ENST00000368799","1:152310385|G|A","snv"
"ENST00000368799","1:152310430|G|A","snv"
"ENST00000368799","1:152310439|G|A","snv"
"ENST00000368799","1:152310532|C|A","snv"
"ENST00000368799","1:152310556|G|A","snv"
"ENST00000368799","1:152310557|G|C","snv"
"ENST00000368799","1:152310589|C|A","snv"
"ENST00000368799","1:152310598|G|A","snv"
"ENST00000368799","1:152310616|T|A","snv"
"ENST00000368799","1:152310628|G|A","snv"
"ENST00000368799","1:152310654|G|T","snv"
"ENST00000368799","1:152310660|G|T","snv"
"ENST00000368799","1:152310664|G|A","snv"
"ENST00000368799","1:152310672|G|C","snv"
"ENST00000368799","1:152310688|C|A","snv"
"ENST00000368799","1:152310706|G|A","snv"
"ENST00000368799","1:152310774|G|C","snv"
"ENST00000368799","1:152310802|G|A","snv"
"ENST00000368799","1:152310834|G|T","snv"
"ENST00000368799","1:152310838|T|A","snv"
"ENST00000368799","1:152310844|G|A","snv"
"ENST00000368799","1:152310900|G|T","snv"
"ENST00000368799","1:152310904|G|A","snv"
"ENST00000368799","1:152310979|T|A","snv"
"ENST00000368799","1:152311036|C|A","snv"
"ENST00000368799","1:152311057|C|A","snv"
"ENST00000368799","1:152311087|C|A","snv"
"ENST00000368799","1:152311113|G|T","snv"
"ENST00000368799","1:152311123|C|A","snv"
"ENST00000368799","1:152311126|G|A","snv"
"ENST00000368799","1:152311135|G|A","snv"
"ENST00000368799","1:152311137|G|T","snv"
"ENST00000368799","1:152311157|C|T","snv"
"ENST00000368799","1:152311188|G|C","snv"
"ENST00000368799","1:152311188|G|T","snv"
"ENST00000368799","1:152311231|G|A","snv"
"ENST00000368799","1:152311258|G|A","snv"
"ENST00000368799","1:152311321|C|A","snv"
"ENST00000368799","1:152311357|G|A","snv"
"ENST00000368799","1:152311411|G|A","snv"
"ENST00000368799","1:152311438|G|A","snv"
"ENST00000368799","1:152311444|G|A","snv"
"ENST00000368799","1:152311510|G|A","snv"
"ENST00000368799","1:152311528|G|A","snv"
"ENST00000368799","1:152311529|G|T","snv"
"ENST00000368799","1:152311545|G|T","snv"
"ENST00000368799","1:152311561|C|A","snv"
"ENST00000368799","1:152311568|C|T","snv"
"ENST00000368799","1:152311632|G|C","snv"
"ENST00000368799","1:152311648|C|A","snv"
"ENST00000368799","1:152311660|C|A","snv"
"ENST00000368799","1:152311678|G|A","snv"
"ENST00000368799","1:152311694|C|T","snv"
"ENST00000368799","1:152311711|T|A","snv"
"ENST00000368799","1:152311746|G|C","snv"
"ENST00000368799","1:152311767|G|C","snv"
"ENST00000368799","1:152311786|C|A","snv"
"ENST00000368799","1:152311806|G|C","snv"
"ENST00000368799","1:152311837|G|A","snv"
"ENST00000368799","1:152311840|C|A","snv"
"ENST00000368799","1:152311872|G|T","snv"
"ENST00000368799","1:152311963|G|A","snv"
"ENST00000368799","1:152312001|C|T","snv"
"ENST00000368799","1:152312088|G|T","snv"
"ENST00000368799","1:152312154|G|T","snv"
"ENST00000368799","1:152312181|G|C","snv"
"ENST00000368799","1:152312185|G|A","snv"
"ENST00000368799","1:152312188|C|A","snv"
"ENST00000368799","1:152312254|C|A","snv"
"ENST00000368799","1:152312311|G|A","snv"
"ENST00000368799","1:152312359|C|A","snv"
"ENST00000368799","1:152312410|G|A","snv"
"ENST00000368799","1:152312437|T|A","snv"
"ENST00000368799","1:152312464|C|A","snv"
"ENST00000368799","1:152312482|G|A","snv"
"ENST00000368799","1:152312500|G|A","snv"
"ENST00000368799","1:152312501|G|T","snv"
"ENST00000368799","1:152312533|C|A","snv"
"ENST00000368799","1:152312538|G|C","snv"
"ENST00000368799","1:152312572|G|A","snv"
"ENST00000368799","1:152312587|G|A","snv"
"ENST00000368799","1:152312590|C|A","snv"
"ENST00000368799","1:152312616|G|C","snv"
"ENST00000368799","1:152312616|G|T","snv"
"ENST00000368799","1:152312668|G|A","snv"
"ENST00000368799","1:152312701|G|A","snv"
"ENST00000368799","1:152312704|C|A","snv"
"ENST00000368799","1:152312739|G|T","snv"
"ENST00000368799","1:152312743|G|A","snv"
"ENST00000368799","1:152312812|G|A","snv"
"ENST00000368799","1:152312851|T|A","snv"
"ENST00000368799","1:152312893|C|A","snv"
"ENST00000368799","1:152312928|G|C","snv"
"ENST00000368799","1:152312932|G|A","snv"
"ENST00000368799","1:152312938|G|A","snv"
"ENST00000368799","1:152312975|C|T","snv"
"ENST00000368799","1:152312976|C|T","snv"
"ENST00000368799","1:152313001|C|A","snv"
"ENST00000368799","1:152313004|G|A","snv"
"ENST00000368799","1:152313019|G|A","snv"
"ENST00000368799","1:152313060|G|T","snv"
"ENST00000368799","1:152313063|G|C","snv"
"ENST00000368799","1:152313073|G|A","snv"
"ENST00000368799","1:152313106|G|A","snv"
"ENST00000368799","1:152313135|G|T","snv"
"ENST00000368799","1:152313172|G|A","snv"
"ENST00000368799","1:152313178|G|A","snv"
"ENST00000368799","1:152313199|C|A","snv"
"ENST00000368799","1:152313205|G|A","snv"
"ENST00000368799","1:152313232|G|A","snv"
"ENST00000368799","1:152313282|G|T","snv"
"ENST00000368799","1:152313310|C|A","snv"
"ENST00000368799","1:152313313|C|A","snv"
"ENST00000368799","1:152313321|G|C","snv"
"ENST00000368799","1:152313366|G|T","snv"
"ENST00000368799","1:152313385|G|A","snv"
"ENST00000368799","1:152313391|G|A","snv"
"ENST00000368799","1:152313402|G|T","snv"
"ENST00000368799","1:152313409|G|A","snv"
"ENST00000368799","1:152313476|G|C","snv"
"ENST00000368799","1:152313492|G|T","snv"
"ENST00000368799","1:152313513|G|C","snv"
"ENST00000368799","1:152313513|G|T","snv"
"ENST00000368799","1:152313547|G|A","snv"
"ENST00000368799","1:152313565|C|A","snv"
"ENST00000368799","1:152313573|G|T","snv"
"ENST00000368799","1:152313600|G|C","snv"
"ENST00000368799","1:152313607|C|A","snv"
"ENST00000368799","1:152313669|G|C","snv"
"ENST00000368799","1:152313693|G|T","snv"
"ENST00000368799","1:152313700|T|A","snv"
"ENST00000368799","1:152313718|G|A","snv"
"ENST00000368799","1:152313721|G|A","snv"
"ENST00000368799","1:152313763|G|A","snv"
"ENST00000368799","1:152313823|G|A","snv"
"ENST00000368799","1:152313865|C|A","snv"
"ENST00000368799","1:152313900|G|C","snv"
"ENST00000368799","1:152313900|G|T","snv"
"ENST00000368799","1:152313904|G|A","snv"
"ENST00000368799","1:152313909|C|T","snv"
"ENST00000368799","1:152314083|G|T","snv"
"ENST00000368799","1:152314086|G|T","snv"
"ENST00000368799","1:152314101|G|T","snv"
"ENST00000368799","1:152314107|G|C","snv"
"ENST00000368799","1:152314107|G|T","snv"
"ENST00000368799","1:152314115|A|T","snv"
"ENST00000368799","1:152314132|C|A","snv"
"ENST00000368799","1:152314175|G|T","snv"
"ENST00000368799","1:152314197|G|C","snv"
"ENST00000368799","1:152314225|C|A","snv"
"ENST00000368799","1:152314321|C|A","snv"
"ENST00000368799","1:152314342|T|A","snv"
"ENST00000368799","1:152314347|G|C","snv"
"ENST00000368799","1:152314372|C|A","snv"
"ENST00000368799","1:152314381|T|A","snv"
"ENST00000368799","1:152314394|A|C","snv"
"ENST00000368799","1:152314429|C|A","snv"
"ENST00000368799","1:152314498|T|A","snv"
"ENST00000368799","1:152314509|G|T","snv"
"ENST00000368799","1:152314628|A|C","snv"
"ENST00000368799","1:152314639|G|A","snv"
"ENST00000368799","1:152315354|C|A","snv"
"ENST00000368799","1:152315369|T|A","snv"
"ENST00000367999","1:161170919|C|T","snv"
"ENST00000367999","1:161170938|G|A","snv"
"ENST00000367429","1:196747243|C|G","snv"
"ENST00000367400","1:197442275|G|T","snv"
"ENST00000366560","1:241500488|T|A","snv"
"ENST00000260649","2:044313933|C|G","snv"
"ENST00000260649","2:044320245|T|G","snv"
"ENST00000260649","2:044320294|C|A","snv"
"ENST00000260649","2:044320331|A|T","snv"
"ENST00000260649","2:044320382|G|T","snv"
"ENST00000260649","2:044320579|C|A","snv"
"ENST00000260649","2:044320600|C|A","snv"
"ENST00000234420","2:047806819|G|T","snv"
"ENST00000234454","2:072891418|C|T","snv"
"ENST00000234454","2:072891439|A|T","snv"
"ENST00000234454","2:072891466|C|T","snv"
"ENST00000258443","2:108897005|G|A","snv"
"ENST00000258443","2:108897133|C|T","snv"
"ENST00000258443","2:108897182|G|A","snv"
"ENST00000258443","2:108897198|G|T","snv"
"ENST00000258443","2:108897215|C|A","snv"
"ENST00000361492","2:120988297|G|T","snv"
"ENST00000361492","2:120988321|C|T","snv"
"ENST00000361492","2:120988575|C|A","snv"
"ENST00000361492","2:120990022|C|T","snv"
"ENST00000361492","2:120990280|C|T","snv"
"ENST00000627532","2:144389488|G|T","snv"
"ENST00000627532","2:144389558|G|A","snv"
"ENST00000260947","2:214728699|C|A","snv"
"ENST00000260947","2:214728811|G|T","snv"
"ENST00000260947","2:214728990|C|A","snv"
"ENST00000260947","2:214729002|T|A","snv"
"ENST00000338745","3:018349376|G|A","snv"
"ENST00000330688","3:025596528|C|A","snv"
"ENST00000330688","3:025596611|C|T","snv"
"ENST00000295754","3:030691555|G|T","snv"
"ENST00000423572","3:038550560|C|A","snv"
"ENST00000423572","3:038550647|G|A","snv"
"ENST00000423572","3:038550661|G|T","snv"
"ENST00000423572","3:038551022|C|A","snv"
"ENST00000423572","3:038551188|G|T","snv"
"ENST00000639785","3:122283774|C|A","snv"
"ENST00000639785","3:122284407|G|A","snv"
"ENST00000639785","3:122284528|C|G","snv"
"ENST00000360647","3:125232507|G|C","snv"
"ENST00000360647","3:125232678|G|T","snv"
"ENST00000360647","3:125232744|G|T","snv"
"ENST00000310926","3:133935806|G|T","snv"
"ENST00000264731","3:189894275|C|T","snv"
"ENST00000226760","4:006295145|G|T","snv"
"ENST00000226760","4:006300668|C|G","snv"
"ENST00000226760","4:006300701|C|A","snv"
"ENST00000226760","4:006300882|A|T","snv"
"ENST00000226760","4:006300891|C|T","snv"
"ENST00000226760","4:006300908|G|A","snv"
"ENST00000226760","4:006300969|C|T","snv"
"ENST00000226760","4:006300991|G|A","snv"
"ENST00000226760","4:006300992|G|A","snv"
"ENST00000226760","4:006301002|G|T","snv"
"ENST00000226760","4:006301082|C|A","snv"
"ENST00000226760","4:006301179|G|T","snv"
"ENST00000226760","4:006301229|G|A","snv"
"ENST00000226760","4:006301325|C|G","snv"
"ENST00000226760","4:006301379|C|G","snv"
"ENST00000226760","4:006301385|C|G","snv"
"ENST00000226760","4:006301415|G|A","snv"
"ENST00000226760","4:006301419|G|T","snv"
"ENST00000226760","4:006301558|G|A","snv"
"ENST00000226760","4:006301559|G|A","snv"
"ENST00000226760","4:006301630|G|A","snv"
"ENST00000226760","4:006301711|G|A","snv"
"ENST00000226760","4:006301745|T|G","snv"
"ENST00000226760","4:006301756|C|G","snv"
"ENST00000226760","4:006301775|C|G","snv"
"ENST00000226760","4:006301793|G|A","snv"
"ENST00000226760","4:006301854|C|T","snv"
"ENST00000226760","4:006301875|G|T","snv"
"ENST00000226760","4:006301894|G|A","snv"
"ENST00000226760","4:006301984|G|A","snv"
"ENST00000226760","4:006302046|G|T","snv"
"ENST00000226760","4:006302052|G|T","snv"
"ENST00000226760","4:006302175|G|T","snv"
"ENST00000226760","4:006302265|G|T","snv"
"ENST00000226760","4:006302305|G|A","snv"
"ENST00000226760","4:006302316|G|T","snv"
"ENST00000226760","4:006302352|C|T","snv"
"ENST00000226760","4:006302379|A|T","snv"
"ENST00000226760","4:006302385|G|T","snv"
"ENST00000358102","4:148081359|G|T","snv"
"ENST00000274376","5:087390854|C|T","snv"
"ENST00000439151","5:177292149|C|T","snv"
"ENST00000439151","5:177294239|C|T","snv"
"ENST00000439151","5:177294576|C|G","snv"
"ENST00000439151","5:177294948|G|A","snv"
"ENST00000439151","5:177294949|G|A","snv"
"ENST00000439151","5:177295242|G|A","snv"
"ENST00000439151","5:177295243|G|A","snv"
"ENST00000439151","5:177295454|A|T","snv"
"ENST00000379802","6:007582693|G|T","snv"
"ENST00000379802","6:007582858|C|T","snv"
"ENST00000379802","6:007582875|T|G","snv"
"ENST00000379802","6:007582975|G|T","snv"
"ENST00000379802","6:007583139|G|A","snv"
"ENST00000379802","6:007583197|C|T","snv"
"ENST00000379802","6:007583287|C|T","snv"
"ENST00000379802","6:007583378|T|G","snv"
"ENST00000379802","6:007583585|C|G","snv"
"ENST00000379802","6:007584112|C|T","snv"
"ENST00000379802","6:007584145|C|T","snv"
"ENST00000379802","6:007584262|C|T","snv"
"ENST00000379802","6:007584316|C|T","snv"
"ENST00000379802","6:007584631|C|T","snv"
"ENST00000379802","6:007584757|C|T","snv"
"ENST00000379802","6:007584770|G|A","snv"
"ENST00000379802","6:007584846|T|A","snv"
"ENST00000379802","6:007584898|C|T","snv"
"ENST00000379802","6:007585336|C|T","snv"
"ENST00000379802","6:007585413|G|A","snv"
"ENST00000379802","6:007585450|C|T","snv"
"ENST00000379802","6:007585555|C|T","snv"
"ENST00000379802","6:007585713|C|A","snv"
"ENST00000369577","6:087245640|C|A","snv"
"ENST00000369577","6:087255005|T|G","snv"
"ENST00000369577","6:087255058|G|T","snv"
"ENST00000369577","6:087255711|C|G","snv"
"ENST00000369577","6:087256319|C|A","snv"
"ENST00000369577","6:087257596|C|T","snv"
"ENST00000369577","6:087258043|C|T","snv"
"ENST00000369577","6:087258392|C|A","snv"
"ENST00000369577","6:087258667|C|T","snv"
"ENST00000369577","6:087258860|T|A","snv"
"ENST00000369577","6:087259570|A|T","snv"
"ENST00000369577","6:087260051|C|A","snv"
"ENST00000369577","6:087261014|C|A","snv"
"ENST00000369577","6:087261112|G|T","snv"
"ENST00000369577","6:087261280|G|T","snv"
"ENST00000369577","6:087261574|G|T","snv"
"ENST00000369577","6:087261731|C|G","snv"
"ENST00000367603","6:142753169|C|A","snv"
"ENST00000367603","6:142753237|A|C","snv"
"ENST00000003084","7:117666962|G|T","snv"
"ENST00000003084","7:117667029|C|G","snv"
"ENST00000003084","7:117667052|C|T","snv"
"ENST00000325888","7:128858440|A|T","snv"
"ENST00000382483","8:010606972|G|A","snv"
"ENST00000382483","8:010606981|G|A","snv"
"ENST00000382483","8:010607022|G|C","snv"
"ENST00000382483","8:010607089|C|A","snv"
"ENST00000382483","8:010607137|C|A","snv"
"ENST00000382483","8:010607155|C|A","snv"
"ENST00000382483","8:010607169|C|T","snv"
"ENST00000382483","8:010607180|C|T","snv"
"ENST00000382483","8:010607308|C|A","snv"
"ENST00000382483","8:010607317|G|A","snv"
"ENST00000382483","8:010607356|C|A","snv"
"ENST00000382483","8:010607371|C|A","snv"
"ENST00000382483","8:010607376|G|C","snv"
"ENST00000382483","8:010607386|G|A","snv"
"ENST00000382483","8:010607434|G|A","snv"
"ENST00000382483","8:010607440|C|A","snv"
"ENST00000382483","8:010607568|A|C","snv"
"ENST00000382483","8:010607578|G|A","snv"
"ENST00000382483","8:010607599|G|A","snv"
"ENST00000382483","8:010607626|G|A","snv"
"ENST00000382483","8:010607638|C|A","snv"
"ENST00000382483","8:010607664|G|T","snv"
"ENST00000382483","8:010607680|C|A","snv"
"ENST00000382483","8:010607722|G|A","snv"
"ENST00000382483","8:010607809|C|A","snv"
"ENST00000382483","8:010607851|C|A","snv"
"ENST00000382483","8:010607853|G|C","snv"
"ENST00000382483","8:010607884|G|A","snv"
"ENST00000382483","8:010607914|C|A","snv"
"ENST00000382483","8:010607917|C|A","snv"
"ENST00000382483","8:010607923|C|A","snv"
"ENST00000382483","8:010607943|G|C","snv"
"ENST00000382483","8:010607943|G|T","snv"
"ENST00000382483","8:010607953|G|A","snv"
"ENST00000382483","8:010608012|G|T","snv"
"ENST00000382483","8:010608016|T|A","snv"
"ENST00000382483","8:010608039|G|T","snv"
"ENST00000382483","8:010608049|G|A","snv"
"ENST00000382483","8:010608055|C|A","snv"
"ENST00000382483","8:010608058|C|A","snv"
"ENST00000382483","8:010608061|C|A","snv"
"ENST00000382483","8:010608070|G|A","snv"
"ENST00000382483","8:010608108|G|T","snv"
"ENST00000382483","8:010608118|G|A","snv"
"ENST00000382483","8:010608177|G|T","snv"
"ENST00000382483","8:010608187|G|A","snv"
"ENST00000382483","8:010608208|G|A","snv"
"ENST00000382483","8:010608229|C|A","snv"
"ENST00000382483","8:010608235|G|A","snv"
"ENST00000382483","8:010608241|G|A","snv"
"ENST00000382483","8:010608247|C|A","snv"
"ENST00000382483","8:010608283|C|A","snv"
"ENST00000382483","8:010608294|G|T","snv"
"ENST00000382483","8:010608304|C|A","snv"
"ENST00000382483","8:010608322|C|A","snv"
"ENST00000382483","8:010608358|C|A","snv"
"ENST00000382483","8:010608394|C|A","snv"
"ENST00000382483","8:010608407|C|T","snv"
"ENST00000382483","8:010608408|C|T","snv"
"ENST00000382483","8:010608466|C|A","snv"
"ENST00000382483","8:010608486|G|T","snv"
"ENST00000382483","8:010608517|G|A","snv"
"ENST00000382483","8:010608565|G|A","snv"
"ENST00000382483","8:010608616|G|A","snv"
"ENST00000382483","8:010608682|G|A","snv"
"ENST00000382483","8:010608694|C|A","snv"
"ENST00000382483","8:010608718|C|A","snv"
"ENST00000382483","8:010608742|C|A","snv"
"ENST00000382483","8:010608781|C|A","snv"
"ENST00000382483","8:010608787|C|A","snv"
"ENST00000382483","8:010608814|C|A","snv"
"ENST00000382483","8:010608868|C|A","snv"
"ENST00000382483","8:010608874|C|A","snv"
"ENST00000382483","8:010608892|G|A","snv"
"ENST00000382483","8:010609003|C|A","snv"
"ENST00000382483","8:010609027|G|A","snv"
"ENST00000382483","8:010609030|G|A","snv"
"ENST00000382483","8:010609112|G|T","snv"
"ENST00000382483","8:010609120|C|A","snv"
"ENST00000382483","8:010609121|G|T","snv"
"ENST00000382483","8:010609127|A|T","snv"
"ENST00000382483","8:010609138|C|A","snv"
"ENST00000382483","8:010609162|G|A","snv"
"ENST00000382483","8:010609237|C|A","snv"
"ENST00000382483","8:010609258|G|A","snv"
"ENST00000382483","8:010609285|G|A","snv"
"ENST00000382483","8:010609294|G|A","snv"
"ENST00000382483","8:010609321|C|A","snv"
"ENST00000382483","8:010609378|T|A","snv"
"ENST00000382483","8:010609423|C|A","snv"
"ENST00000382483","8:010609435|G|A","snv"
"ENST00000382483","8:010609456|G|A","snv"
"ENST00000382483","8:010609463|C|T","snv"
"ENST00000382483","8:010609464|C|T","snv"
"ENST00000382483","8:010609474|G|A","snv"
"ENST00000382483","8:010609533|A|C","snv"
"ENST00000382483","8:010609544|C|T","snv"
"ENST00000382483","8:010609545|C|T","snv"
"ENST00000382483","8:010609584|G|T","snv"
"ENST00000382483","8:010609624|G|A","snv"
"ENST00000382483","8:010609678|C|A","snv"
"ENST00000382483","8:010609696|G|A","snv"
"ENST00000382483","8:010609702|C|A","snv"
"ENST00000382483","8:010609723|C|A","snv"
"ENST00000382483","8:010609753|C|A","snv"
"ENST00000382483","8:010609772|G|T","snv"
"ENST00000382483","8:010609816|G|A","snv"
"ENST00000382483","8:010609834|G|A","snv"
"ENST00000382483","8:010609876|G|A","snv"
"ENST00000382483","8:010609915|T|A","snv"
"ENST00000382483","8:010609924|C|A","snv"
"ENST00000382483","8:010610031|A|C","snv"
"ENST00000382483","8:010610031|A|T","snv"
"ENST00000382483","8:010610044|C|A","snv"
"ENST00000382483","8:010610050|G|A","snv"
"ENST00000382483","8:010610053|G|A","snv"
"ENST00000382483","8:010610056|C|A","snv"
"ENST00000382483","8:010610059|C|A","snv"
"ENST00000382483","8:010610062|C|A","snv"
"ENST00000382483","8:010610065|C|A","snv"
"ENST00000382483","8:010610071|C|A","snv"
"ENST00000382483","8:010610085|A|T","snv"
"ENST00000382483","8:010610089|G|A","snv"
"ENST00000382483","8:010610101|C|A","snv"
"ENST00000382483","8:010610104|G|A","snv"
"ENST00000382483","8:010610122|T|A","snv"
"ENST00000382483","8:010610137|G|A","snv"
"ENST00000382483","8:010610152|G|A","snv"
"ENST00000382483","8:010610185|C|A","snv"
"ENST00000382483","8:010610194|G|A","snv"
"ENST00000382483","8:010610203|C|A","snv"
"ENST00000382483","8:010610206|G|A","snv"
"ENST00000382483","8:010610227|G|A","snv"
"ENST00000382483","8:010610251|G|A","snv"
"ENST00000382483","8:010610269|C|A","snv"
"ENST00000382483","8:010610297|G|T","snv"
"ENST00000382483","8:010610305|G|A","snv"
"ENST00000382483","8:010610335|G|A","snv"
"ENST00000382483","8:010610338|G|A","snv"
"ENST00000382483","8:010610366|A|C","snv"
"ENST00000382483","8:010610464|C|A","snv"
"ENST00000382483","8:010610527|C|A","snv"
"ENST00000382483","8:010610563|G|A","snv"
"ENST00000382483","8:010610567|C|T","snv"
"ENST00000382483","8:010610568|C|T","snv"
"ENST00000382483","8:010610580|C|T","snv"
"ENST00000382483","8:010610589|G|C","snv"
"ENST00000382483","8:010610589|G|T","snv"
"ENST00000382483","8:010610624|C|T","snv"
"ENST00000382483","8:010610674|T|A","snv"
"ENST00000382483","8:010610710|C|A","snv"
"ENST00000382483","8:010610713|C|A","snv"
"ENST00000382483","8:010610759|G|T","snv"
"ENST00000382483","8:010610794|C|A","snv"
"ENST00000382483","8:010610818|G|A","snv"
"ENST00000382483","8:010610848|G|A","snv"
"ENST00000382483","8:010610911|C|A","snv"
"ENST00000382483","8:010610914|T|A","snv"
"ENST00000382483","8:010610989|G|A","snv"
"ENST00000382483","8:010611064|G|A","snv"
"ENST00000382483","8:010611076|G|A","snv"
"ENST00000382483","8:010611127|C|A","snv"
"ENST00000382483","8:010611166|C|A","snv"
"ENST00000382483","8:010611218|C|T","snv"
"ENST00000382483","8:010611219|C|T","snv"
"ENST00000382483","8:010611246|G|T","snv"
"ENST00000382483","8:010611289|G|A","snv"
"ENST00000382483","8:010611304|C|A","snv"
"ENST00000382483","8:010611370|T|A","snv"
"ENST00000382483","8:010611466|G|A","snv"
"ENST00000382483","8:010611508|G|A","snv"
"ENST00000382483","8:010611512|G|T","snv"
"ENST00000382483","8:010611542|G|T","snv"
"ENST00000382483","8:010611558|C|T","snv"
"ENST00000382483","8:010611568|C|A","snv"
"ENST00000382483","8:010611586|G|A","snv"
"ENST00000382483","8:010611616|G|A","snv"
"ENST00000382483","8:010611618|G|C","snv"
"ENST00000382483","8:010611620|G|T","snv"
"ENST00000382483","8:010611634|G|A","snv"
"ENST00000382483","8:010611658|C|A","snv"
"ENST00000382483","8:010611673|G|A","snv"
"ENST00000382483","8:010611718|C|A","snv"
"ENST00000382483","8:010611783|G|T","snv"
"ENST00000382483","8:010611813|C|T","snv"
"ENST00000382483","8:010611910|G|A","snv"
"ENST00000382483","8:010612009|G|A","snv"
"ENST00000382483","8:010612010|G|T","snv"
"ENST00000382483","8:010612149|G|T","snv"
"ENST00000382483","8:010612192|G|A","snv"
"ENST00000382483","8:010612200|G|T","snv"
"ENST00000382483","8:010612241|C|T","snv"
"ENST00000382483","8:010612242|C|T","snv"
"ENST00000382483","8:010612300|G|A","snv"
"ENST00000382483","8:010612303|C|A","snv"
"ENST00000382483","8:010612312|G|A","snv"
"ENST00000382483","8:010612318|G|A","snv"
"ENST00000382483","8:010612330|G|A","snv"
"ENST00000382483","8:010612390|C|A","snv"
"ENST00000382483","8:010612402|G|A","snv"
"ENST00000382483","8:010612405|G|A","snv"
"ENST00000382483","8:010612433|A|T","snv"
"ENST00000382483","8:010612441|G|A","snv"
"ENST00000382483","8:010612468|C|A","snv"
"ENST00000382483","8:010612494|G|T","snv"
"ENST00000382483","8:010612636|G|A","snv"
"ENST00000382483","8:010612682|G|T","snv"
"ENST00000382483","8:010612852|G|A","snv"
"ENST00000382483","8:010612875|C|T","snv"
"ENST00000382483","8:010612883|A|C","snv"
"ENST00000382483","8:010612883|A|T","snv"
"ENST00000382483","8:010612900|G|A","snv"
"ENST00000382483","8:010612925|G|T","snv"
"ENST00000382483","8:010612952|C|T","snv"
"ENST00000382483","8:010612968|G|C","snv"
"ENST00000382483","8:010613017|C|A","snv"
"ENST00000382483","8:010613098|C|A","snv"
"ENST00000382483","8:010613340|C|T","snv"
"ENST00000265713","8:041932217|G|T","snv"
"ENST00000265713","8:041932327|G|A","snv"
"ENST00000265713","8:041933248|G|A","snv"
"ENST00000265713","8:041937270|G|T","snv"
"ENST00000220676","8:054624751|T|G","snv"
"ENST00000220676","8:054624758|T|G","snv"
"ENST00000220676","8:054624847|C|A","snv"
"ENST00000220676","8:054624915|G|T","snv"
"ENST00000220676","8:054625057|C|A","snv"
"ENST00000220676","8:054625057|C|G","snv"
"ENST00000220676","8:054625142|C|A","snv"
"ENST00000220676","8:054625257|C|T","snv"
"ENST00000220676","8:054625344|G|T","snv"
"ENST00000220676","8:054625468|C|A","snv"
"ENST00000220676","8:054625476|G|T","snv"
"ENST00000220676","8:054625507|C|A","snv"
"ENST00000220676","8:054625545|C|T","snv"
"ENST00000220676","8:054625585|C|A","snv"
"ENST00000220676","8:054625777|C|A","snv"
"ENST00000220676","8:054626361|G|T","snv"
"ENST00000220676","8:054626740|C|G","snv"
"ENST00000220676","8:054626843|T|A","snv"
"ENST00000220676","8:054626847|G|T","snv"
"ENST00000220676","8:054626964|C|T","snv"
"ENST00000220676","8:054627016|C|A","snv"
"ENST00000220676","8:054627105|G|T","snv"
"ENST00000220676","8:054627156|C|T","snv"
"ENST00000220676","8:054627214|C|G","snv"
"ENST00000220676","8:054627300|G|T","snv"
"ENST00000220676","8:054627348|A|T","snv"
"ENST00000220676","8:054627483|C|T","snv"
"ENST00000220676","8:054627561|G|T","snv"
"ENST00000220676","8:054627609|G|T","snv"
"ENST00000220676","8:054627678|A|T","snv"
"ENST00000220676","8:054628042|T|A","snv"
"ENST00000220676","8:054628048|C|G","snv"
"ENST00000220676","8:054628095|G|T","snv"
"ENST00000220676","8:054628203|G|T","snv"
"ENST00000220676","8:054628221|G|T","snv"
"ENST00000220676","8:054628260|A|T","snv"
"ENST00000220676","8:054628356|G|T","snv"
"ENST00000220676","8:054628600|C|G","snv"
"ENST00000220676","8:054628628|C|A","snv"
"ENST00000220676","8:054628737|C|T","snv"
"ENST00000220676","8:054628779|G|T","snv"
"ENST00000220676","8:054628782|A|T","snv"
"ENST00000220676","8:054628845|C|T","snv"
"ENST00000220676","8:054628859|T|A","snv"
"ENST00000220676","8:054628859|T|G","snv"
"ENST00000220676","8:054628875|C|T","snv"
"ENST00000220676","8:054628880|T|A","snv"
"ENST00000220676","8:054628971|C|T","snv"
"ENST00000220676","8:054629055|C|T","snv"
"ENST00000220676","8:054629152|C|A","snv"
"ENST00000220676","8:054629226|G|T","snv"
"ENST00000220676","8:054629237|T|A","snv"
"ENST00000220676","8:054629277|G|T","snv"
"ENST00000220676","8:054629330|C|A","snv"
"ENST00000220676","8:054629457|C|T","snv"
"ENST00000220676","8:054629519|C|A","snv"
"ENST00000220676","8:054629658|C|T","snv"
"ENST00000220676","8:054629679|C|T","snv"
"ENST00000220676","8:054629861|T|A","snv"
"ENST00000220676","8:054629901|C|T","snv"
"ENST00000220676","8:054629934|G|T","snv"
"ENST00000220676","8:054630199|T|G","snv"
"ENST00000220676","8:054630290|G|A","snv"
"ENST00000220676","8:054630294|G|T","snv"
"ENST00000220676","8:054630313|T|A","snv"
"ENST00000395715","8:115414055|G|A","snv"
"ENST00000395715","8:115414918|G|C","snv"
"ENST00000345136","8:143916265|G|T","snv"
"ENST00000345136","8:143916399|G|C","snv"
"ENST00000345136","8:143916678|G|C","snv"
"ENST00000345136","8:143916687|C|T","snv"
"ENST00000345136","8:143917009|G|T","snv"
"ENST00000345136","8:143917155|G|T","snv"
"ENST00000345136","8:143917292|C|A","snv"
"ENST00000345136","8:143917363|G|C","snv"
"ENST00000345136","8:143917403|G|A","snv"
"ENST00000345136","8:143917652|C|A","snv"
"ENST00000345136","8:143917685|G|A","snv"
"ENST00000345136","8:143917779|G|C","snv"
"ENST00000345136","8:143917913|G|A","snv"
"ENST00000345136","8:143918045|G|A","snv"
"ENST00000345136","8:143918188|G|T","snv"
"ENST00000345136","8:143918414|G|A","snv"
"ENST00000345136","8:143918441|C|A","snv"
"ENST00000345136","8:143918489|G|A","snv"
"ENST00000345136","8:143918642|G|A","snv"
"ENST00000345136","8:143918819|C|A","snv"
"ENST00000345136","8:143918921|G|A","snv"
"ENST00000345136","8:143919014|G|A","snv"
"ENST00000345136","8:143919043|G|T","snv"
"ENST00000345136","8:143919058|C|T","snv"
"ENST00000345136","8:143919110|G|A","snv"
"ENST00000345136","8:143919218|C|A","snv"
"ENST00000345136","8:143919332|C|A","snv"
"ENST00000345136","8:143919647|G|A","snv"
"ENST00000345136","8:143919796|G|T","snv"
"ENST00000345136","8:143920038|G|C","snv"
"ENST00000345136","8:143920136|G|A","snv"
"ENST00000345136","8:143920214|G|A","snv"
"ENST00000345136","8:143920245|G|C","snv"
"ENST00000345136","8:143920306|G|T","snv"
"ENST00000345136","8:143920343|G|A","snv"
"ENST00000345136","8:143920412|G|A","snv"
"ENST00000345136","8:143920731|C|T","snv"
"ENST00000345136","8:143920817|G|A","snv"
"ENST00000345136","8:143920820|G|A","snv"
"ENST00000345136","8:143920925|G|A","snv"
"ENST00000345136","8:143920991|G|A","snv"
"ENST00000345136","8:143921069|G|A","snv"
"ENST00000345136","8:143921225|G|A","snv"
"ENST00000345136","8:143921331|G|C","snv"
"ENST00000345136","8:143921453|G|A","snv"
"ENST00000345136","8:143921666|G|A","snv"
"ENST00000345136","8:143921682|G|T","snv"
"ENST00000345136","8:143921846|G|A","snv"
"ENST00000345136","8:143922089|G|A","snv"
"ENST00000345136","8:143922098|G|A","snv"
"ENST00000345136","8:143922116|T|A","snv"
"ENST00000345136","8:143922185|G|A","snv"
"ENST00000345136","8:143922236|G|A","snv"
"ENST00000345136","8:143922239|G|A","snv"
"ENST00000345136","8:143922290|G|A","snv"
"ENST00000345136","8:143922311|G|A","snv"
"ENST00000345136","8:143922344|G|A","snv"
"ENST00000345136","8:143922347|G|A","snv"
"ENST00000345136","8:143922383|G|A","snv"
"ENST00000345136","8:143922539|G|A","snv"
"ENST00000618853","8:144051356|A|T","snv"
"ENST00000618853","8:144051434|A|T","snv"
"ENST00000618853","8:144051735|G|T","snv"
"ENST00000380036","9:027229218|G|T","snv"
"ENST00000300417","9:127501115|C|G","snv"
"ENST00000300417","9:127502870|C|T","snv"
"ENST00000287239","10:075028507|C|G","snv"
"ENST00000287239","10:075028746|G|T","snv"
"ENST00000287239","10:075030939|C|T","snv"
"ENST00000371418","10:093797450|A|T","snv"
"ENST00000371418","10:093797606|G|T","snv"
"ENST00000369878","10:103077028|C|T","snv"
"ENST00000369878","10:103077118|G|T","snv"
"ENST00000311907","11:046739085|T|A","snv"
"ENST00000311907","11:046739374|G|A","snv"
"ENST00000278407","11:057614531|C|T","snv"
"ENST00000344327","11:101453701|T|A","snv"
"ENST00000261254","12:004299917|C|T","snv"
"ENST00000261254","12:004299926|C|T","snv"
"ENST00000261254","12:004299932|C|T","snv"
"ENST00000261254","12:004299951|C|A","snv"
"ENST00000261254","12:004299959|G|T","snv"
"ENST00000261254","12:004299968|C|T","snv"
"ENST00000360817","12:007069937|G|A","snv"
"ENST00000360817","12:007070061|C|T","snv"
"ENST00000360817","12:007070579|C|A","snv"
"ENST00000360817","12:007070606|G|A","snv"
"ENST00000609686","12:013562815|C|A","snv"
"ENST00000609686","12:013562873|A|T","snv"
"ENST00000361418","12:039294513|G|A","snv"
"ENST00000293549","12:048980675|G|T","snv"
"ENST00000293549","12:048981226|G|A","snv"
"ENST00000293549","12:048981430|C|A","snv"
"ENST00000293549","12:048981502|C|A","snv"
"ENST00000293549","12:048981503|G|T","snv"
"ENST00000293549","12:048981514|C|A","snv"
"ENST00000293549","12:048981568|C|A","snv"
"ENST00000293549","12:048981629|G|T","snv"
"ENST00000394963","12:050098950|C|T","snv"
"ENST00000388922","12:051920816|C|T","snv"
"ENST00000388922","12:051920888|C|T","snv"
"ENST00000354822","14:036517282|C|T","snv"
"ENST00000298171","14:081142977|C|T","snv"
"ENST00000298171","14:081143037|G|T","snv"
"ENST00000298171","14:081143088|C|T","snv"
"ENST00000298171","14:081143117|C|G","snv"
"ENST00000298171","14:081143160|C|T","snv"
"ENST00000298171","14:081143228|T|A","snv"
"ENST00000298171","14:081143283|G|T","snv"
"ENST00000298171","14:081143323|G|A","snv"
"ENST00000298171","14:081143501|C|A","snv"
"ENST00000298171","14:081143521|G|A","snv"
"ENST00000298171","14:081143574|G|T","snv"
"ENST00000298171","14:081143581|C|A","snv"
"ENST00000298171","14:081143617|G|A","snv"
"ENST00000298171","14:081143675|T|A","snv"
"ENST00000298171","14:081143747|T|A","snv"
"ENST00000298171","14:081143852|C|A","snv"
"ENST00000298171","14:081143861|T|A","snv"
"ENST00000298171","14:081143883|C|T","snv"
"ENST00000298171","14:081143892|C|T","snv"
"ENST00000298171","14:081144059|T|A","snv"
"ENST00000298171","14:081144092|T|G","snv"
"ENST00000298171","14:081144155|T|A","snv"
"ENST00000298171","14:081144312|C|T","snv"
"ENST00000316623","15:048411280|G|A","snv"
"ENST00000262304","16:002089756|T|A","snv"
"ENST00000262304","16:002090173|C|A","snv"
"ENST00000262367","16:003728221|G|A","snv"
"ENST00000262367","16:003728308|G|A","snv"
"ENST00000262367","16:003728314|G|A","snv"
"ENST00000262367","16:003728425|G|A","snv"
"ENST00000262367","16:003729028|G|A","snv"
"ENST00000304992","17:001650928|A|C","snv"
"ENST00000225927","17:042543046|G|A","snv"
"ENST00000225927","17:042543179|T|G","snv"
"ENST00000225927","17:042543218|G|A","snv"
"ENST00000225927","17:042543384|G|T","snv"
"ENST00000225927","17:042543418|T|A","snv"
"ENST00000225927","17:042543428|G|A","snv"
"ENST00000225927","17:042543487|G|A","snv"
"ENST00000225927","17:042544234|G|A","snv"
"ENST00000305921","17:060663004|G|T","snv"
"ENST00000305921","17:060663031|A|T","snv"
"ENST00000305921","17:060663083|T|A","snv"
"ENST00000305921","17:060663092|C|G","snv"
"ENST00000305921","17:060663109|G|T","snv"
"ENST00000305921","17:060663137|C|A","snv"
"ENST00000305921","17:060663160|G|T","snv"
"ENST00000305921","17:060663172|A|T","snv"
"ENST00000305921","17:060663185|T|A","snv"
"ENST00000305921","17:060663203|T|A","snv"
"ENST00000305921","17:060663242|C|G","snv"
"ENST00000305921","17:060663262|C|T","snv"
"ENST00000305921","17:060663281|C|A","snv"
"ENST00000305921","17:060663281|C|G","snv"
"ENST00000305921","17:060663292|C|T","snv"
"ENST00000305921","17:060663337|A|T","snv"
"ENST00000305921","17:060663347|T|G","snv"
"ENST00000305921","17:060663352|G|T","snv"
"ENST00000305921","17:060663379|A|T","snv"
"ENST00000305921","17:060663418|C|T","snv"
"ENST00000305921","17:060663445|C|T","snv"
"ENST00000256854","18:057602370|G|C","snv"
"ENST00000586582","19:004543637|A|C","snv"
"ENST00000586582","19:004543711|C|A","snv"
"ENST00000586582","19:004543805|C|T","snv"
"ENST00000586582","19:004543806|C|T","snv"
"ENST00000586582","19:004544408|C|T","snv"
"ENST00000222139","19:011378044|A|T","snv"
"ENST00000222139","19:011378072|A|T","snv"
"ENST00000222139","19:011378082|G|A","snv"
"ENST00000222139","19:011378102|G|C","snv"
"ENST00000222139","19:011378390|C|T","snv"
"ENST00000222139","19:011378484|G|A","snv"
"ENST00000263388","19:015160694|C|A","snv"
"ENST00000263388","19:015160718|G|A","snv"
"ENST00000263388","19:015160724|G|A","snv"
"ENST00000263388","19:015160760|G|A","snv"
"ENST00000263388","19:015160863|C|T","snv"
"ENST00000263388","19:015161112|C|T","snv"
"ENST00000263388","19:015161177|G|A","snv"
"ENST00000263388","19:015161213|G|A","snv"
"ENST00000263388","19:015161247|A|C","snv"
"ENST00000371741","20:049373078|G|A","snv"
"ENST00000371741","20:049373115|G|C","snv"
"ENST00000371741","20:049373295|G|T","snv"
"ENST00000371741","20:049373682|C|T","snv"
"ENST00000371741","20:049374653|G|A","snv"
"ENST00000263253","22:041178156|C|T","snv"
"ENST00000263253","22:041178201|C|T","snv"
"ENST00000263253","22:041178249|C|T","snv"
"ENST00000263253","22:041178264|C|T","snv"
"ENST00000263253","22:041178288|C|T","snv"
"ENST00000263253","22:041178345|C|T","snv"
"ENST00000263253","22:041178552|C|T","snv"
"ENST00000263253","22:041178555|C|T","snv"
"ENST00000263253","22:041178603|C|T","snv"
"ENST00000263253","22:041178711|C|T","snv"
"ENST00000263253","22:041178823|C|G","snv"
"ENST00000263253","22:041178891|G|T","snv"
"ENST00000263253","22:041178931|C|G","snv"
