"case_group","case_hgnc","case_transcript","case_cds_length","case_NMD_region_start","case_NMD_region_end","case_NMDesc_region_length","case_nmd_cds_ratio","control_group","control_hgnc","control_transcript","control_cds_length","control_NMD_region_start","control_NMD_region_end","control_NMDesc_region_length","control_nmd_cds_ratio","cds_log10_diff","ratio_abs_diff"
"snv","ACVRL1","ENST00000388922",1512,1328,1512,185,0.122354497354497,"snv_control","CDK19","ENST00000368911",1509,1328,1509,182,0.120609675281643,0.000862551389597677,0.00174482207285388
"snv","AGO2","ENST00000220592",2580,2422,2580,159,0.0616279069767442,"snv_control","ABCB6","ENST00000265316",2529,2371,2529,159,0.062870699881376,0.00867087661882548,0.00124279290463186
"snv","ARID1A","ENST00000324856",6858,5002,6835,1834,0.267424905220181,"snv_control","PHIP","ENST00000275034",5466,4779,5466,688,0.12586900841566,0.0985278534222833,0.14155589680452
"snv","BARD1","ENST00000260947",2334,1922,2312,391,0.167523564695801,"snv_control","SOX5","ENST00000451604",2292,1939,2292,354,0.154450261780105,0.00788623841399927,0.0130733029156965
"snv","BRCA1","ENST00000357654",5592,5290,5522,233,0.0416666666666667,"snv_control","LAMA4","ENST00000230538",5472,5277,5472,196,0.0358187134502924,0.00942107402556491,0.00584795321637427
"snv","C1S","ENST00000360817",2067,1221,2067,847,0.409772617319787,"snv_control","TRAF3","ENST00000392745",1707,1086,1707,622,0.364381956649092,0.0831069555125548,0.0453906606706952
"snv","CASR","ENST00000639785",3237,1548,3184,1637,0.505715168365771,"snv_control","LGR4","ENST00000379214",2856,1530,2856,1327,0.464635854341737,0.0543844962984363,0.0410793140240341
"snv","CCND2","ENST00000261254",870,670,870,201,0.231034482758621,"snv_control","TMEM106B","ENST00000396668",825,637,825,189,0.229090909090909,0.0230653040686937,0.00194357366771158
"snv","CFH","ENST00000367429",3696,3444,3696,253,0.068452380952381,"snv_control","JARID2","ENST00000341776",3741,3509,3741,233,0.0622828120823309,0.00525574565013587,0.00616956887005003
"snv","CFTR","ENST00000003084",4443,4186,4390,205,0.046139995498537,"snv_control","MAP3K1","ENST00000399503",4539,4340,4539,200,0.0440625688477638,0.00928386950197835,0.0020774266507732
"snv","CNNM2","ENST00000369878",2628,2303,2584,282,0.107305936073059,"snv_control","TLR3","ENST00000296795",2715,2437,2715,279,0.102762430939227,0.0141444730371227,0.00454350513383284
"snv","CRB1","ENST00000367400",4221,3876,4114,239,0.056621653636579,"snv_control","MET","ENST00000397752",4173,3886,4173,288,0.0690150970524802,0.00496696744269931,0.0123934434159012
"snv","CREBBP","ENST00000262367",7329,4938,7162,2225,0.303588484104243,"snv_control","CACNA1G","ENST00000359106",7134,6350,7134,785,0.110036445192038,0.0117116166907638,0.193552038912205
"snv","DSP","ENST00000379802",8616,5310,8490,3181,0.369196843082637,"snv_control","CACNA1H","ENST00000348261",7062,5999,7062,1064,0.150665533843104,0.0863779770628468,0.218531309239533
"snv","EDAR","ENST00000258443",1347,974,1347,374,0.277654046028211,"snv_control","TNFRSF1A","ENST00000162749",1368,1008,1368,361,0.263888888888889,0.00671850166111199,0.013765157139322
"snv","EP300","ENST00000263253",7245,4858,7213,2356,0.325189786059351,"snv_control","SCN10A","ENST00000449082",5871,4608,5871,1264,0.215295520354284,0.09132630942953,0.109894265705068
"snv","EPOR","ENST00000222139",1527,785,1423,639,0.418467583497053,"snv_control","IFNGR1","ENST00000367739",1470,812,1470,659,0.448299319727891,0.0165217023082453,0.0298317362308381
"snv","EVC2","ENST00000344408",3927,3610,3927,318,0.080977845683728,"snv_control","KDR","ENST00000263923",4071,3799,4071,273,0.0670596904937362,0.0156402011089813,0.0139181551899919
"snv","F2","ENST00000311907",1869,1624,1838,215,0.115034777956126,"snv_control","LBR","ENST00000272163",1848,1638,1848,211,0.114177489177489,0.00490733449474412,0.000857288778637083
"snv","FBN1","ENST00000316623",8616,8099,8586,488,0.0566388115134633,"snv_control","VWF","ENST00000261405",8442,8204,8442,239,0.0283108268182895,0.00886034247153589,0.0283279846951738
"snv","FBXO11","ENST00000403359",2784,2584,2760,177,0.0635775862068965,"snv_control","PACS2","ENST00000447393",2715,2547,2715,169,0.0622467771639042,0.0108993970136586,0.00133080904299231
"snv","FH","ENST00000366560",1533,1238,1506,269,0.175472928897586,"snv_control","LYN","ENST00000519728",1539,1287,1539,253,0.164392462638077,0.00169646497710385,0.0110804662595098
"snv","FLG","ENST00000368799",12186,86,12048,11963,0.981700311833251,"snv_control","SAMD9","ENST00000379958",4770,1,4770,4770,1,0.407342794748337,0.0182996881667488
"snv","FLNC","ENST00000325888",8178,7793,8092,300,0.0366837857666911,"snv_control","ITPR3","ENST00000605930",8016,7898,8016,119,0.0148453093812375,0.00868939769514654,0.0218384763854536
"snv","GLI2","ENST00000361492",4710,2081,4602,2522,0.535456475583864,"snv_control","ABL1","ENST00000318560",3393,1629,3393,1765,0.5201886236369,0.142437047483778,0.0152678519469646
"snv","GRIN2B","ENST00000609686",4455,2436,4394,1959,0.43973063973064,"snv_control","HCN4","ENST00000261917",3612,2094,3612,1519,0.420542635658915,0.0910999667314254,0.019188004071725
"snv","HIVEP2","ENST00000367603",7341,6440,7230,791,0.107750987603869,"snv_control","ZNF462","ENST00000277225",7521,7264,7521,258,0.0343039489429597,0.0105203646064274,0.073447038660909
"snv","HNRNPR","ENST00000634713",1911,1248,1911,664,0.347462061747776,"snv_control","CACNB2","ENST00000324631",1983,1439,1983,545,0.274836106908724,0.0160620271502898,0.0726259548390519
"snv","KAT6A","ENST00000265713",6015,3242,5958,2717,0.451704073150457,"snv_control","GRIN2D","ENST00000263269",4011,2624,4011,1388,0.346048366990775,0.175982969694217,0.105655706159682
"snv","KAT6B","ENST00000287239",6222,3551,6172,2622,0.421407907425265,"snv_control","TET3","ENST00000409262",5388,3555,5388,1834,0.340386043058649,0.0625024197217368,0.0810218643666163
"snv","KCNB1","ENST00000371741",2577,517,2577,2061,0.79976717112922,"snv_control","FAM111B","ENST00000343597",2205,32,2205,2174,0.9859410430839,0.0677058247470472,0.18617387195468
"snv","KIF21A","ENST00000361418",5025,1625,4981,3357,0.668059701492537,"snv_control","NEFH","ENST00000310624",3063,1159,3063,1905,0.621939275220372,0.214989069285954,0.0461204262721652
"snv","LGI1","ENST00000371418",1674,789,1674,886,0.529271206690561,"snv_control","IKZF1","ENST00000331340",1560,801,1560,760,0.487179487179487,0.0306308553027796,0.0420917195110743
"snv","LRSAM1","ENST00000300417",2172,989,2011,1023,0.470994475138122,"snv_control","HDC","ENST00000267845",1989,1193,1989,797,0.400703871292107,0.0382250377923739,0.0702906038460149
"snv","MFN2","ENST00000235329",2274,1056,2190,1135,0.499120492524186,"snv_control","IRF2BP2","ENST00000366609",1764,999,1764,766,0.434240362811791,0.110291879555915,0.064880129712395
"snv","MLH1","ENST00000231790",2271,1039,2125,1087,0.478643769264641,"snv_control","ZCCHC8","ENST00000633063",2124,1296,2124,829,0.39030131826742,0.0290626218103038,0.0883424509972212
"snv","MN1","ENST00000302326",3963,3676,3937,262,0.0661115316679283,"snv_control","ZNF644","ENST00000337393",3984,3742,3984,243,0.0609939759036145,0.00229525741747105,0.00511755576431388
"snv","MSH6","ENST00000234420",4083,3866,4069,204,0.0499632623071271,"snv_control","ABCC11","ENST00000356608",4149,4007,4149,143,0.0344661364184141,0.00696405490597618,0.015497125888713
"snv","MYH9","ENST00000216181",5883,5664,5851,188,0.0319564847866735,"snv_control","DICER1","ENST00000343455",5769,5554,5769,216,0.0374414976599064,0.00849830942930385,0.00548501287323293
"snv","NAGLU","ENST00000225927",2232,972,2232,1261,0.564964157706093,"snv_control","HRG","ENST00000232003",1578,692,1578,887,0.562103929024081,0.15058719139214,0.00286022868201208
"snv","NARS1","ENST00000256854",1647,1466,1647,182,0.11050394656952,"snv_control","KAT5","ENST00000341318",1641,1457,1641,185,0.112736136502133,0.00158501811666145,0.00223218993261251
"snv","NKX2-1","ENST00000354822",1206,202,636,435,0.360696517412935,"snv_control","TFG","ENST00000240851",1203,771,1203,433,0.359933499584372,0.00108168046428769,0.000763017828562917
"snv","NKX2-5","ENST00000329198",975,28,824,797,0.817435897435897,"snv_control","APOL1","ENST00000397278",1197,265,1197,933,0.779448621553885,0.0890895347078735,0.0379872758820127
"snv","NOTCH2","ENST00000256646",7416,5938,7348,1411,0.190264293419633,"snv_control","CACNA1I","ENST00000402142",6672,5978,6672,695,0.104166666666667,0.0459136835067584,0.0860976267529665
"snv","NOTCH3","ENST00000263388",6966,5828,6774,947,0.135946023542923,"snv_control","CACNA1S","ENST00000362061",5622,5321,5622,302,0.0537175382426183,0.0930926288507954,0.0822284853003045
"snv","NR3C2","ENST00000358102",2955,2750,2955,206,0.0697123519458545,"snv_control","STOX1","ENST00000298596",2970,2773,2970,198,0.0666666666666667,0.00219896409993803,0.00304568527918782
"snv","NSD1","ENST00000439151",8091,6414,8091,1678,0.207390928191818,"snv_control","KMT2B","ENST00000420124",8148,7823,8148,326,0.0400098183603338,0.00304881915557287,0.167381109831484
"snv","ODC1","ENST00000234111",1386,1191,1386,196,0.141414141414141,"snv_control","BSCL2","ENST00000360796",1389,1185,1389,205,0.147588192944564,0.000939015461827619,0.00617405153042302
"snv","OPLAH","ENST00000618853",3867,3610,3770,161,0.0416343418670804,"snv_control","CDON","ENST00000531738",3795,3582,3795,214,0.0563899868247694,0.00816239184156631,0.014755644957689
"snv","PALB2","ENST00000261584",3561,3287,3475,189,0.0530749789385004,"snv_control","LAMB3","ENST00000356082",3519,3333,3519,187,0.0531400966183575,0.00515270683906222,6.51176798570699e-05
"snv","PKD1","ENST00000262304",12912,12020,12637,618,0.0478624535315985,"snv_control","LRP1","ENST00000243077",13635,13445,13635,191,0.014008067473414,0.0236616248996535,0.0338543860581845
"snv","PLEC","ENST00000345136",13644,7328,13585,6258,0.458663148636763,"snv_control","FAT2","ENST00000261800",13050,12468,13050,583,0.0446743295019157,0.0193311990610603,0.413988819134848
"snv","POGZ","ENST00000271715",4233,2521,4233,1713,0.404677533664068,"snv_control","KCNH5","ENST00000322893",2967,1970,2967,998,0.336366700370745,0.154330722157169,0.0683108332933232
"snv","PPM1D","ENST00000305921",1818,1196,1708,513,0.282178217821782,"snv_control","WBP11","ENST00000261167",1926,1443,1926,484,0.251298026998962,0.0250624039025671,0.0308801908228206
"snv","PPOX","ENST00000367999",1434,1242,1434,193,0.134588563458856,"snv_control","SLC39A14","ENST00000381237",1479,1283,1479,197,0.133198106828938,0.013419022665111,0.00139045662991785
"snv","PRPF8","ENST00000304992",7008,6730,6878,149,0.0212614155251142,"snv_control","F5","ENST00000367797",6675,6479,6675,197,0.0295131086142322,0.0211428231234114,0.00825169308911805
"snv","RARB","ENST00000330688",1347,1101,1347,247,0.183370452858203,"snv_control","TUBG1","ENST00000251413",1356,1109,1356,248,0.182890855457227,0.00289209380805922,0.000479597400976278
"snv","RASA1","ENST00000274376",3144,2992,3109,118,0.0375318066157761,"snv_control","KIF5A","ENST00000455537",3099,2971,3099,129,0.0416263310745402,0.0062609611280875,0.00409452445876409
"snv","RHO","ENST00000296271",1047,887,1047,161,0.153772683858644,"snv_control","GNB2","ENST00000303210",1023,867,1023,157,0.15347018572825,0.0100710479666821,0.000302498130393486
"snv","RP1","ENST00000220676",6471,683,6440,5758,0.889816102611652,"snv_control","RBM12","ENST00000374114",2799,1,2799,2799,1,0.363968501356045,0.110183897388348
"snv","RP1L1","ENST00000382483",7203,702,7203,6502,0.902679439122588,"snv_control","ENAM","ENST00000396073",3429,539,3429,2891,0.84310294546515,0.322345929661746,0.0595764936574377
"snv","SATB1","ENST00000338745",2292,1678,2280,603,0.263089005235602,"snv_control","POU6F2","ENST00000518318",2163,1609,2163,555,0.256588072122053,0.0251580938562608,0.00650093311354938
"snv","SCN5A","ENST00000423572",6048,4646,5942,1297,0.214451058201058,"snv_control","CUX1","ENST00000292535",4518,3838,4518,681,0.150730411686587,0.126665555908806,0.0637206465144712
"snv","SEMA6B","ENST00000586582",2667,1517,2180,664,0.248968878890139,"snv_control","ATXN1","ENST00000436367",2448,1868,2448,581,0.23733660130719,0.0372116022163529,0.0116322775829492
"snv","SERPING1","ENST00000278407",1503,1156,1417,262,0.174318030605456,"snv_control","SERPIND1","ENST00000215727",1500,1259,1500,242,0.161333333333333,0.000867721531226717,0.0129846972721224
"snv","SLC3A1","ENST00000260649",2058,1518,2012,495,0.240524781341108,"snv_control","TBX2","ENST00000240328",2139,1637,2139,503,0.235156615240767,0.0167654141451137,0.00536816610034116
"snv","SLC4A1","ENST00000262418",2736,1210,2628,1419,0.518640350877193,"snv_control","THSD1","ENST00000258613",2559,1131,2559,1429,0.558421258304025,0.0290458071608932,0.039780907426832
"snv","SLCO2A1","ENST00000310926",1932,1765,1932,168,0.0869565217391304,"snv_control","EIF2AK1","ENST00000199389",1893,1715,1893,179,0.0945589012150026,0.00885650811567773,0.00760237947587221
"snv","SMARCD1","ENST00000394963",1548,1445,1548,104,0.0671834625322997,"snv_control","ANXA11","ENST00000422982",1518,1409,1518,110,0.072463768115942,0.00849918478741252,0.00528030558364229
"snv","SNAP25","ENST00000254976",621,502,621,120,0.193236714975845,"snv_control","CSRP3","ENST00000265968",585,459,585,127,0.217094017094017,0.0259357340943995,0.0238573021181717
"snv","SPR","ENST00000234454",786,545,786,242,0.307888040712468,"snv_control","COMT","ENST00000361682",816,566,816,251,0.307598039215686,0.0162676127144534,0.000290001496781878
"snv","STXBP1","ENST00000373299",1785,1653,1785,133,0.0745098039215686,"snv_control","MYLK2","ENST00000375985",1791,1661,1791,131,0.073143495254048,0.00145736540081964,0.0013663086675206
"snv","TEK","ENST00000380036",3375,3227,3334,108,0.032,"snv_control","TIE1","ENST00000372476",3417,3296,3417,122,0.0357038337723149,0.00537120163171911,0.0037038337723149
"snv","TGFB3","ENST00000238682",1239,928,1225,298,0.240516545601291,"snv_control","NR2F2","ENST00000394166",1245,921,1245,325,0.261044176706827,0.00209804505569178,0.020527631105536
"snv","TGFBR2","ENST00000295754",1704,1436,1681,246,0.144366197183099,"snv_control","SHOC2","ENST00000369452",1749,1491,1749,259,0.148084619782733,0.0113202190479953,0.0037184225996344
"snv","TP63","ENST00000264731",2043,1697,2043,347,0.169848262359276,"snv_control","IVNS1ABP","ENST00000367498",1929,1626,1929,304,0.157594608605495,0.0249361389885632,0.0122536537537805
"snv","TRPC6","ENST00000344327",2796,2584,2758,175,0.0625894134477825,"snv_control","GANAB","ENST00000356638",2835,2676,2835,160,0.0564373897707231,0.0060158961552812,0.00615202367705944
"snv","TRPS1","ENST00000395715",3885,2723,3808,1086,0.27953667953668,"snv_control","OSMR","ENST00000274276",2940,2318,2940,623,0.211904761904762,0.121043692724776,0.0676319176319176
"snv","TSHR","ENST00000298171",2295,831,2295,1465,0.638344226579521,"snv_control","PRLR","ENST00000618457",1869,806,1869,1064,0.569288389513109,0.0891733884944483,0.0690558370664122
"snv","VHL","ENST00000256474",642,299,559,261,0.406542056074766,"snv_control","TIMP3","ENST00000266085",636,389,636,248,0.389937106918239,0.00407791242043931,0.0166049491565273
"snv","WFS1","ENST00000226760",2673,650,2492,1843,0.689487467265245,"snv_control","NOVA2","ENST00000263257",1479,347,1479,1133,0.76605814739689,0.257030784759645,0.0765706801316448
"snv","WNT1","ENST00000293549",1113,384,769,386,0.34681042228212,"snv_control","GHSR","ENST00000241256",1101,747,1101,355,0.322434150772025,0.00470784536295632,0.024376271510095
"snv","YY1","ENST00000262238",1245,1013,1245,233,0.18714859437751,"snv_control","IRF3","ENST00000377139",1284,1049,1284,236,0.18380062305296,0.0133956723010793,0.00334797132455056
"snv","ZEB2","ENST00000627532",3645,3018,3645,628,0.172290809327846,"snv_control","TSC1","ENST00000298552",3495,2926,3495,570,0.163090128755365,0.0182503525722932,0.00920068057248158
"snv","ZIC1","ENST00000282928",1344,1097,1344,248,0.18452380952381,"snv_control","SLC52A1","ENST00000254853",1347,1085,1347,263,0.19524870081663,0.000968327005178793,0.01072489129282
"snv","ZNF148","ENST00000360647",2385,719,2348,1630,0.683438155136268,"snv_control","ALG10B","ENST00000308742",1422,320,1422,1103,0.775668073136428,0.224588786982385,0.0922299180001592
"snv","ZNF292","ENST00000369577",8172,956,8143,7188,0.879588839941263,"snv_control","SAMD9L","ENST00000318238",4755,1,4755,4755,1,0.235177836686977,0.120411160058737
"fs","APOB","ENST00000233242",13692,11956,13609,1654,0.120800467426234,"fs_control","RYR2","ENST00000366574",14904,14714,14892,179,0.0120101986044015,0.0368359514223471,0.108790268821833
"fs","ARID1A","ENST00000324856",6858,5002,6835,1834,0.267424905220181,"fs_control","CACNA1E","ENST00000367573",6942,6262,6920,659,0.0949294151541343,0.00528712855646774,0.172495490066047
"fs","AUTS2","ENST00000342771",3780,2452,3502,1051,0.278042328042328,"fs_control","PDE10A","ENST00000539869",3168,2182,3126,945,0.298295454545455,0.0767066269197696,0.0202531265031265
"fs","BARD1","ENST00000260947",2334,1922,2312,391,0.167523564695801,"fs_control","MPO","ENST00000225275",2238,1894,2173,280,0.125111706881144,0.0182407695170204,0.0424118578146573
"fs","BCL11B","ENST00000357195",2685,1966,2647,682,0.254003724394786,"fs_control","KCNQ3","ENST00000388996",2619,1810,2544,735,0.280641466208477,0.0108087916103421,0.0266377418136907
"fs","BPTF","ENST00000306378",8763,8630,8719,90,0.0102704553235193,"fs_control","NF1","ENST00000358273",8520,8290,8425,136,0.015962441314554,0.0122132169265119,0.00569198599103465
"fs","BRCA1","ENST00000357654",5592,5290,5522,233,0.0416666666666667,"fs_control","ARFGEF1","ENST00000262215",5550,5320,5528,209,0.0376576576576577,0.00327417961494847,0.00400900900900901
"fs","CACNA1A","ENST00000360228",7521,6520,7207,688,0.0914771971812259,"fs_control","FLNB","ENST00000295956",7809,7430,7652,223,0.0285567934434627,0.0163198341510191,0.0629204037377632
"fs","CAPN3","ENST00000397163",2466,2152,2360,209,0.0847526358475264,"fs_control","IMPG1","ENST00000369950",2394,2180,2359,180,0.075187969924812,0.0128689261893209,0.00956466592271434
"fs","CASR","ENST00000639785",3237,1548,3184,1637,0.505715168365771,"fs_control","POLD1","ENST00000440232",3324,1552,3222,1671,0.502707581227437,0.0115183157095,0.00300758713833393
"fs","CELF2","ENST00000633077",1566,1120,1489,370,0.236270753512133,"fs_control","CYP19A1","ENST00000396402",1512,1164,1460,297,0.196428571428571,0.0152399665567371,0.0398421820835614
"fs","CFTR","ENST00000003084",4443,4186,4390,205,0.046139995498537,"fs_control","SYCP2","ENST00000357552",4593,4414,4567,154,0.0335292836925757,0.0144201321770527,0.0126107118059614
"fs","CLCN1","ENST00000343257",2967,2447,2954,508,0.171216717222784,"fs_control","CTNNA1","ENST00000302763",2721,2310,2659,350,0.128629180448365,0.0375890045370841,0.0425875367744194
"fs","COL12A1","ENST00000322507",9192,4482,8956,4475,0.4868363794604,"fs_control","MTOR","ENST00000361445",7650,3752,7542,3791,0.495555555555556,0.0797485805266112,0.00871917609515521
"fs","COL2A1","ENST00000380518",4464,4188,4416,229,0.0512992831541219,"fs_control","DCC","ENST00000442544",4344,4132,4312,181,0.0416666666666667,0.0118343693487319,0.0096326164874552
"fs","COL3A1","ENST00000304636",4401,4196,4340,145,0.0329470574869348,"fs_control","COL5A2","ENST00000374866",4500,4290,4448,159,0.0353333333333333,0.00966114521239847,0.00238627584639855
"fs","COL5A1","ENST00000371817",5517,2558,5344,2787,0.505165851005982,"fs_control","CAMTA1","ENST00000303635",5022,2412,4966,2555,0.508761449621665,0.0408262755808364,0.00359559861568315
"fs","COMP","ENST00000222271",2274,1056,2083,1028,0.452066842568162,"fs_control","KCNC3","ENST00000477616",2274,1052,2083,1032,0.453825857519789,0,0.00175901495162711
"fs","CPT2","ENST00000371486",1977,1586,1948,363,0.18361153262519,"fs_control","NEXN","ENST00000334785",2028,1568,1916,349,0.172090729783037,0.0110612813476263,0.0115208028421522
"fs","CRB1","ENST00000367400",4221,3876,4114,239,0.056621653636579,"fs_control","ZMYM2","ENST00000610343",4134,3818,4100,283,0.0684567005321722,0.00904487986313862,0.0118350468955932
"fs","CREBBP","ENST00000262367",7329,4938,7162,2225,0.303588484104243,"fs_control","CHD3","ENST00000330494",6003,2910,5706,2797,0.465933699816758,0.0866763783372253,0.162345215712515
"fs","CXCR4","ENST00000241393",1059,464,996,533,0.503305004721435,"fs_control","SLC30A2","ENST00000374276",1119,450,978,529,0.472743521000894,0.023934126420865,0.0305614837205417
"fs","DAGLA","ENST00000257215",3129,2068,3056,989,0.316075423457974,"fs_control","KCNQ5","ENST00000370398",2799,1776,2768,993,0.354769560557342,0.0484026646800308,0.0386941370993681
"fs","DCHS1","ENST00000299441",9897,7176,9688,2513,0.253915327877135,"fs_control","TRIO","ENST00000344204",9294,8636,9241,606,0.065203357004519,0.0273009021221564,0.188711970872615
"fs","DDR2","ENST00000367921",2568,2288,2478,191,0.0743769470404984,"fs_control","VPS16","ENST00000380445",2520,2297,2454,158,0.0626984126984127,0.00819447861527145,0.0116785343420857
"fs","DES","ENST00000373960",1413,1248,1370,123,0.0870488322717622,"fs_control","CETP","ENST00000200676",1482,1330,1459,130,0.087719298245614,0.0207060417947504,0.000670465973851828
"fs","DPF2","ENST00000528416",1176,995,1114,120,0.102040816326531,"fs_control","CSNK2A1","ENST00000217244",1176,953,1063,111,0.0943877551020408,0,0.0076530612244898
"fs","DSP","ENST00000379802",8616,5310,8490,3181,0.369196843082637,"fs_control","SPTAN1","ENST00000372739",7434,3676,7334,3659,0.492198009147162,0.0640831335302181,0.123001166064525
"fs","DVL3","ENST00000313143",2151,1482,2136,655,0.304509530450953,"fs_control","SIK1","ENST00000270162",2352,1696,2312,617,0.262329931972789,0.0387969070166383,0.0421795984781639
"fs","DYNC1H1","ENST00000360184",13941,6881,13746,6866,0.492504124524783,"fs_control","TRRAP","ENST00000456197",11622,4481,11440,6960,0.598864223025297,0.0790130560957758,0.106360098500514
"fs","EFTUD2","ENST00000426333",2919,2650,2851,202,0.0692017814319973,"fs_control","AARS1","ENST00000261772",2907,2621,2842,222,0.0763673890608875,0.00178906321758676,0.00716560762889025
"fs","ELANE","ENST00000263621",804,266,488,223,0.277363184079602,"fs_control","SLC25A4","ENST00000281456",897,635,856,222,0.247491638795987,0.047536394295641,0.0298715452836154
"fs","EP300","ENST00000263253",7245,4858,7213,2356,0.325189786059351,"fs_control","WNK1","ENST00000315939",7149,3382,6841,3460,0.483983773954399,0.00579309274107498,0.158793987895048
"fs","ERCC6","ENST00000355832",4482,3952,4428,477,0.106425702811245,"fs_control","ADCY10","ENST00000367851",4833,4498,4806,309,0.063935443823712,0.0327449429398383,0.042490258987533
"fs","EYA1","ENST00000340726",1779,812,1644,833,0.468240584598089,"fs_control","F12","ENST00000253496",1848,655,1520,866,0.468614718614719,0.0165260188001626,0.000374134016629779
"fs","EZH2","ENST00000320356",2256,2134,2212,79,0.0350177304964539,"fs_control","STAT1","ENST00000361099",2253,2152,2216,65,0.0288504216600089,0.000577903587474005,0.00616730883644502
"fs","FBN1","ENST00000316623",8616,8099,8586,488,0.0566388115134633,"fs_control","DMXL2","ENST00000560891",9177,8856,9140,285,0.031055900621118,0.0273950414144157,0.0255829108923453
"fs","FBXO11","ENST00000403359",2784,2584,2760,177,0.0635775862068965,"fs_control","DHTKD1","ENST00000263035",2760,2560,2714,155,0.0561594202898551,0.00376014887330678,0.00741816591704147
"fs","FGA","ENST00000403106",1935,426,1786,1361,0.703359173126615,"fs_control","TBX6","ENST00000395224",1311,1,948,948,0.723112128146453,0.169078277664846,0.0197529550198381
"fs","FH","ENST00000366560",1533,1238,1506,269,0.175472928897586,"fs_control","YAP1","ENST00000282441",1515,1199,1486,288,0.19009900990099,0.00512952201605099,0.0146260810034037
"fs","FLG","ENST00000368799",12186,86,12048,11963,0.981700311833251,"fs_control","POLE","ENST00000320574",6861,1,6595,6595,0.961230141378808,0.24947375446204,0.0204701704544434
"fs","FLNC","ENST00000325888",8178,7793,8092,300,0.0366837857666911,"fs_control","ATR","ENST00000350721",7935,7703,7856,154,0.0194076874606175,0.01310017512745,0.0172760983060736
"fs","FOXN1","ENST00000579795",1947,1170,1794,625,0.32100667693888,"fs_control","SCNN1G","ENST00000300061",1950,1446,1892,447,0.229230769230769,0.000668659842486097,0.0917759077081111
"fs","FTL","ENST00000331825",528,298,442,145,0.274621212121212,"fs_control","TNNI3","ENST00000344887",633,476,608,133,0.210110584518167,0.0787697874835431,0.0645106276030446
"fs","FUS","ENST00000254108",1581,720,1426,707,0.4471853257432,"fs_control","NEFL","ENST00000610854",1632,709,1458,750,0.459558823529412,0.0137882844856336,0.0123734977862112
"fs","FZD4","ENST00000531380",1614,90,1590,1501,0.92998760842627,"fs_control","PSAP","ENST00000394936",1575,1,1453,1453,0.922539682539683,0.0106229722604323,0.0074479258865876
"fs","GATA2","ENST00000341105",1443,908,1286,379,0.262647262647263,"fs_control","CREB3L3","ENST00000078445",1386,810,1219,410,0.295815295815296,0.0175031008177062,0.0331680331680332
"fs","GCK","ENST00000403799",1398,1036,1330,295,0.21101573676681,"fs_control","TFAP2B","ENST00000393655",1383,1016,1322,307,0.221981200289226,0.00468499130035216,0.0109654635224166
"fs","GLI2","ENST00000361492",4710,2081,4602,2522,0.535456475583864,"fs_control","ARHGAP31","ENST00000264245",4335,1832,4282,2451,0.565397923875433,0.0360318053166671,0.0299414482915684
"fs","GNAS","ENST00000371085",1185,912,1088,177,0.149367088607595,"fs_control","CASQ1","ENST00000368078",1191,936,1111,176,0.147774979009236,0.00219341113665461,0.00159210959835898
"fs","GRIN2A","ENST00000330684",4395,2458,4360,1903,0.432992036405006,"fs_control","INSR","ENST00000302850",4149,2178,4042,1865,0.449505905037358,0.0250154445808177,0.0165138686323527
"fs","GRIN2B","ENST00000609686",4455,2436,4394,1959,0.43973063973064,"fs_control","CPSF1","ENST00000616140",4332,2116,4140,2025,0.467451523545706,0.0121592604196108,0.0277208838150666
"fs","GRM1","ENST00000282753",3585,2514,3427,914,0.254951185495119,"fs_control","MYOCD","ENST00000425538",2961,2326,2918,593,0.200270178993583,0.0830507526145197,0.0546810065015353
"fs","HCN2","ENST00000251287",2670,1886,2233,348,0.130337078651685,"fs_control","CTNNA3","ENST00000433211",2688,2327,2662,336,0.125,0.00291800301721246,0.0053370786516854
"fs","HIVEP2","ENST00000367603",7341,6440,7230,791,0.107750987603869,"fs_control","ABCA1","ENST00000374736",6786,6452,6763,312,0.0459770114942529,0.0341413687623526,0.0617739761096158
"fs","HNRNPU","ENST00000640218",2478,1679,2122,444,0.179176755447942,"fs_control","GARS1","ENST00000389266",2220,1870,2161,292,0.131531531531532,0.0477483275894057,0.0476452239164104
"fs","HSPB1","ENST00000248553",618,202,558,357,0.577669902912621,"fs_control","CSNK2B","ENST00000375882",648,1,392,392,0.604938271604938,0.0205865307817774,0.027268368692317
"fs","IL6ST","ENST00000381298",2757,1949,2680,732,0.26550598476605,"fs_control","HCN1","ENST00000303230",2673,1649,2504,856,0.320239431350542,0.0134378073492365,0.0547334465844924
"fs","ITGA2B","ENST00000262407",3120,1382,2916,1535,0.491987179487179,"fs_control","ATP1A1","ENST00000295598",3072,1468,2932,1465,0.476888020833333,0.00673338265896861,0.0150991586538461
"fs","JAG1","ENST00000254958",3657,3136,3547,412,0.112660650806672,"fs_control","EGFR","ENST00000275493",3633,3134,3604,471,0.129644921552436,0.00285956247532981,0.0169842707457639
"fs","KAT6A","ENST00000265713",6015,3242,5958,2717,0.451704073150457,"fs_control","CDC42BPB","ENST00000361246",5136,2504,5046,2543,0.495132398753894,0.0686106166150666,0.0434283256034369
"fs","KAT6B","ENST00000287239",6222,3551,6172,2622,0.421407907425265,"fs_control","CHD5","ENST00000262450",5865,2855,5671,2817,0.480306905370844,0.0256619903211366,0.0588989979455788
"fs","KCNQ2","ENST00000359125",2619,1720,2256,537,0.20504009163803,"fs_control","DSC2","ENST00000280904",2706,2302,2684,383,0.141537324464154,0.0141922938363721,0.063502767173876
"fs","KIDINS220","ENST00000256707",5316,3953,5234,1282,0.241158765989466,"fs_control","CUX2","ENST00000261726",4461,3461,4396,936,0.209818426361802,0.0761527490290774,0.0313403396276635
"fs","KMT2E","ENST00000311117",5577,3792,4927,1136,0.203693742155281,"fs_control","ADGRL1","ENST00000361434",4410,3516,4094,579,0.131292517006803,0.101962055023722,0.0724012251484779
"fs","LRSAM1","ENST00000300417",2172,989,2011,1023,0.470994475138122,"fs_control","SKI","ENST00000378536",2187,956,1968,1013,0.463191586648377,0.00298896212082767,0.00780288848974475
"fs","MLH1","ENST00000231790",2271,1039,2125,1087,0.478643769264641,"fs_control","LDB3","ENST00000361373",2184,938,1956,1019,0.466575091575092,0.0169645001870355,0.0120686776895496
"fs","MN1","ENST00000302326",3963,3676,3937,262,0.0661115316679283,"fs_control","SH3TC2","ENST00000515425",3867,3563,3800,238,0.0615464184122058,0.0106499002611242,0.00456511325572249
"fs","MNX1","ENST00000252971",1206,668,1057,390,0.323383084577114,"fs_control","SF3B4","ENST00000271628",1275,479,874,396,0.310588235294118,0.0241628769658413,0.0127948492829968
"fs","MPL","ENST00000372470",1908,1508,1860,353,0.185010482180294,"fs_control","KLHL24","ENST00000242810",1803,1478,1778,301,0.166943982251803,0.0245826436456746,0.018066499928491
"fs","MSH6","ENST00000234420",4083,3866,4069,204,0.0499632623071271,"fs_control","FLT4","ENST00000261937",4092,3773,4015,243,0.0593841642228739,0.000956245117125665,0.00942090191574679
"fs","MYH7","ENST00000355349",5808,5666,5797,132,0.0227272727272727,"fs_control","MYH2","ENST00000245503",5826,5658,5815,158,0.0271198077583247,0.00134387259961111,0.00439253503105202
"fs","MYH9","ENST00000216181",5883,5664,5851,188,0.0319564847866735,"fs_control","MYH11","ENST00000300036",5919,5639,5838,200,0.0337894914681534,0.0026494915844073,0.00183300668147994
"fs","MYO6","ENST00000369977",3858,3060,3824,765,0.198289269051322,"fs_control","ERBB4","ENST00000342788",3927,3220,3864,645,0.164247517188694,0.0076986779625523,0.0340417518626283
"fs","NIPBL","ENST00000282516",8415,7920,8354,435,0.0516934046345811,"fs_control","FBN2","ENST00000262464",8739,8201,8695,495,0.0566426364572606,0.0164076190354874,0.00494923182267945
"fs","NKX2-1","ENST00000354822",1206,202,636,435,0.360696517412935,"fs_control","GLUL","ENST00000331872",1122,713,1075,363,0.323529411764706,0.03135445088399,0.0371671056482294
"fs","NKX2-5","ENST00000329198",975,28,824,797,0.817435897435897,"fs_control","HOXA2","ENST00000222718",1131,226,1094,869,0.768346595932803,0.0644579892269181,0.0490893015030945
"fs","NOTCH2","ENST00000256646",7416,5938,7348,1411,0.190264293419633,"fs_control","CACNA1D","ENST00000350061",6486,6012,6462,451,0.0695343817452976,0.0581927767994865,0.120729911674336
"fs","NOTCH3","ENST00000263388",6966,5828,6774,947,0.135946023542923,"fs_control","MED13","ENST00000397786",6525,6166,6506,341,0.0522605363984674,0.0284029541118986,0.0836854871444553
"fs","NSD2","ENST00000508803",4098,3644,3998,355,0.0866276232308443,"fs_control","MYPN","ENST00000358913",3963,3608,3948,341,0.0860459248044411,0.0145478817309863,0.000581698426403238
"fs","PALB2","ENST00000261584",3561,3287,3475,189,0.0530749789385004,"fs_control","PUM1","ENST00000426105",3567,3329,3541,213,0.0597140454163162,0.000731135664100435,0.00663906647781581
"fs","PHOX2B","ENST00000226382",945,137,748,612,0.647619047619048,"fs_control","FASLG","ENST00000367721",846,197,763,567,0.670212765957447,0.0480614454702395,0.0225937183383992
"fs","PIEZO1","ENST00000301015",7566,7122,7546,425,0.056172349986783,"fs_control","MAP1B","ENST00000296755",7407,7172,7370,199,0.0268664776562711,0.00922399230513049,0.0293058723305119
"fs","PKD1","ENST00000262304",12912,12020,12637,618,0.0478624535315985,"fs_control","KMT2A","ENST00000534358",11919,11714,11882,169,0.0141790418659283,0.0347536976029703,0.0336834116656702
"fs","PLCB4","ENST00000378473",3621,1540,3596,2057,0.568075117370892,"fs_control","POLRMT","ENST00000588649",3693,1745,3622,1878,0.508529650690495,0.00855078283396704,0.0595454666803965
"fs","PLEC","ENST00000345136",13644,7328,13585,6258,0.458663148636763,"fs_control","SYNE2","ENST00000555002",20724,10210,20504,10295,0.496767033391237,0.181531872879724,0.0381038847544738
"fs","POLG","ENST00000268124",3720,3586,3670,85,0.0228494623655914,"fs_control","IMPG2","ENST00000193391",3726,3635,3690,56,0.0150295222758991,0.000699910678326532,0.00781994008969231
"fs","PPM1D","ENST00000305921",1818,1196,1708,513,0.282178217821782,"fs_control","MSTO1","ENST00000245564",1713,1282,1669,388,0.226503210741389,0.0258365159204383,0.0556750070803928
"fs","PPP3CA","ENST00000394854",1566,1265,1488,224,0.143039591315453,"fs_control","PLIN1","ENST00000300055",1569,1006,1200,195,0.124282982791587,0.000831185865012074,0.0187566085238664
"fs","PRPH2","ENST00000230381",1041,707,932,226,0.217098943323727,"fs_control","NODAL","ENST00000287139",1044,802,1012,211,0.202107279693487,0.00124976915570718,0.0149916636302406
"fs","RASA1","ENST00000274376",3144,2992,3109,118,0.0375318066157761,"fs_control","DNA2","ENST00000358410",3183,3044,3139,96,0.0301602262016965,0.00535410125363267,0.00737158041407957
"fs","RDH12","ENST00000551171",951,596,928,333,0.350157728706625,"fs_control","RLBP1","ENST00000268125",954,497,854,358,0.375262054507338,0.00136785776668136,0.0251043258007129
"fs","ROR2","ENST00000375708",2832,1312,2599,1288,0.454802259887006,"fs_control","GABBR2","ENST00000259455",2826,1282,2588,1307,0.462491153573956,0.000921091505191374,0.00768889368695053
"fs","RORB","ENST00000376896",1380,1079,1334,256,0.185507246376812,"fs_control","PAX8","ENST00000429538",1353,1058,1308,251,0.185513673318551,0.0085812898036135,6.42694173977332e-06
"fs","RP1","ENST00000220676",6471,683,6440,5758,0.889816102611652,"fs_control","C3","ENST00000245907",4992,1,4752,4752,0.951923076923077,0.11269682314784,0.0621069743114249
"fs","RPE65","ENST00000262340",1602,1370,1544,175,0.109238451935081,"fs_control","RORA","ENST00000335670",1572,1340,1513,174,0.110687022900763,0.00820997004482971,0.00144857096568221
"fs","SATB1","ENST00000338745",2292,1678,2280,603,0.263089005235602,"fs_control","CDH11","ENST00000268603",2391,1792,2362,571,0.238812212463404,0.0183649628204225,0.0242767927721977
"fs","SCN3A","ENST00000283254",6003,4685,5930,1246,0.207562885224055,"fs_control","SETD1A","ENST00000262519",5124,4722,5035,314,0.06128024980484,0.0687592222832252,0.146282635419215
"fs","SCN4A","ENST00000435607",5511,4106,5359,1254,0.227544910179641,"fs_control","ERBB3","ENST00000267101",4029,3404,3979,576,0.142963514519732,0.136033143637093,0.0845813956599088
"fs","SCN5A","ENST00000423572",6048,4646,5942,1297,0.214451058201058,"fs_control","CDK13","ENST00000181839",4539,3623,4352,730,0.160828376294338,0.124651599750301,0.0536226819067202
"fs","SDHB","ENST00000375499",843,665,812,148,0.175563463819692,"fs_control","KCTD17","ENST00000403888",945,701,865,165,0.174603174603175,0.0496042338845206,0.000960289216516974
"fs","SDHD","ENST00000375549",480,228,368,141,0.29375,"fs_control","GMNN","ENST00000230056",630,408,570,163,0.258730158730159,0.118099312077995,0.0350198412698413
"fs","SEMA6B","ENST00000586582",2667,1517,2180,664,0.248968878890139,"fs_control","CSF3R","ENST00000373106",2511,1757,2382,626,0.249303066507368,0.0261763029769537,0.000334187617228837
"fs","SERPING1","ENST00000278407",1503,1156,1417,262,0.174318030605456,"fs_control","SLC16A1","ENST00000369626",1503,1130,1414,285,0.189620758483034,0,0.0153027278775782
"fs","SETX","ENST00000224140",8034,3796,7880,4085,0.508464027881504,"fs_control","ABCA4","ENST00000370225",6822,3380,6752,3373,0.494429785986514,0.0710201123242742,0.0140342418949894
"fs","SHH","ENST00000297261",1389,413,1144,732,0.526997840172786,"fs_control","TBXT","ENST00000366876",1311,425,1114,690,0.526315789473684,0.0250995540475314,0.000682050699101988
"fs","SLC3A1","ENST00000260649",2058,1518,2012,495,0.240524781341108,"fs_control","SCNN1A","ENST00000228916",2010,1438,1816,379,0.188557213930348,0.0102493130059251,0.0519675674107596
"fs","SLC40A1","ENST00000261024",1716,1253,1627,375,0.218531468531469,"fs_control","RTN2","ENST00000245923",1638,1240,1552,313,0.191086691086691,0.0202033860882866,0.0274447774447775
"fs","SLC4A1","ENST00000262418",2736,1210,2628,1419,0.518640350877193,"fs_control","HK1","ENST00000359426",2754,1266,2658,1393,0.505809731299927,0.00284784287282625,0.0128306195772656
"fs","SOX9","ENST00000245479",1530,274,1144,871,0.569281045751634,"fs_control","ATL1","ENST00000358385",1677,712,1585,874,0.521168753726893,0.0398416317884869,0.0481122920247407
"fs","SPRED1","ENST00000299084",1335,560,1294,735,0.550561797752809,"fs_control","RHAG","ENST00000371175",1230,498,1183,686,0.557723577235772,0.0355761542611961,0.00716177948296337
"fs","STUB1","ENST00000219548",912,714,871,158,0.173245614035088,"fs_control","GNB1","ENST00000378609",1023,792,979,188,0.183773216031281,0.0498807953837441,0.0105276019961928
"fs","TBR1","ENST00000389554",2049,1114,1789,676,0.329917032698878,"fs_control","MEFV","ENST00000219596",2346,1646,2324,679,0.289428815004263,0.0587860493783157,0.0404882176946149
"fs","TBX3","ENST00000349155",2172,1136,1978,843,0.388121546961326,"fs_control","COL9A2","ENST00000372748",2070,907,1826,920,0.444444444444444,0.0208894754598914,0.0563228974831185
"fs","TCAP","ENST00000309889",504,32,302,271,0.537698412698413,"fs_control","ATP6V0C","ENST00000330398",468,80,320,241,0.514957264957265,0.0321846833714012,0.0227411477411478
"fs","TEK","ENST00000380036",3375,3227,3334,108,0.032,"fs_control","SREBF1","ENST00000261646",3444,3124,3260,137,0.0397793263646922,0.00878936561457344,0.00777932636469222
"fs","TGFB3","ENST00000238682",1239,928,1225,298,0.240516545601291,"fs_control","TGFB1","ENST00000221930",1173,830,1092,263,0.224211423699915,0.023773294260534,0.0163051219013766
"fs","TGFBR2","ENST00000295754",1704,1436,1681,246,0.144366197183099,"fs_control","PRODH","ENST00000357068",1803,1428,1676,249,0.138103161397671,0.0245261362917204,0.00626303578542806
"fs","THRA","ENST00000450525",1233,905,1189,285,0.231143552311436,"fs_control","ZP3","ENST00000394857",1275,920,1177,258,0.202352941176471,0.0145471081742423,0.0287906111349649
"fs","TRPC6","ENST00000344327",2796,2584,2758,175,0.0625894134477825,"fs_control","PDE11A","ENST00000286063",2802,2566,2744,179,0.0638829407566024,0.00093096387611169,0.00129352730881989
"fs","TRPS1","ENST00000395715",3885,2723,3808,1086,0.27953667953668,"fs_control","SCAF4","ENST00000286835",3444,2402,3378,977,0.283681765389082,0.0523278803553162,0.00414508585240292
"fs","VHL","ENST00000256474",642,299,559,261,0.406542056074766,"fs_control","RBP4","ENST00000371464",606,256,499,244,0.402640264026403,0.0250624039025671,0.00390179204836372
"fs","WFS1","ENST00000226760",2673,650,2492,1843,0.689487467265245,"fs_control","TRIM71","ENST00000383763",2607,1000,2512,1513,0.58036056770234,0.0108579275882081,0.109126899562905
"fs","WNT1","ENST00000293549",1113,384,769,386,0.34681042228212,"fs_control","GNAO1","ENST00000262493",1065,662,979,318,0.298591549295775,0.0191455565599519,0.0482188729863458
"fs","WNT10A","ENST00000258411",1254,282,756,475,0.378787878787879,"fs_control","LHX4","ENST00000263726",1173,665,1128,464,0.395566922421142,0.0289995243791683,0.0167790436332636
"fs","ZFHX3","ENST00000268489",11112,9276,11040,1765,0.158837293016559,"fs_control","RANBP2","ENST00000283195",9675,9260,9626,367,0.0379328165374677,0.0601412590386099,0.120904476479091
"fs","ZIC2","ENST00000376335",1599,1012,1410,399,0.24953095684803,"fs_control","MEF2C","ENST00000504921",1422,1025,1338,314,0.220815752461322,0.0509488673524872,0.0287152043867079
"fs","ZNF148","ENST00000360647",2385,719,2348,1630,0.683438155136268,"fs_control","ZNF408","ENST00000311764",2163,554,2102,1549,0.716134997688396,0.0424318639370411,0.0326968425521273
"fs","ZNF292","ENST00000369577",8172,956,8143,7188,0.879588839941263,"fs_control","CACNA1C","ENST00000399655",6417,1,6332,6332,0.986753934860527,0.104996318669219,0.107165094919264
