"hgnc_symbol","ensembl_transcript_id","cds_length"
"AARS1","ENST00000261772",2907
"ABCA7","ENST00000263094",6441
"ABCB4","ENST00000649586",3840
"ABCC6","ENST00000620078",4512
"ABCC8","ENST00000389817",4746
"ABCC9","ENST00000261200",4650
"ABL1","ENST00000318560",3393
"ACTB","ENST00000646664",1128
"ACTL6B","ENST00000160382",1281
"ACTN1","ENST00000394419",2745
"ACTN2","ENST00000366578",2685
"ADGRL1","ENST00000672190",4425
"ADRB1","ENST00000369295",1434
"AFF4","ENST00000265343",3492
"AFP","ENST00000395792",1830
"AGO1","ENST00000373204",2574
"ALDH18A1","ENST00000371224",2388
"ALOX5","ENST00000610656",2025
"ALPK1","ENST00000650871",3735
"ALX4","ENST00000652299",1236
"ANGPT2","ENST00000629816",1488
"ANK1","ENST00000289734",5643
"ANLN","ENST00000265748",3375
"AP2S1","ENST00000263270",429
"AP4E1","ENST00000261842",3414
"APOB","ENST00000707961",13692
"ARCN1","ENST00000264028",1536
"ARFGEF1","ENST00000262215",5550
"ARHGAP31","ENST00000264245",4335
"ARID1B","ENST00000636930",7119
"ATP11A","ENST00000375645",3405
"ATP1A2","ENST00000361216",3063
"ATP2B1","ENST00000428670",3663
"ATP2C1","ENST00000510168",2760
"ATP6V0A1","ENST00000343619",2514
"ATP8B1","ENST00000648908",3756
"ATXN3","ENST00000644486",1086
"AURKA","ENST00000395915",1212
"BICRA","ENST00000594866",4683
"BRCA1","ENST00000357654",5592
"CACNA1G","ENST00000359106",7134
"CACNA1S","ENST00000362061",5622
"CALCR","ENST00000426151",1425
"CAMK2A","ENST00000671881",1470
"CAMK2B","ENST00000395749",2001
"CAPN3","ENST00000397163",2466
"CASP10","ENST00000286186",1569
"CASP8","ENST00000673742",1440
"CASR","ENST00000639785",3237
"CBFB","ENST00000412916",564
"CCDC88C","ENST00000389857",6087
"CCNK","ENST00000389879",1743
"CDC42","ENST00000656825",576
"CDH1","ENST00000261769",2649
"CDK13","ENST00000181839",4539
"CDON","ENST00000531738",3795
"CEBPE","ENST00000206513",846
"CELF2","ENST00000633077",1566
"CELSR1","ENST00000674500",9060
"CETP","ENST00000200676",1482
"CFH","ENST00000367429",3696
"CFTR","ENST00000003084",4443
"CHMP2B","ENST00000263780",642
"CIC","ENST00000681038",7554
"CLCN6","ENST00000346436",2610
"CLDN11","ENST00000064724",624
"CNOT3","ENST00000614649",2262
"COL11A1","ENST00000370096",5421
"COL17A1","ENST00000648076",4494
"COL4A4","ENST00000396625",5073
"COL9A2","ENST00000372748",2070
"COL9A3","ENST00000649368",2055
"COMT","ENST00000361682",816
"CPOX","ENST00000647941",1365
"CPSF1","ENST00000644539",4332
"CREB3L3","ENST00000078445",1386
"CREBBP","ENST00000262367",7329
"CRY1","ENST00000008527",1761
"CTNNA1","ENST00000302763",2721
"CUL3","ENST00000264414",2307
"CYFIP2","ENST00000620254",3762
"CYLD","ENST00000427738",2871
"DCN","ENST00000052754",1080
"DIP2B","ENST00000301180",4731
"DLX3","ENST00000434704",864
"DNAJB11","ENST00000265028",1077
"DNM1L","ENST00000549701",2211
"DNM2","ENST00000389253",2613
"DRD4","ENST00000611962",1260
"DSG2","ENST00000261590",3357
"DSP","ENST00000379802",8616
"EDN1","ENST00000379375",639
"EED","ENST00000263360",1326
"EFHC1","ENST00000371068",1923
"EIF2AK1","ENST00000199389",1893
"EIF2AK2","ENST00000233057",1656
"ELN","ENST00000252034",2175
"ELOVL1","ENST00000372458",840
"ELOVL5","ENST00000304434",900
"ELP1","ENST00000374647",3999
"EPB41L1","ENST00000338074",2646
"ERBB3","ENST00000267101",4029
"ESR1","ENST00000206249",1788
"EVC","ENST00000264956",2979
"FAS","ENST00000652046",1008
"FAT2","ENST00000261800",13050
"FBLN1","ENST00000327858",2112
"FBXW11","ENST00000517395",1692
"FCGR2B","ENST00000358671",933
"FGF10","ENST00000264664",627
"FGFR1","ENST00000447712",2469
"FGFR2","ENST00000358487",2466
"FGFR3","ENST00000440486",2421
"FH","ENST00000366560",1533
"FLT4","ENST00000261937",4092
"FOSL2","ENST00000264716",981
"FOXC1","ENST00000645831",1662
"FTL","ENST00000331825",528
"FUS","ENST00000254108",1581
"FUZ","ENST00000313777",1257
"GABRA1","ENST00000393943",1371
"GAL","ENST00000265643",372
"GANAB","ENST00000356638",2835
"GLI2","ENST00000361492",4710
"GNA11","ENST00000078429",1080
"GNAI3","ENST00000369851",1065
"GNAO1","ENST00000262493",1065
"GNAS","ENST00000371085",1185
"GNB1","ENST00000378609",1023
"GRHL2","ENST00000646743",1878
"GRN","ENST00000053867",1782
"GUCA1A","ENST00000372958",606
"GUCY2C","ENST00000261170",3222
"HAGH","ENST00000397356",927
"HAL","ENST00000261208",1974
"HCN2","ENST00000251287",2670
"HDAC4","ENST00000543185",3270
"HDAC9","ENST00000686413",3210
"HIVEP2","ENST00000367603",7341
"HMMR","ENST00000393915",2178
"HNRNPC","ENST00000553300",882
"HOXA11","ENST00000006015",942
"IFNGR1","ENST00000367739",1470
"IGF2BP2","ENST00000382199",1800
"IKZF5","ENST00000368886",1260
"IMPG2","ENST00000193391",3726
"ITGA2B","ENST00000262407",3120
"ITPR3","ENST00000605930",8016
"JAK2","ENST00000381652",3399
"JARID2","ENST00000341776",3741
"KAT6A","ENST00000265713",6015
"KCNH2","ENST00000262186",3480
"KCNN2","ENST00000673685",2376
"KCNQ1","ENST00000632153",517
"KCNQ2","ENST00000359125",2619
"KDM1A","ENST00000400181",2631
"KIF1B","ENST00000676179",5451
"KIF22","ENST00000160827",1998
"KIF2A","ENST00000407818",2235
"KITLG","ENST00000644744",822
"KMT2C","ENST00000262189",14736
"KMT2E","ENST00000311117",5577
"KRIT1","ENST00000394505",2211
"LRP6","ENST00000628182",4842
"LZTR1","ENST00000646124",2523
"MAP3K1","ENST00000399503",4539
"MAST3","ENST00000687212",4044
"MATR3","ENST00000394805",2544
"MCM2","ENST00000265056",2715
"MCM6","ENST00000264156",2466
"MCOLN1","ENST00000264079",1743
"MECOM","ENST00000651503",3720
"MEF2A","ENST00000557942",1518
"MEF2C","ENST00000504921",1422
"METTL13","ENST00000361735",2100
"MLH1","ENST00000231790",2271
"MLLT10","ENST00000307729",3207
"MPO","ENST00000225275",2238
"MSH2","ENST00000233146",2805
"MTAP","ENST00000644715",852
"MYH7","ENST00000355349",5808
"MYLK","ENST00000360304",5745
"MYO3A","ENST00000642920",4851
"MYOC","ENST00000037502",1515
"NCDN","ENST00000373243",2190
"NEDD4L","ENST00000400345",2928
"NFIX","ENST00000592199",1509
"NFKB2","ENST00000661543",2703
"NLRC4","ENST00000402280",3075
"NLRP1","ENST00000572272",4422
"NOTCH3","ENST00000263388",6966
"NSF","ENST00000611398",2235
"NTN1","ENST00000173229",1815
"OAS1","ENST00000202917",1203
"P4HA2","ENST00000360568",1602
"PAFAH1B1","ENST00000397195",1233
"PALB2","ENST00000261584",3561
"PAX2","ENST00000355243",1185
"PAX6","ENST00000640368",1311
"PER3","ENST00000377532",3633
"PITPNM3","ENST00000262483",2925
"PITX1","ENST00000265340",945
"PKD1","ENST00000262304",12912
"PKP2","ENST00000340811",2514
"POLD1","ENST00000440232",3324
"POLR1A","ENST00000263857",5163
"POLR3B","ENST00000228347",3402
"POLRMT","ENST00000588649",3693
"POU1F1","ENST00000350375",876
"POU4F3","ENST00000646991",1017
"PPP1R12A","ENST00000450142",3093
"PPP2R3C","ENST00000261475",1362
"PRDM6","ENST00000407847",1788
"PRKACA","ENST00000673550",1056
"PROM1","ENST00000447510",2598
"PSEN1","ENST00000324501",1404
"PTHLH","ENST00000545234",534
"RAB7A","ENST00000265062",624
"RAD51","ENST00000267868",1020
"RAD54L","ENST00000371975",2244
"RALA","ENST00000005257",621
"RARB","ENST00000330688",1347
"REEP1","ENST00000538924",855
"REST","ENST00000309042",3294
"RHOBTB2","ENST00000251822",2184
"RNF13","ENST00000392894",1146
"RORA","ENST00000335670",1572
"RPL18","ENST00000549920",567
"RRAGD","ENST00000369415",1203
"RRM2B","ENST00000251810",1056
"RTN4R","ENST00000043402",1422
"SCN4A","ENST00000435607",5511
"SDHA","ENST00000264932",1995
"SEC61A1","ENST00000243253",1431
"SEC63","ENST00000369002",2283
"SEMA3A","ENST00000265362",2316
"SERPIND1","ENST00000215727",1500
"SETD1A","ENST00000262519",5124
"SF3B2","ENST00000322535",2688
"SH3BP2","ENST00000503393",1686
"SLC12A2","ENST00000262461",3639
"SLC1A3","ENST00000265113",1629
"SLC25A24","ENST00000640416",1434
"SLC4A1","ENST00000262418",2736
"SLC7A9","ENST00000023064",1464
"SMARCA2","ENST00000349721",4773
"SMARCD1","ENST00000394963",1548
"SMARCE1","ENST00000348513",1236
"SNCB","ENST00000393693",405
"SPAST","ENST00000315285",1851
"SPEN","ENST00000375759",10995
"SPI1","ENST00000378538",813
"SPTB","ENST00000644917",6987
"SPTLC1","ENST00000262554",1422
"SRCAP","ENST00000262518",9693
"SREBF1","ENST00000261646",3444
"STARD7","ENST00000337288",1113
"STX1B","ENST00000215095",867
"SUPT16H","ENST00000216297",3144
"SYNE2","ENST00000555002",20724
"SYT1","ENST00000261205",1269
"TAB2","ENST00000637181",2082
"TBX5","ENST00000405440",1557
"TBXA2R","ENST00000375190",1032
"TCF3","ENST00000262965",1965
"TCOF1","ENST00000643257",4470
"TFAP2B","ENST00000393655",1383
"TGFB2","ENST00000366930",1245
"THOC1","ENST00000261600",1974
"THPO","ENST00000647395",1062
"TIE1","ENST00000372476",3417
"TINF2","ENST00000646576",1356
"TLL1","ENST00000061240",3042
"TMEM98","ENST00000579849",681
"TNC","ENST00000350763",6606
"TNFRSF1A","ENST00000162749",1368
"TNPO3","ENST00000265388",2772
"TNRC6A","ENST00000395799",5889
"TOP2B","ENST00000264331",4881
"TP63","ENST00000264731",2043
"TRIO","ENST00000344204",9294
"TRPM3","ENST00000677713",5160
"TRPM7","ENST00000646667",5598
"TUBA3D","ENST00000321253",1353
"TYR","ENST00000263321",1590
"U2AF2","ENST00000308924",1428
"UQCRC1","ENST00000203407",1443
"USP48","ENST00000308271",3108
"VCAN","ENST00000265077",10191
"VCL","ENST00000211998",3405
"VIM","ENST00000544301",1401
"VPS35","ENST00000299138",2391
"WAC","ENST00000354911",1944
"WBP11","ENST00000261167",1926
"WDR37","ENST00000263150",1485
"WNK1","ENST00000315939",7149
"ZCCHC8","ENST00000633063",2124
"ZFHX4","ENST00000651372",10851
"ZIC2","ENST00000376335",1599
"ZMYND11","ENST00000381604",1809
"AAGAB","ENST00000261880",948
"ABCC1","ENST00000621144",4596
"ACD","ENST00000620761",1377
"ACO2","ENST00000216254",2343
"ACTA2","ENST00000224784",1134
"ACVR1","ENST00000434821",1530
"ADNP","ENST00000621696",3309
"AIP","ENST00000279146",993
"AKT2","ENST00000392038",1446
"ALDH2","ENST00000261733",1554
"ANKRD26","ENST00000376087",5133
"APOA5","ENST00000227665",1101
"APOL1","ENST00000397278",1197
"APOL4","ENST00000683024",1047
"ARHGEF10","ENST00000610399",4110
"ASPN","ENST00000710274",1140
"ATN1","ENST00000396684",3573
"ATP1A3","ENST00000648268",3042
"ATP5F1B","ENST00000262030",1590
"ATP6V1A","ENST00000273398",1854
"AVP","ENST00000380293",495
"BACH2","ENST00000257749",2526
"BLVRA","ENST00000265523",891
"BMPR1A","ENST00000372037",1599
"C5","ENST00000223642",5031
"C9","ENST00000263408",1680
"CACNA1I","ENST00000402142",6672
"CARD8","ENST00000651546",1614
"CAV1","ENST00000341049",537
"CBL","ENST00000264033",2721
"CCL2","ENST00000225831",300
"CCND1","ENST00000227507",888
"CDKN1B","ENST00000228872",597
"CEP85L","ENST00000368491",2418
"CERT1","ENST00000643780",1875
"CHCHD2","ENST00000395422",456
"CHD4","ENST00000544040",5739
"CHD8","ENST00000646647",7746
"CHIC2","ENST00000263921",498
"CHMP4B","ENST00000217402",675
"CHRNA4","ENST00000370263",1884
"CHRNE","ENST00000649488",1482
"CILK1","ENST00000676107",1899
"CLCN2","ENST00000265593",2697
"CLCN3","ENST00000513761",2457
"CLCN7","ENST00000382745",2418
"CNOT2","ENST00000229195",1623
"COCH","ENST00000396618",1653
"COG4","ENST00000323786",2370
"COL12A1","ENST00000322507",9192
"COL1A1","ENST00000225964",4395
"COL7A1","ENST00000681320",8835
"COL9A1","ENST00000357250",2766
"COMP","ENST00000222271",2274
"CRX","ENST00000221996",900
"CRYAB","ENST00000650687",528
"CRYBA1","ENST00000225387",648
"CRYBB1","ENST00000647684",759
"CRYBB3","ENST00000215855",636
"CRYM","ENST00000572914",945
"CSNK2A1","ENST00000217244",1176
"CST3","ENST00000376925",441
"CTCF","ENST00000264010",2184
"CUX2","ENST00000261726",4461
"DDX6","ENST00000534980",1452
"DEPDC5","ENST00000651528",4812
"DICER1","ENST00000343455",5769
"DLX4","ENST00000240306",723
"DLX5","ENST00000648378",870
"DMPK","ENST00000291270",1890
"DMXL2","ENST00000560891",9177
"DNAJB6","ENST00000262177",981
"DNAJC5","ENST00000360864",597
"DNM1","ENST00000372923",2595
"DVL1","ENST00000378888",2088
"DYRK1B","ENST00000631090",1890
"EBF3","ENST00000440978",1890
"EEF1A2","ENST00000217182",1392
"EFEMP1","ENST00000355426",1482
"EFTUD2","ENST00000426333",2919
"EHHADH","ENST00000231887",2172
"EIF4G1","ENST00000346169",4800
"ELP4","ENST00000640961",1275
"ENG","ENST00000373203",1977
"EP300","ENST00000263253",7245
"ERF","ENST00000222329",1647
"EYA1","ENST00000340726",1779
"EYA4","ENST00000355286",1920
"EZH2","ENST00000320356",2256
"FBXW7","ENST00000281708",2124
"FGF12","ENST00000445105",546
"FGF14","ENST00000376143",744
"FGF8","ENST00000320185",735
"FGF9","ENST00000382353",627
"FIG4","ENST00000230124",2724
"FN1","ENST00000354785",7434
"FOXF1","ENST00000262426",1140
"FOXN1","ENST00000579795",1947
"FOXP1","ENST00000649528",2034
"FZR1","ENST00000441788",1482
"GABRG2","ENST00000639213",1428
"GARS1","ENST00000389266",2220
"GATA3","ENST00000379328",1335
"GBF1","ENST00000369983",5583
"GCK","ENST00000403799",1398
"GCNT2","ENST00000642698",1209
"GDAP1","ENST00000220822",1077
"GHR","ENST00000230882",1917
"GLI3","ENST00000395925",4743
"GMNN","ENST00000230056",630
"GNAI2","ENST00000313601",1068
"GNAT1","ENST00000232461",1053
"GNB4","ENST00000232564",1023
"GPD2","ENST00000438166",2184
"GRIN2D","ENST00000263269",4011
"GSDME","ENST00000645220",1491
"GUCA1B","ENST00000230361",603
"HCK","ENST00000375852",1581
"HNF4A","ENST00000316673",1359
"HOMER2","ENST00000450735",1032
"HOXA13","ENST00000649031",1167
"HOXA2","ENST00000222718",1131
"HRG","ENST00000232003",1578
"HSF4","ENST00000521374",1479
"HSPA9","ENST00000297185",2040
"HSPB1","ENST00000248553",618
"HTR2A","ENST00000542664",1416
"IFIH1","ENST00000649979",3078
"IFNG","ENST00000229135",501
"IKBKB","ENST00000520810",2271
"IMPDH1","ENST00000338791",1800
"IMPG1","ENST00000369950",2394
"JAG1","ENST00000254958",3657
"JPH1","ENST00000342232",1986
"KAT8","ENST00000219797",1377
"KCNA1","ENST00000382545",1488
"KCNN4","ENST00000648319",1284
"KCNT1","ENST00000371757",3708
"KCTD17","ENST00000403888",945
"KIF3B","ENST00000375712",2244
"KLF1","ENST00000264834",1089
"KLHL24","ENST00000242810",1803
"KMT5B","ENST00000304363",2658
"KNG1","ENST00000644859",1935
"KPNA3","ENST00000261667",1566
"LAMA4","ENST00000230538",5472
"LGI1","ENST00000371418",1674
"LIM2","ENST00000596399",522
"LMAN2L","ENST00000264963",1047
"LMBR1","ENST00000353442",1473
"LMNB1","ENST00000261366",1761
"LOX","ENST00000231004",1254
"MAPK1","ENST00000215832",1083
"MAPKAPK3","ENST00000621469",1149
"MAST1","ENST00000251472",4713
"MED13","ENST00000397786",6525
"MEFV","ENST00000219596",2346
"MET","ENST00000397752",4173
"MIB1","ENST00000261537",3021
"MIEF1","ENST00000325301",1392
"MINPP1","ENST00000371996",1464
"MVK","ENST00000228510",1191
"MYH14","ENST00000642316",6111
"MYH3","ENST00000583535",5823
"MYH9","ENST00000216181",5883
"MYL2","ENST00000228841",501
"MYLK2","ENST00000375985",1791
"NAGLU","ENST00000225927",2232
"NALCN","ENST00000251127",5217
"NEFH","ENST00000310624",3063
"NFKB1","ENST00000226574",2910
"NFKBIA","ENST00000216797",954
"NHERF1","ENST00000262613",1077
"NOBOX","ENST00000643277",2073
"NOP56","ENST00000329276",1785
"NOVA2","ENST00000263257",1479
"NPRL2","ENST00000232501",1143
"NPRL3","ENST00000611875",1710
"NR3C1","ENST00000394464",2334
"NSD2","ENST00000508803",4098
"PABPN1","ENST00000216727",921
"PANX1","ENST00000227638",1281
"PAX4","ENST00000639438",1056
"PDCD10","ENST00000392750",639
"PDE10A","ENST00000539869",3168
"PDE4D","ENST00000340635",2430
"PDE8B","ENST00000264917",2658
"PDGFB","ENST00000331163",726
"PDGFRB","ENST00000261799",3321
"PDYN","ENST00000217305",765
"PERP","ENST00000421351",582
"PHACTR1","ENST00000332995",1743
"PHOX2B","ENST00000226382",945
"PIEZO1","ENST00000301015",7566
"PIK3R2","ENST00000222254",2187
"PIKFYVE","ENST00000264380",6297
"PITX3","ENST00000370002",909
"PLCB4","ENST00000378473",3621
"PLD3","ENST00000409735",1473
"PMP22","ENST00000312280",483
"POFUT1","ENST00000375749",1167
"POMC","ENST00000395826",804
"POU6F2","ENST00000518318",2163
"PPP1R17","ENST00000342032",468
"PPP2CA","ENST00000481195",930
"PPP2R1A","ENST00000322088",1770
"PPP2R5D","ENST00000485511",1809
"PRKAG2","ENST00000287878",1710
"PRKAR1A","ENST00000589228",1146
"PRLR","ENST00000618457",1869
"PRODH","ENST00000357068",1803
"PROKR2","ENST00000678254",1155
"PRPF31","ENST00000619956",1500
"PRPF6","ENST00000266079",2826
"PRPH2","ENST00000230381",1041
"PRX","ENST00000324001",4386
"RAI1","ENST00000353383",5721
"RAPGEF2","ENST00000691494",4983
"RETN","ENST00000221515",327
"RHAG","ENST00000371175",1230
"RIGI","ENST00000379883",2778
"RIPOR2","ENST00000643898",3144
"RNF125","ENST00000217740",699
"RNF43","ENST00000407977",2352
"RP1","ENST00000220676",6471
"RPS19","ENST00000598742",438
"SALL1","ENST00000251020",3975
"SALL4","ENST00000217086",3162
"SAMHD1","ENST00000646673",1881
"SASH1","ENST00000367467",3744
"SCN1B","ENST00000262631",657
"SCNN1A","ENST00000228916",2010
"SEC23A","ENST00000307712",2298
"SEC23B","ENST00000650089",2304
"SERPINE1","ENST00000223095",1209
"SETX","ENST00000224140",8034
"SHOC2","ENST00000369452",1749
"SLC17A9","ENST00000370351",1311
"SLC1A2","ENST00000278379",1725
"SLC25A11","ENST00000225665",945
"SLC26A8","ENST00000490799",2913
"SLC2A9","ENST00000264784",1623
"SLC32A1","ENST00000217420",1578
"SLC39A14","ENST00000381237",1479
"SLC4A3","ENST00000358055",3699
"SLC6A2","ENST00000568943",1854
"SLC6A4","ENST00000650711",1893
"SMARCB1","ENST00000629690",1185
"SMC3","ENST00000361804",3654
"SMCHD1","ENST00000320876",6018
"SNTA1","ENST00000217381",1518
"SOS2","ENST00000216373",3999
"SOX10","ENST00000396884",1401
"SOX6","ENST00000683767",2487
"SPECC1L","ENST00000314328",3354
"SPTBN1","ENST00000356805",7095
"SPTLC2","ENST00000216484",1689
"SRP54","ENST00000216774",1515
"SSBP1","ENST00000576834",403
"STAT1","ENST00000361099",2253
"STEAP3","ENST00000393110",1497
"STUB1","ENST00000219548",912
"SUFU","ENST00000369902",1455
"TBP","ENST00000392092",1020
"TBX18","ENST00000369663",1824
"TCF20","ENST00000574943",5883
"TECTA","ENST00000392793",6468
"TFG","ENST00000240851",1203
"TGFB1","ENST00000221930",1173
"TGFBR1","ENST00000374994",1512
"TIMELESS","ENST00000553532",3627
"TIMP3","ENST00000266085",636
"TMEM106B","ENST00000396668",825
"TNNC1","ENST00000232975",486
"TNNC2","ENST00000372555",483
"TNNT1","ENST00000588981",837
"TNPO2","ENST00000425528",2694
"TNRC6B","ENST00000454349",5502
"TOM1","ENST00000449058",1479
"TRPA1","ENST00000262209",3360
"TRPS1","ENST00000395715",3885
"TRPV4","ENST00000261740",2616
"TSC2","ENST00000219476",5424
"TSPAN12","ENST00000222747",918
"TUBB1","ENST00000217133",1356
"TUBB4A","ENST00000264071",1335
"TWNK","ENST00000311916",2055
"UBE3A","ENST00000648336",2619
"UBTF","ENST00000436088",2295
"UFSP2","ENST00000264689",1410
"UNC119","ENST00000335765",723
"VSX1","ENST00000376709",1098
"VWA8","ENST00000379310",5718
"VWF","ENST00000261405",8442
"WASF1","ENST00000392589",1680
"WFS1","ENST00000226760",2673
"WNT5A","ENST00000264634",1143
"YY1","ENST00000262238",1245
"ZMIZ1","ENST00000334512",3204
"ZNF423","ENST00000563137",3879
"ABCB6","ENST00000265316",2529
"ABCC11","ENST00000356608",4149
"ABCG2","ENST00000237612",1968
"ACTN4","ENST00000634960",2736
"ADGRE2","ENST00000315576",2472
"AGO2","ENST00000220592",2580
"AHDC1","ENST00000673934",4812
"AIPL1","ENST00000381129",1155
"AKAP9","ENST00000356239",11724
"AKT3","ENST00000621586",1440
"ALG5","ENST00000239891",975
"ANKRD17","ENST00000358602",7812
"ANO1","ENST00000355303",2961
"ANO3","ENST00000256737",2946
"ANXA11","ENST00000422982",1518
"APOA1","ENST00000236850",804
"APOE","ENST00000252486",954
"APOL2","ENST00000358502",1014
"ARID1A","ENST00000324856",6858
"ASH1L","ENST00000392403",8895
"ATXN1","ENST00000436367",2448
"ATXN10","ENST00000252934",1428
"BCL11A","ENST00000642384",2508
"BCL11B","ENST00000357195",2685
"BFSP1","ENST00000377873",1998
"BHLHE41","ENST00000242728",1449
"BICC1","ENST00000373886",2925
"BMP2","ENST00000378827",1191
"BMP4","ENST00000245451",1227
"C19orf12","ENST00000323670",426
"C3","ENST00000245907",4992
"CCND2","ENST00000261254",870
"CD46","ENST00000367042",1134
"CDC73","ENST00000367435",1596
"CDH15","ENST00000289746",2445
"CDK8","ENST00000381527",1395
"CDKN1C","ENST00000616138",951
"CFHR3","ENST00000367425",993
"CFHR5","ENST00000709541",1710
"CHD5","ENST00000262450",5865
"CHI3L1","ENST00000255409",1152
"CHN1","ENST00000409900",1380
"CHRNA2","ENST00000407991",1590
"CNOT1","ENST00000317147",7131
"COL10A1","ENST00000651968",2043
"COL5A1","ENST00000371817",5517
"COPA","ENST00000241704",3675
"CRB1","ENST00000367400",4221
"CRYGD","ENST00000644920",525
"CSF3R","ENST00000373106",2511
"CSRP3","ENST00000265968",585
"CXCR4","ENST00000241393",1059
"DAGLA","ENST00000257215",3129
"DCAF8","ENST00000368074",1794
"DHDDS","ENST00000236342",1002
"DHX30","ENST00000445061",3585
"DIAPH1","ENST00000389054",3819
"DLG4","ENST00000399506",2175
"DLL4","ENST00000249749",2058
"DLST","ENST00000334220",1362
"DNMT1","ENST00000359526",4899
"DNMT3A","ENST00000321117",2739
"DPF2","ENST00000528416",1176
"DPP6","ENST00000377770",2598
"DSC2","ENST00000280904",2706
"DSG1","ENST00000257192",3150
"DSTYK","ENST00000367162",2790
"DTNA","ENST00000444659",2313
"ECE1","ENST00000374893",2313
"EDN3","ENST00000337938",717
"EGR2","ENST00000242480",1431
"EIF5A","ENST00000672043",561
"ELMOD3","ENST00000409013",1146
"ELOVL4","ENST00000369816",945
"ENAM","ENST00000396073",3429
"EPAS1","ENST00000263734",2613
"EPCAM","ENST00000263735",945
"EPHX2","ENST00000521400",1668
"EPO","ENST00000252723",582
"ERMARD","ENST00000616801",2037
"F12","ENST00000253496",1848
"F13A1","ENST00000264870",2199
"FASLG","ENST00000367721",846
"FBP2","ENST00000375337",1020
"FGF23","ENST00000237837",756
"FHOD3","ENST00000590592",4869
"FLNC","ENST00000325888",8178
"FLRT3","ENST00000341420",1950
"FOXJ1","ENST00000322957",1266
"FOXP2","ENST00000350908",2148
"GATA5","ENST00000252997",1194
"GCH1","ENST00000491895",753
"GCM2","ENST00000379491",1521
"GDF1","ENST00000247005",1119
"GDF15","ENST00000252809",927
"GDF5","ENST00000374369",1506
"GFAP","ENST00000588735",1299
"GHSR","ENST00000241256",1101
"GIPC1","ENST00000393033",1002
"GJA3","ENST00000241125",1308
"GJA8","ENST00000369235",1302
"GJB6","ENST00000647029",786
"GLS","ENST00000320717",2010
"GNAI1","ENST00000649796",1065
"GRIA2","ENST00000264426",2652
"GUCY2D","ENST00000254854",3312
"H3-3B","ENST00000254810",411
"HNRNPA2B1","ENST00000618183",1026
"HNRNPR","ENST00000634713",1911
"HOXD10","ENST00000249501",1023
"HOXD13","ENST00000392539",1032
"HSD11B1","ENST00000367027",879
"IL1R1","ENST00000410023",1710
"IL6ST","ENST00000381298",2757
"IRF2BPL","ENST00000238647",2391
"IRF3","ENST00000377139",1284
"IRF6","ENST00000367021",1404
"IVNS1ABP","ENST00000367498",1929
"KANSL1","ENST00000626533",3318
"KCNA5","ENST00000252321",1842
"KCNC1","ENST00000265969",1758
"KCNC3","ENST00000477616",2274
"KCNJ13","ENST00000233826",1083
"KCNJ2","ENST00000243457",1284
"KCNJ5","ENST00000529694",1260
"KCNQ4","ENST00000347132",2088
"KCTD1","ENST00000580059",2598
"KDM3B","ENST00000314358",5286
"KDM4B","ENST00000159111",3291
"KDM6B","ENST00000448097",4932
"KDR","ENST00000263923",4071
"KIDINS220","ENST00000256707",5316
"KIF1A","ENST00000498729",5376
"KISS1R","ENST00000234371",1197
"KLHL7","ENST00000339077",1761
"KMT2A","ENST00000534358",11919
"KRAS","ENST00000311936",567
"KRT17","ENST00000311208",1299
"LDB3","ENST00000361373",2184
"LDLR","ENST00000558518",2583
"LHX4","ENST00000263726",1173
"LOXL1","ENST00000261921",1725
"LRP1","ENST00000243077",13635
"LRP4","ENST00000378623",5718
"MACF1","ENST00000564288",22668
"MAP1B","ENST00000296755",7407
"MAP2K2","ENST00000262948",1203
"MAPK8IP1","ENST00000241014",2136
"MATN3","ENST00000407540",1461
"MAX","ENST00000358664",483
"MBD4","ENST00000429544",1725
"MED13L","ENST00000281928",6633
"MEIS2","ENST00000561208",1434
"MEN1","ENST00000450708",1833
"MFN2","ENST00000235329",2274
"MLH3","ENST00000355774",4362
"MMP19","ENST00000322569",1527
"MNX1","ENST00000252971",1206
"MORC2","ENST00000397641",3099
"MPL","ENST00000372470",1908
"MSH6","ENST00000234420",4083
"MSTO1","ENST00000245564",1713
"MSX2","ENST00000239243",804
"MTNR1B","ENST00000257068",1089
"MTSS2","ENST00000338779",2244
"MUC5B","ENST00000529681",17289
"MYBPC3","ENST00000545968",3825
"MYCN","ENST00000281043",1395
"MYH11","ENST00000621545",5940
"MYH2","ENST00000245503",5826
"MYH8","ENST00000403437",5814
"MYOT","ENST00000239926",1497
"MYRF","ENST00000278836",3456
"NARS1","ENST00000256854",1647
"NFE2L2","ENST00000397062",1818
"NOTCH2","ENST00000256646",7416
"NQO2","ENST00000380455",696
"NR0B2","ENST00000254227",774
"NRL","ENST00000646526",714
"ODC1","ENST00000234111",1386
"OPA3","ENST00000263275",540
"OPN1SW","ENST00000249389",1038
"OPTN","ENST00000378747",1734
"OSBPL2","ENST00000313733",1443
"OVOL2","ENST00000278780",828
"PALLD","ENST00000505667",3372
"PAX8","ENST00000429538",1353
"PDE11A","ENST00000286063",2802
"PDE6B","ENST00000496514",2565
"PDLIM4","ENST00000253754",993
"PER2","ENST00000254657",3768
"PEX6","ENST00000304611",2943
"PIGT","ENST00000279036",1737
"PKD2","ENST00000237596",2907
"PLAU","ENST00000372764",1296
"PLCG1","ENST00000685551",3876
"PLG","ENST00000308192",2433
"PLS1","ENST00000457734",1890
"PNKD","ENST00000273077",1158
"POLR1B","ENST00000263331",3408
"POLR3F","ENST00000377603",951
"POMP","ENST00000380842",426
"POT1","ENST00000357628",1905
"PPARG","ENST00000651735",1428
"PRKCG","ENST00000263431",2094
"PRKCSH","ENST00000677123",1608
"PROC","ENST00000234071",1386
"PRPF3","ENST00000324862",2052
"PRR12","ENST00000418929",6111
"PRRX1","ENST00000239461",738
"PTPN22","ENST00000359785",2424
"PUM1","ENST00000426105",3567
"RAC2","ENST00000249071",579
"RAF1","ENST00000251849",1947
"RAP1B","ENST00000250559",555
"REEP2","ENST00000378339",765
"RHBDF2","ENST00000675367",2484
"RNF170","ENST00000527424",777
"RNF2","ENST00000367510",1011
"RPA1","ENST00000254719",1851
"RPE65","ENST00000262340",1602
"RPL21","ENST00000311549",483
"RPL27","ENST00000253788",411
"RPL5","ENST00000370321",894
"RPS10","ENST00000648437",498
"RPS15A","ENST00000322989",393
"RRAGC","ENST00000373001",1200
"RRAS2","ENST00000256196",615
"RTN2","ENST00000245923",1638
"RUNX2","ENST00000647337",1566
"SAG","ENST00000631149",1218
"SATB2","ENST00000417098",2202
"SDHB","ENST00000375499",843
"SERPINC1","ENST00000367698",1395
"SET","ENST00000322030",834
"SFTPA1","ENST00000398636",747
"SGCE","ENST00000648936",1314
"SIX1","ENST00000645694",855
"SLC12A5","ENST00000243964",3351
"SLC17A3","ENST00000397060",1497
"SLC2A1","ENST00000426263",1479
"SLC34A1","ENST00000324417",1920
"SLC52A1","ENST00000254853",1347
"SLC5A7","ENST00000264047",1743
"SMAD9","ENST00000379826",1404
"SMARCA4","ENST00000344626",4944
"SNAP25","ENST00000254976",621
"SNRPB","ENST00000381342",696
"SORT1","ENST00000256637",2496
"SOS1","ENST00000402219",4002
"SOX4","ENST00000244745",1425
"SOX5","ENST00000451604",2292
"SOX9","ENST00000245479",1530
"SPOP","ENST00000504102",1125
"SPR","ENST00000234454",786
"STAG1","ENST00000383202",3777
"STK11","ENST00000326873",1302
"STX16","ENST00000371141",978
"SYNE1","ENST00000367255",26394
"TAF4","ENST00000252996",3258
"TARDBP","ENST00000240185",1245
"TAS2R16","ENST00000249284",876
"TBX2","ENST00000240328",2139
"TBX4","ENST00000644296",1641
"TEK","ENST00000380036",3375
"TGFB3","ENST00000238682",1239
"TGFBI","ENST00000442011",2052
"THAP1","ENST00000254250",642
"THRA","ENST00000450525",1233
"TIA1","ENST00000433529",1161
"TICAM1","ENST00000248244",2139
"TNFAIP3","ENST00000612899",2373
"TNNI2","ENST00000673526",549
"TNNI3","ENST00000344887",633
"TNNI3K","ENST00000326637",2508
"TNNT2","ENST00000656932",897
"TNNT3","ENST00000673082",810
"TRAF3","ENST00000392745",1707
"TRAF7","ENST00000326181",2013
"TRPM4","ENST00000252826",3645
"TTBK2","ENST00000267890",3735
"TTC21B","ENST00000243344",3951
"TTR","ENST00000237014",444
"TUBA4A","ENST00000248437",1347
"TUBG1","ENST00000251413",1356
"TWIST1","ENST00000242261",609
"UBA2","ENST00000246548",1923
"UBIAD1","ENST00000376810",1017
"UROD","ENST00000246337",1104
"VAPB","ENST00000475243",732
"VHL","ENST00000256474",642
"VPS4A","ENST00000254950",1314
"WDR11","ENST00000263461",3675
"WNK4","ENST00000246914",3732
"WNT1","ENST00000293549",1113
"XRCC3","ENST00000555055",1041
"YARS1","ENST00000373477",1587
"ZMYM2","ENST00000610343",4134
"ZNF644","ENST00000337393",3984
"ZSWIM6","ENST00000252744",3648
"ACTA1","ENST00000366684",1134
"ACVRL1","ENST00000388922",1512
"ADAM10","ENST00000260408",2247
"ADCY10","ENST00000367851",4833
"ADRA2A","ENST00000280155",1398
"AFF3","ENST00000672756",3681
"AFG3L2","ENST00000269143",2394
"ANGPT1","ENST00000517746",1497
"ANK2","ENST00000357077",11874
"ANKH","ENST00000284268",1479
"AP1S3","ENST00000396654",465
"APC","ENST00000257430",8532
"APCDD1","ENST00000355285",1545
"APP","ENST00000346798",2313
"ARF1","ENST00000272102",546
"ARL3","ENST00000260746",549
"ARMC5","ENST00000268314",2808
"ASB10","ENST00000420175",1404
"ASXL2","ENST00000435504",4308
"ASXL3","ENST00000269197",6747
"ATM","ENST00000675843",9171
"ATP5F1A","ENST00000398752",1662
"ATP5MC3","ENST00000284727",429
"ATP6V1B2","ENST00000276390",1536
"BAG3","ENST00000369085",1728
"BARD1","ENST00000260947",2334
"BCO1","ENST00000258168",1644
"BLK","ENST00000646615",1518
"BMP6","ENST00000283147",1542
"BMPR1B","ENST00000515059",1509
"BRCA2","ENST00000380152",10257
"BRD4","ENST00000679869",4089
"BRIP1","ENST00000259008",3750
"C9orf72","ENST00000380003",1446
"CACNA1A","ENST00000360228",7521
"CACNA1C","ENST00000710581",6756
"CALM2","ENST00000272298",450
"CAMK2G","ENST00000423381",1767
"CAPN5","ENST00000648180",1923
"CAPRIN1","ENST00000341394",2130
"CARD14","ENST00000648509",3015
"CASQ1","ENST00000368078",1191
"CCDC50","ENST00000392455",1449
"CCM2","ENST00000258781",1335
"CD164","ENST00000310786",594
"CD96","ENST00000352690",1710
"CDH11","ENST00000268603",2391
"CDK19","ENST00000368911",1509
"CDK4","ENST00000257904",912
"CDKN2A","ENST00000304494",471
"CELA2A","ENST00000359621",810
"CFC1","ENST00000259216",672
"CHD1","ENST00000614616",5133
"CHEK1","ENST00000438015",1431
"CHRNA1","ENST00000348749",1374
"CHRND","ENST00000258385",1554
"CLTC","ENST00000269122",5028
"CNNM2","ENST00000369878",2628
"COL2A1","ENST00000380518",4464
"COL4A2","ENST00000360467",5139
"COL6A1","ENST00000361866",3087
"COL6A2","ENST00000300527",3060
"CSNK1D","ENST00000314028",1248
"CYP19A1","ENST00000396402",1512
"CYP2C9","ENST00000260682",1473
"DHX37","ENST00000308736",3474
"DIAPH3","ENST00000400324",3582
"DNA2","ENST00000358410",3183
"DRD3","ENST00000383673",1203
"DSPP","ENST00000651931",3906
"DUSP6","ENST00000279488",1146
"DZIP1","ENST00000376829",2604
"EDAR","ENST00000258443",1347
"EDNRA","ENST00000651419",1284
"EDNRB","ENST00000646607",1329
"EGFR","ENST00000275493",3633
"EGLN1","ENST00000366641",1281
"EMILIN1","ENST00000380320",3051
"EPHA2","ENST00000358432",2931
"ERLIN2","ENST00000519638",1020
"ESR2","ENST00000341099",1593
"ETV6","ENST00000396373",1359
"EXT2","ENST00000533608",2157
"FBLN5","ENST00000342058",1347
"FBN2","ENST00000262464",8739
"FBXO11","ENST00000403359",2784
"FBXO28","ENST00000366862",1107
"FBXO38","ENST00000340253",3567
"FCGR2A","ENST00000271450",954
"FLCN","ENST00000285071",1740
"FLG","ENST00000368799",12186
"FLI1","ENST00000527786",1359
"FLNB","ENST00000295956",7809
"FXYD2","ENST00000292079",201
"GABBR2","ENST00000259455",2826
"GABRA2","ENST00000381620",1356
"GABRB2","ENST00000393959",1539
"GATA4","ENST00000643249",1332
"GATA6","ENST00000269216",1788
"GATAD2B","ENST00000576342",1782
"GDF11","ENST00000257868",1224
"GJA1","ENST00000282561",1149
"GLRA1","ENST00000274576",1350
"GLUD1","ENST00000277865",1677
"GLUL","ENST00000331872",1122
"GNAL","ENST00000334049",1377
"GPD1L","ENST00000282541",1056
"GPR161","ENST00000682931",1590
"GREB1L","ENST00000424526",5772
"GRIA4","ENST00000282499",2709
"GRM1","ENST00000282753",3585
"GSN","ENST00000432226",2196
"HABP2","ENST00000351270",1683
"HCN4","ENST00000261917",3612
"HDC","ENST00000267845",1989
"HECW2","ENST00000644978",4719
"HMCN1","ENST00000271588",16908
"HMGA1","ENST00000311487",324
"HMGA2","ENST00000403681",330
"HNF1A","ENST00000257555",1896
"HNMT","ENST00000280097",879
"HNRNPA1","ENST00000340913",1119
"HNRNPDL","ENST00000295470",1263
"HNRNPU","ENST00000640218",2478
"HS6ST1","ENST00000259241",1236
"HSPB8","ENST00000281938",591
"HSPD1","ENST00000388968",1722
"IGF1R","ENST00000650285",4104
"IL17RD","ENST00000296318",2220
"IL6","ENST00000258743",639
"IRF8","ENST00000268638",1281
"ITM2B","ENST00000647800",801
"ITPR1","ENST00000649015",8277
"JPH2","ENST00000372980",2091
"JPH3","ENST00000284262",2247
"KCNH1","ENST00000271751",2970
"KCNH5","ENST00000322893",2967
"KCNMB1","ENST00000274629",576
"KCNN3","ENST00000271915",2196
"KIF11","ENST00000260731",3171
"KIF21A","ENST00000361418",5025
"KIF23","ENST00000679126",2925
"KLHL3","ENST00000309755",1764
"KRT71","ENST00000267119",1572
"LBR","ENST00000272163",1848
"LHCGR","ENST00000294954",2100
"LMX1B","ENST00000373474",1209
"LPP","ENST00000617246",1839
"LRP12","ENST00000276654",2580
"LRRC8A","ENST00000372600",2433
"LRSAM1","ENST00000300417",2172
"MAP3K7","ENST00000369329",1821
"MAPK8IP3","ENST00000610761",4014
"MARCHF6","ENST00000274140",2733
"MAT1A","ENST00000372213",1188
"MDM2","ENST00000258149",1494
"MED12L","ENST00000687756",6543
"MIP","ENST00000652304",792
"MMP13","ENST00000260302",1416
"MRAP2","ENST00000257776",618
"MYO7A","ENST00000409709",6648
"MYOCD","ENST00000425538",2961
"MYOF","ENST00000359263",6186
"MYPN","ENST00000358913",3963
"NAF1","ENST00000274054",1485
"NFIB","ENST00000380953",1485
"NKX2-1","ENST00000354822",1206
"NLRP12","ENST00000324134",3186
"NOL3","ENST00000564992",627
"NOTCH1","ENST00000651671",7668
"NR3C2","ENST00000358102",2955
"NR4A2","ENST00000339562",1797
"NR5A1","ENST00000373588",1386
"NTRK2","ENST00000277120",2517
"NUDT15","ENST00000258662",495
"NUS1","ENST00000368494",882
"OSMR","ENST00000274276",2940
"OTULIN","ENST00000284274",1059
"PAK1","ENST00000356341",1638
"PARN","ENST00000615183",1920
"PAX3","ENST00000392070",1455
"PDE1C","ENST00000396191",2130
"PDE6H","ENST00000266395",252
"PDX1","ENST00000381033",852
"PHF21A","ENST00000676320",2046
"PHIP","ENST00000275034",5466
"PI4KB","ENST00000368873",2451
"PIEZO2","ENST00000674853",8598
"PIK3R1","ENST00000521381",2175
"PKLR","ENST00000572740",1725
"PMP2","ENST00000256103",399
"PNPT1","ENST00000447944",2352
"POGZ","ENST00000271715",4233
"POLG","ENST00000268124",3720
"POU4F1","ENST00000377208",1260
"PPOX","ENST00000367999",1434
"PPP1R3A","ENST00000284601",3369
"PPP3CA","ENST00000394854",1566
"PRDM16","ENST00000270722",3831
"PRKACB","ENST00000370685",1197
"PRPF4","ENST00000374198",1566
"PRPH","ENST00000257860",1413
"PSEN2","ENST00000366783",1347
"PSTPIP1","ENST00000558012",1251
"PTH","ENST00000282091",348
"PTPRQ","ENST00000644991",6900
"RABL3","ENST00000273375",711
"RAC1","ENST00000348035",579
"RANBP2","ENST00000283195",9675
"RASA1","ENST00000274376",3144
"RB1","ENST00000267163",2787
"RBP4","ENST00000371464",606
"RDH12","ENST00000551171",951
"RDH5","ENST00000257895",957
"REN","ENST00000272190",1221
"RERE","ENST00000400908",4701
"RIPK1","ENST00000259808",2016
"RIT1","ENST00000368323",660
"RLBP1","ENST00000268125",954
"RNASEL","ENST00000367559",2226
"ROBO4","ENST00000306534",3024
"ROM1","ENST00000278833",1056
"RPL11","ENST00000643754",537
"RPL35","ENST00000348462",372
"RPS24","ENST00000372360",393
"SCD5","ENST00000319540",993
"SCN1A","ENST00000674923",6030
"SCN2A","ENST00000375437",6018
"SCN2B","ENST00000278947",648
"SCN3A","ENST00000283254",6003
"SDHC","ENST00000367975",510
"SEPTIN12","ENST00000268231",1077
"SERPING1","ENST00000278407",1503
"SETBP1","ENST00000649279",4791
"SETD1B","ENST00000604567",5901
"SF3B4","ENST00000271628",1275
"SH3GL1","ENST00000269886",1107
"SIK1","ENST00000270162",2352
"SIX3","ENST00000260653",999
"SLC12A6","ENST00000354181",3453
"SLC16A12","ENST00000371790",1551
"SLC25A4","ENST00000281456",897
"SLC37A4","ENST00000642844",1290
"SLC39A5","ENST00000454355",1623
"SLC3A1","ENST00000260649",2058
"SLC40A1","ENST00000261024",1716
"SLC5A2","ENST00000330498",2019
"SMAD4","ENST00000342988",1659
"SMAD6","ENST00000288840",1491
"SMARCC2","ENST00000550164",3738
"SNCA","ENST00000394991",423
"SNRNP200","ENST00000323853",6411
"SOD1","ENST00000270142",465
"SPRY2","ENST00000377104",948
"SRSF1","ENST00000258962",747
"STAT4","ENST00000392320",2247
"STT3A","ENST00000392708",2118
"STXBP1","ENST00000373299",1785
"SYCP3","ENST00000392924",711
"SYT2","ENST00000367268",1260
"TBR1","ENST00000389554",2049
"TBX3","ENST00000349155",2172
"TBX6","ENST00000395224",1311
"TCF12","ENST00000333725",2121
"TCF7L2","ENST00000355995",1860
"TENM4","ENST00000278550",8310
"TFAP2A","ENST00000379613",1320
"THRB","ENST00000646209",1386
"THSD1","ENST00000258613",2559
"TLK2","ENST00000346027",2253
"TLR2","ENST00000642700",2355
"TMEM127","ENST00000258439",717
"TMEM163","ENST00000281924",870
"TNFRSF11A","ENST00000586569",1851
"TOR1A","ENST00000351698",999
"TP53","ENST00000269305",1182
"TPM1","ENST00000403994",855
"TPM3","ENST00000651641",858
"TRIP12","ENST00000675903",6204
"TRPC3","ENST00000379645",2766
"TRPC6","ENST00000344327",2796
"TUBB2A","ENST00000333628",1338
"TUBB2B","ENST00000259818",1338
"UBAP2L","ENST00000428931",3264
"UCHL1","ENST00000284440",672
"UNC45B","ENST00000394570",2790
"VAMP1","ENST00000396308",357
"VEGFC","ENST00000618562",1260
"VEZF1","ENST00000581208",1566
"WARS1","ENST00000392882",1416
"WNT10A","ENST00000258411",1254
"XPR1","ENST00000367590",2091
"YAP1","ENST00000282441",1515
"ZEB1","ENST00000424869",3378
"ZFHX2","ENST00000419474",7719
"ZFHX3","ENST00000268489",11112
"ZFYVE27","ENST00000684270",1236
"ZIC1","ENST00000282928",1344
"ZNF462","ENST00000277225",7521
"ZNF687","ENST00000336715",3714
"A2ML1","ENST00000299698",4365
"ABCA1","ENST00000374736",6786
"ACAN","ENST00000560601",7707
"ACOX1","ENST00000293217",1983
"ACTC1","ENST00000290378",1134
"ACTG2","ENST00000345517",1131
"ADAR","ENST00000368474",3681
"ADGRV1","ENST00000405460",18921
"AGRP","ENST00000290953",399
"AIRE","ENST00000291582",1638
"ALB","ENST00000295897",1830
"ALG8","ENST00000299626",1581
"ALPL","ENST00000374840",1575
"ANGPTL4","ENST00000301455",1221
"ANKRD11","ENST00000301030",7992
"ANTXR1","ENST00000303714",1695
"ANXA5","ENST00000296511",963
"AP1G1","ENST00000299980",2469
"AP2M1","ENST00000292807",1308
"APOA2","ENST00000367990",303
"APPL1","ENST00000288266",2130
"AQP2","ENST00000199280",816
"AQP5","ENST00000293599",798
"ATP1A1","ENST00000295598",3072
"ATP2B2","ENST00000360273",3732
"ATXN7","ENST00000674280",2679
"AUTS2","ENST00000342771",3780
"AXIN2","ENST00000307078",2532
"BAP1","ENST00000460680",2190
"BEAN1","ENST00000536005",780
"BEST1","ENST00000378043",1758
"BFSP2","ENST00000302334",1248
"BMS1","ENST00000374518",3849
"BNC1","ENST00000345382",2985
"BRAF","ENST00000646891",2301
"BRPF1","ENST00000383829",3663
"BSCL2","ENST00000360796",1389
"BUB1B","ENST00000287598",3153
"C1R","ENST00000671968",2160
"CACNA1D","ENST00000350061",6486
"CACNB2","ENST00000324631",1983
"CACNG2","ENST00000300105",972
"CADM3","ENST00000368125",1197
"CALM3","ENST00000291295",450
"CARTPT","ENST00000296777",351
"CCDC78","ENST00000345165",1413
"CCNF","ENST00000397066",2361
"CDH2","ENST00000269141",2721
"CEL","ENST00000372080",2262
"CHD3","ENST00000330494",6003
"CHRNB1","ENST00000639692",1506
"CITED2","ENST00000367651",813
"CLEC3B","ENST00000296130",609
"CLPB","ENST00000538039",2034
"CLPX","ENST00000300107",1902
"CNBP","ENST00000422453",534
"COL1A2","ENST00000297268",4101
"COL3A1","ENST00000708566",4401
"COL4A3","ENST00000396578",5013
"COL6A3","ENST00000295550",9534
"CPA6","ENST00000297770",1314
"CPT1C","ENST00000598293",2412
"CPT2","ENST00000371486",1977
"CRELD1","ENST00000452070",1263
"CRYAA","ENST00000291554",522
"CRYBA2","ENST00000295728",594
"CRYGC","ENST00000646204",525
"CTBP1","ENST00000382952",1290
"CTLA4","ENST00000648405",672
"CTNNB1","ENST00000349496",2346
"CTRC","ENST00000375949",807
"CTSB","ENST00000710757",1116
"CYP11B1","ENST00000292427",1512
"CYP3A4","ENST00000651514",1512
"DACT1","ENST00000395153",2400
"DCHS1","ENST00000299441",9897
"DDB1","ENST00000301764",3423
"DDR2","ENST00000367921",2568
"DPYSL5","ENST00000288699",1695
"DRD5","ENST00000304374",1434
"DVL3","ENST00000313143",2151
"DYRK1A","ENST00000647188",2265
"EEF2","ENST00000309311",2577
"EIF4A2","ENST00000323963",1224
"EPB41","ENST00000343067",2595
"ERG","ENST00000288319",1440
"FAM111A","ENST00000675163",1836
"FBN1","ENST00000316623",8616
"FDPS","ENST00000368356",1260
"FGF17","ENST00000359441",651
"FREM1","ENST00000380880",6540
"FSHR","ENST00000406846",2088
"FTH1","ENST00000273550",552
"FZD5","ENST00000295417",1758
"GABRB1","ENST00000295454",1425
"GABRB3","ENST00000311550",1422
"GDF6","ENST00000287020",1368
"GDNF","ENST00000326524",636
"GFI1","ENST00000294702",1269
"GFI1B","ENST00000372122",993
"GHRL","ENST00000335542",354
"GJB2","ENST00000382848",681
"GNE","ENST00000642385",2169
"GPRC5B","ENST00000300571",1212
"GRHL3","ENST00000361548",1809
"GRIA1","ENST00000285900",2721
"GRIK2","ENST00000369134",2727
"H1-4","ENST00000304218",660
"H3-3A","ENST00000366815",411
"HARS1","ENST00000504156",1530
"HCN1","ENST00000303230",2673
"HCRT","ENST00000293330",396
"HEPACAM","ENST00000298251",1251
"HESX1","ENST00000295934",558
"HK1","ENST00000359426",2754
"HNRNPH1","ENST00000710506",1359
"HNRNPK","ENST00000376263",1395
"HPD","ENST00000289004",1182
"HS3ST6","ENST00000293937",1029
"HSD17B13","ENST00000328546",903
"HSPB3","ENST00000302005",453
"HTRA1","ENST00000368984",1443
"IGF2","ENST00000416167",543
"IHH","ENST00000295731",1236
"IKZF3","ENST00000346872",1530
"IL13","ENST00000304506",441
"IL31RA","ENST00000652347",2295
"INAVA","ENST00000413687",1737
"INSR","ENST00000302850",4149
"IRF2BP2","ENST00000366609",1764
"IRS1","ENST00000305123",3729
"JAK1","ENST00000342505",3465
"KAT6B","ENST00000630001",6222
"KCNB1","ENST00000371741",2577
"KCNC2","ENST00000549446",1917
"KCNE2","ENST00000290310",372
"KCNJ6","ENST00000609713",1272
"KCNMA1","ENST00000286628",3711
"KCNT2","ENST00000709532",3408
"KIF5A","ENST00000455537",3099
"KIF5C","ENST00000616530",2583
"KIT","ENST00000288135",2931
"KLHL10","ENST00000293303",1827
"KLK11","ENST00000453757",753
"KMT2D","ENST00000301067",16614
"KRT1","ENST00000252244",1935
"KRT4","ENST00000551956",1563
"KRT6C","ENST00000252250",1695
"KRT74","ENST00000305620",1590
"KRT83","ENST00000293670",1482
"KRT86","ENST00000423955",1461
"LEMD2","ENST00000293760",1512
"LIPC","ENST00000299022",1500
"LMBRD2","ENST00000296603",2088
"LMNA","ENST00000368300",1995
"LMX1A","ENST00000342310",1149
"LRP5","ENST00000294304",4848
"LTBP3","ENST00000301873",3912
"MAP2K1","ENST00000307102",1182
"MAPRE2","ENST00000300249",984
"MARS1","ENST00000262027",2703
"MBL2","ENST00000674931",747
"MC4R","ENST00000299766",999
"MN1","ENST00000302326",3963
"MPZ","ENST00000533357",747
"MRAS","ENST00000423968",627
"MST1R","ENST00000296474",4203
"MSX1","ENST00000382723",912
"MTMR14","ENST00000296003",1953
"MUC7","ENST00000304887",1134
"MVD","ENST00000301012",1203
"MYL3","ENST00000292327",588
"NAA15","ENST00000296543",2601
"NACC1","ENST00000292431",1584
"NCSTN","ENST00000294785",2130
"NEUROD1","ENST00000295108",1071
"NEXN","ENST00000334785",2028
"NFIA","ENST00000403491",1530
"NIPA1","ENST00000673033",987
"NIPBL","ENST00000282516",8415
"NLGN1","ENST00000695368",2532
"NLRP3","ENST00000336119",3105
"NOD2","ENST00000647318",3042
"NODAL","ENST00000287139",1044
"NOS3","ENST00000297494",3612
"NPR2","ENST00000342694",3144
"NSD1","ENST00000439151",8091
"NSMF","ENST00000371475",1593
"OTX2","ENST00000672264",894
"OXGR1","ENST00000541038",1014
"PANK4","ENST00000615291",2322
"PCSK9","ENST00000302118",2079
"PHB1","ENST00000300408",819
"PITX2","ENST00000644743",975
"PLIN1","ENST00000300055",1569
"PLIN4","ENST00000301286",4116
"PMVK","ENST00000368467",579
"POGLUT1","ENST00000295588",1179
"PPM1D","ENST00000305921",1818
"PPP2R2B","ENST00000394411",1332
"PRDM10","ENST00000360871",3471
"PRDX3","ENST00000298510",771
"PRIMPOL","ENST00000314970",1683
"PROK2","ENST00000295619",390
"PRRT2","ENST00000358758",1023
"PTDSS1","ENST00000517309",1422
"PTH1R","ENST00000449590",1782
"RAC3","ENST00000306897",579
"RAD21","ENST00000297338",1896
"RBPJ","ENST00000355476",1464
"RET","ENST00000355710",3345
"RHO","ENST00000296271",1047
"ROBO1","ENST00000464233",4956
"ROR2","ENST00000375708",2832
"RP9","ENST00000297157",666
"RPL13","ENST00000311528",636
"RPL26","ENST00000648839",438
"RPSA","ENST00000301821",888
"RRM1","ENST00000300738",2379
"RUNX1","ENST00000675419",1443
"SCAF4","ENST00000286835",3444
"SCGB3A2","ENST00000296694",282
"SCN11A","ENST00000302328",5376
"SCN3B","ENST00000299333",648
"SCN9A","ENST00000642356",5967
"SCNN1B","ENST00000343070",1923
"SCNN1G","ENST00000300061",1950
"SDC3","ENST00000339394",1329
"SDHAF2","ENST00000301761",501
"SEMA6B","ENST00000586582",2667
"SERPINA6","ENST00000621384",1218
"SERPINI1","ENST00000446050",1233
"SETD5","ENST00000402198",4329
"SFTPC","ENST00000679463",576
"SGMS2","ENST00000690982",1098
"SH3TC2","ENST00000515425",3867
"SHH","ENST00000297261",1389
"SIN3A","ENST00000394947",3822
"SKI","ENST00000378536",2187
"SLC16A1","ENST00000628110",1503
"SLC20A2","ENST00000520262",1959
"SLC2A2","ENST00000314251",1575
"SLC30A2","ENST00000374276",1119
"SLC30A8","ENST00000456015",1110
"SLC33A1","ENST00000643144",1650
"SLC6A1","ENST00000287766",1800
"SLC6A5","ENST00000525748",2394
"SMAD3","ENST00000327367",1278
"SMARCAD1","ENST00000354268",3081
"SOHLH1","ENST00000425225",1164
"SON","ENST00000356577",7281
"SOST","ENST00000301691",642
"SOX17","ENST00000297316",1245
"SPINK1","ENST00000296695",240
"SPRED1","ENST00000299084",1335
"SPTA1","ENST00000643759",7260
"SPTSSA","ENST00000298130",216
"SQSTM1","ENST00000640444",1323
"SRRM2","ENST00000301740",8259
"STAT3","ENST00000264657",2313
"STAT6","ENST00000300134",2544
"STIM1","ENST00000526596",2151
"STOX1","ENST00000298596",2970
"SYK","ENST00000375754",1908
"SYN2","ENST00000621198",1749
"TANC2","ENST00000689528",6225
"TAOK1","ENST00000261716",3006
"TBC1D24","ENST00000646147",1680
"TBXT","ENST00000366876",1311
"TERT","ENST00000310581",3399
"TGFBR2","ENST00000295754",1704
"TGM6","ENST00000202625",2121
"TLR3","ENST00000296795",2715
"TM4SF20","ENST00000304568",690
"TMC1","ENST00000297784",2283
"TMEM43","ENST00000306077",1203
"TNXB","ENST00000433037",1902
"TPM4","ENST00000643579",747
"TRIM44","ENST00000299413",1035
"TRIM8","ENST00000643721",1656
"TRPV3","ENST00000576742",2373
"TSC1","ENST00000298552",3495
"TSHR","ENST00000298171",2295
"TTN","ENST00000589042",107976
"TUBA1A","ENST00000301071",1356
"UBAP1","ENST00000297661",1509
"UMOD","ENST00000396138",1923
"VANGL2","ENST00000368061",1566
"VCP","ENST00000358901",2421
"VKORC1","ENST00000394975",492
"WASHC5","ENST00000318410",3480
"WDFY3","ENST00000295888",10581
"WDR26","ENST00000414423",2286
"WNT10B","ENST00000301061",1170
"WNT4","ENST00000290167",1056
"YEATS2","ENST00000305135",4269
"YWHAG","ENST00000307630",744
"ZEB2","ENST00000627532",3645
"ZFPM2","ENST00000407775",3456
"ZNF148","ENST00000360647",2385
"ABCA4","ENST00000370225",6822
"ACTG1","ENST00000707466",1128
"ADCY5","ENST00000462833",3786
"ADIPOQ","ENST00000320741",735
"ADRB3","ENST00000345060",1227
"ALG10B","ENST00000308742",1422
"AMTN","ENST00000339336",630
"ANO5","ENST00000324559",2742
"APOLD1","ENST00000356591",747
"ARID2","ENST00000334344",5508
"ASXL1","ENST00000375687",4626
"ATAD3A","ENST00000378756",1761
"ATL1","ENST00000358385",1677
"ATL3","ENST00000398868",1626
"ATOH1","ENST00000306011",1065
"ATP2A2","ENST00000539276",3129
"ATP6V0C","ENST00000330398",468
"ATR","ENST00000350721",7935
"BICD2","ENST00000356884",2568
"BNC2","ENST00000380672",3300
"BPTF","ENST00000306378",8763
"C1S","ENST00000360817",2067
"CACNA1E","ENST00000367573",6942
"CACNA1H","ENST00000348261",7062
"CACNB4","ENST00000539935",1563
"CALM1","ENST00000356978",450
"CAMTA1","ENST00000303635",5022
"CARD11","ENST00000396946",3465
"CAV3","ENST00000343849",456
"CCL11","ENST00000305869",294
"CDC42BPB","ENST00000361246",5136
"CES1","ENST00000574513",1707
"CFAP43","ENST00000357060",4998
"CHAMP1","ENST00000361283",2439
"CHD2","ENST00000394196",5487
"CHD7","ENST00000423902",8994
"CLCN1","ENST00000343257",2967
"COL18A1","ENST00000651438",4020
"COL4A1","ENST00000375820",5010
"COL8A2","ENST00000397799",2112
"COPB2","ENST00000333188",2721
"COQ2","ENST00000647002",1116
"CRYBA4","ENST00000354760",591
"CRYGB","ENST00000260988",528
"CSF1R","ENST00000675795",2919
"CTNNA3","ENST00000433211",2688
"CTNND1","ENST00000399050",2907
"CYCS","ENST00000305786",318
"DAB1","ENST00000371236",1668
"DAOA","ENST00000375936",462
"DCC","ENST00000442544",4344
"DDX41","ENST00000330503",1869
"DEAF1","ENST00000634194",485
"DES","ENST00000373960",1413
"DHTKD1","ENST00000263035",2760
"DIABLO","ENST00000464942",720
"DLL1","ENST00000616526",2172
"DYNC1H1","ENST00000360184",13941
"EDARADD","ENST00000334232",648
"EHMT1","ENST00000460843",3897
"ELANE","ENST00000632488",804
"ENPP1","ENST00000647893",2778
"EPHA10","ENST00000373048",3027
"EPHB4","ENST00000358173",2964
"EPOR","ENST00000222139",1527
"EPS8L3","ENST00000361965",1782
"ERBB4","ENST00000342788",3927
"EVC2","ENST00000344408",3927
"EXT1","ENST00000378204",2241
"F2","ENST00000311907",1869
"F5","ENST00000367797",6675
"FAM111B","ENST00000343597",2205
"FAM83H","ENST00000612192",3540
"FAR1","ENST00000354817",1548
"FGA","ENST00000403106",1935
"FIGLA","ENST00000332372",660
"FOXC2","ENST00000649859",1506
"FOXD3","ENST00000371116",1437
"FOXE1","ENST00000375123",1122
"FOXE3","ENST00000335071",960
"FOXG1","ENST00000313071",1470
"FOXL1","ENST00000320241",1038
"FOXL2","ENST00000648323",1131
"FRMD5","ENST00000417257",1713
"FZD2","ENST00000315323",1698
"FZD4","ENST00000531380",1614
"GABRA5","ENST00000335625",1389
"GABRD","ENST00000378585",1359
"GATA2","ENST00000341105",1443
"GATM","ENST00000396659",1272
"GBA1","ENST00000574670",1611
"GDF3","ENST00000329913",1095
"GJB3","ENST00000373366",813
"GJB4","ENST00000339480",801
"GJC2","ENST00000366714",1320
"GLMN","ENST00000370360",1785
"GNB2","ENST00000303210",1023
"GP1BA","ENST00000329125",1959
"GREM2","ENST00000318160",507
"GRIN1","ENST00000371561",2817
"GRIN2A","ENST00000330684",4395
"H4C11","ENST00000355057",312
"H4C3","ENST00000377803",312
"HBA2","ENST00000251595",429
"HBG2","ENST00000336906",444
"HLA-DQB1","ENST00000383121",786
"HLA-DRB1","ENST00000399450",801
"HRAS","ENST00000610977",570
"HTR1A","ENST00000323865",1269
"HTT","ENST00000355072",9429
"IKZF1","ENST00000331340",1560
"INF2","ENST00000392634",3750
"IRS2","ENST00000375856",4017
"JUP","ENST00000393931",2238
"KAT5","ENST00000341318",1641
"KCNA2","ENST00000316361",1500
"KCND3","ENST00000302127",1968
"KCNE1","ENST00000399286",390
"KCNJ11","ENST00000339994",1173
"KCNK18","ENST00000334549",1155
"KCNK3","ENST00000302909",1185
"KCNK4","ENST00000422670",1182
"KCNQ3","ENST00000388996",2619
"KCNQ5","ENST00000370398",2799
"KDF1","ENST00000320567",1197
"KRT10","ENST00000269576",1755
"KRT12","ENST00000572470",1485
"KRT13","ENST00000246635",1377
"KRT14","ENST00000167586",1419
"KRT16","ENST00000301653",1422
"KRT2","ENST00000309680",1920
"KRT3","ENST00000417996",1887
"KRT5","ENST00000252242",1773
"KRT6B","ENST00000252252",1695
"KRT9","ENST00000246662",1872
"LAMB3","ENST00000356082",3519
"LEMD3","ENST00000308330",2736
"LITAF","ENST00000622633",486
"LMNB2","ENST00000325327",1863
"LORICRIN","ENST00000368742",939
"LPA","ENST00000316300",6123
"LPL","ENST00000650287",1428
"LRRK2","ENST00000298910",7584
"MAB21L2","ENST00000317605",1080
"MAF","ENST00000326043",1212
"MAFA","ENST00000333480",1062
"MAPT","ENST00000629368",2331
"MB","ENST00000397326",465
"MDM4","ENST00000367182",1473
"MFAP5","ENST00000359478",522
"MITF","ENST00000352241",1581
"MKRN3","ENST00000314520",1524
"MME","ENST00000360490",2253
"MPEG1","ENST00000361050",2151
"MTHFR","ENST00000376590",1971
"MTOR","ENST00000361445",7650
"MUC1","ENST00000620103",1428
"MYBPC1","ENST00000361466",3516
"MYH6","ENST00000405093",5820
"MYL11","ENST00000322861",510
"MYL4","ENST00000393450",594
"MYO6","ENST00000369977",3858
"MYOZ2","ENST00000307128",795
"MYT1L","ENST00000647738",3561
"NANOS1","ENST00000425699",879
"NBEA","ENST00000379939",8904
"NDNF","ENST00000379692",1707
"NEUROD2","ENST00000302584",1149
"NF1","ENST00000358273",8520
"NF2","ENST00000338641",1788
"NKX2-5","ENST00000329198",975
"NOG","ENST00000332822",699
"NOP10","ENST00000709517",219
"NPPA","ENST00000376480",456
"NPTX1","ENST00000306773",1299
"NR2F1","ENST00000327111",1272
"NR2F2","ENST00000394166",1245
"NRIP1","ENST00000318948",3477
"OPA1","ENST00000361510",3048
"OPLAH","ENST00000618853",3867
"P2RX2","ENST00000643471",1416
"P4HB","ENST00000331483",1527
"PACS1","ENST00000320580",2892
"PACS2","ENST00000447393",2715
"PAK2","ENST00000327134",1575
"PAX9","ENST00000361487",1026
"PBX1","ENST00000420696",1293
"PDE3A","ENST00000359062",3426
"PLA2G2A","ENST00000482011",435
"PLAG1","ENST00000316981",1503
"PLCD1","ENST00000334661",2271
"PLCG2","ENST00000564138",3798
"PLEC","ENST00000345136",13644
"PLN","ENST00000357525",159
"POLE","ENST00000320574",6861
"POLR1D","ENST00000302979",402
"POLR2A","ENST00000643490",5913
"POU3F3","ENST00000361360",1503
"PRKAR1B","ENST00000537384",1146
"PRKD1","ENST00000331968",2739
"PRKG1","ENST00000373980",2061
"PRNP","ENST00000379440",762
"PROS1","ENST00000394236",2031
"PRPF8","ENST00000634039",7008
"PSAP","ENST00000394936",1575
"PSMD12","ENST00000356126",1371
"PTCH1","ENST00000331920",4344
"PTEN","ENST00000710387",1731
"PTPN1","ENST00000371621",1308
"PTPN11","ENST00000351677",1782
"PUF60","ENST00000526683",1680
"PURA","ENST00000331327",969
"QRICH1","ENST00000395443",2331
"RAB11B","ENST00000328024",657
"RAX2","ENST00000555633",555
"RELA","ENST00000406246",1656
"RELN","ENST00000428762",10383
"RFX7","ENST00000559447",4383
"RILPL1","ENST00000376874",1212
"RNF213","ENST00000582970",15624
"ROBO2","ENST00000696593",4422
"RORB","ENST00000376896",1380
"RP1L1","ENST00000710836",7182
"RPL15","ENST00000307839",615
"RPL35A","ENST00000647248",333
"RPS17","ENST00000632419",411
"RPS23","ENST00000296674",432
"RPS26","ENST00000646449",348
"RPS27","ENST00000651669",255
"RPS7","ENST00000645674",585
"RYR1","ENST00000359596",15117
"RYR2","ENST00000366574",14904
"SAMD12","ENST00000314727",606
"SAMD9L","ENST00000318238",4755
"SATB1","ENST00000338745",2292
"SCN10A","ENST00000449082",5871
"SCN4B","ENST00000324727",687
"SCN5A","ENST00000423572",6048
"SCN8A","ENST00000627620",5943
"SEPTIN9","ENST00000633557",31
"SETD2","ENST00000409792",7695
"SFTPA2","ENST00000372325",747
"SIAH1","ENST00000394725",849
"SLC17A8","ENST00000323346",1770
"SLCO2A1","ENST00000310926",1932
"SLITRK1","ENST00000674365",2091
"SMAD2","ENST00000262160",1404
"SMARCC1","ENST00000254480",3318
"SNRPE","ENST00000414487",279
"SOCS1","ENST00000332029",636
"SOX11","ENST00000322002",1326
"SOX2","ENST00000325404",954
"SP6","ENST00000536300",1131
"SPG7","ENST00000645818",2388
"SPRY4","ENST00000434127",900
"SPTAN1","ENST00000372739",7434
"SPTBN2","ENST00000533211",7173
"SRC","ENST00000709398",1662
"SRGAP1","ENST00000355086",3258
"SRP72","ENST00000642900",2016
"STAT5B","ENST00000293328",2364
"STING1","ENST00000672865",1140
"SUZ12","ENST00000322652",2220
"SYCP2","ENST00000357552",4593
"SYNGAP1","ENST00000455687",4032
"TBK1","ENST00000331710",2190
"TBL1XR1","ENST00000457928",1545
"TBX1","ENST00000649276",1515
"TCAP","ENST00000309889",504
"TCF4","ENST00000354452",2016
"TEAD1","ENST00000527636",1281
"TET3","ENST00000409262",5388
"TGIF1","ENST00000343820",819
"THBD","ENST00000377103",1728
"THBS2","ENST00000617924",3519
"THSD4","ENST00000261862",3057
"TLR5","ENST00000642603",2577
"TMEM151A","ENST00000327259",1407
"TMEM63A","ENST00000366835",2424
"TOPORS","ENST00000360538",3138
"TPM2","ENST00000645482",855
"TRRAP","ENST00000456197",11622
"TSHZ1","ENST00000580243",3234
"TUBA8","ENST00000330423",1350
"TUBB","ENST00000421473",1335
"TUBB4B","ENST00000340384",1338
"TUBB6","ENST00000317702",1341
"UCP3","ENST00000314032",939
"USP7","ENST00000344836",3309
"VANGL1","ENST00000355485",1575
"WT1","ENST00000452863",1569
"ZBTB18","ENST00000358704",1596
"ZBTB20","ENST00000675478",2226
"ZBTB7A","ENST00000322357",1755
"ZNF292","ENST00000369577",8172
"ZNF408","ENST00000311764",2163
"ZP3","ENST00000394857",1275
"ACKR1","ENST00000368122",1011
"ADH1C","ENST00000515683",1128
"AGBL1","ENST00000614907",3366
"ARL2","ENST00000246747",555
"ARPC4","ENST00000397261",507
"ASPRV1","ENST00000320256",780
"ATXN2","ENST00000673436",3468
"BMPR2","ENST00000374580",3117
"BTNL2","ENST00000613156",1368
"C1QTNF5","ENST00000528368",732
"CDSN","ENST00000376288",1590
"CEACAM16","ENST00000587331",1278
"CEBPA","ENST00000498907",1077
"CFB","ENST00000433503",2295
"CFHR1","ENST00000320493",993
"CFI","ENST00000394634",1752
"CHCHD10","ENST00000620558",450
"COL11A2","ENST00000549811",5211
"COL5A2","ENST00000374866",4500
"CRYBB2","ENST00000398215",618
"CRYGS","ENST00000307944",537
"CSNK2B","ENST00000424502",705
"CUX1","ENST00000292535",4518
"CYP2A6","ENST00000301141",1485
"DCTN1","ENST00000628224",3837
"DHX16","ENST00000450902",2007
"DIO1","ENST00000361921",750
"DNAAF4","ENST00000321149",1263
"DNASE1","ENST00000246949",849
"ERCC6","ENST00000355832",4482
"FOXI3","ENST00000428390",1263
"GABBR1","ENST00000439457",2886
"GDF2","ENST00000581492",1290
"GH1","ENST00000323322",654
"GJA5","ENST00000579774",1077
"GRIN2B","ENST00000609686",4455
"H4C5","ENST00000615164",312
"H4C9","ENST00000615353",312
"HBA1","ENST00000320868",429
"HBB","ENST00000335295",444
"HBG1","ENST00000330597",444
"HLA-G","ENST00000615464",1032
"HMBS","ENST00000652429",1086
"HNF1B","ENST00000610754",1674
"HRURF","ENST00000518377",105
"IFITM5","ENST00000382614",399
"INS","ENST00000381330",333
"INSL3","ENST00000317306",396
"ITGB3","ENST00000559488",2367
"KBTBD13","ENST00000432196",1377
"KCNJ18","ENST00000567955",1302
"KMT2B","ENST00000420124",8148
"KRT6A","ENST00000330722",1695
"KRT81","ENST00000327741",1518
"LGR4","ENST00000379214",2856
"LYN","ENST00000519728",1539
"MAFB","ENST00000373313",972
"MAGEL2","ENST00000672700",3747
"MBD5","ENST00000642680",5184
"MOG","ENST00000449096",888
"NEFL","ENST00000610854",1632
"NOTCH2NLC","ENST00000650865",882
"NR2E3","ENST00000617575",1233
"NRAS","ENST00000369535",570
"OR2J3","ENST00000428081",936
"ORAI1","ENST00000715685",906
"PCGF2","ENST00000631566",1035
"PLEKHM1","ENST00000613787",3171
"POLG2","ENST00000539111",1458
"PPP1CB","ENST00000395366",984
"PRSS1","ENST00000633245",786
"PRSS2","ENST00000632112",744
"PSENEN","ENST00000587708",306
"PSMB10","ENST00000358514",822
"PSMB9","ENST00000427870",660
"RBM12","ENST00000374114",2799
"RBM20","ENST00000369519",3684
"RPS28","ENST00000600659",210
"RPS29","ENST00000245458",171
"RTEL1","ENST00000360203",3903
"SAMD9","ENST00000379958",4770
"SCO2","ENST00000395693",801
"SDHD","ENST00000375549",480
"SHANK3","ENST00000710353",5421
"SLC44A4","ENST00000417894",2133
"SLFN14","ENST00000674182",2739
"SOX18","ENST00000340356",1155
"TAS2R38","ENST00000547270",1002
"TMEM240","ENST00000378733",522
"TNF","ENST00000445232",516
"TNFRSF13B","ENST00000261652",882
"TREX1","ENST00000625293",945
"TRIM71","ENST00000707739",2607
"TUBB3","ENST00000315491",1353
"TUBB8","ENST00000568584",1335
"TWIST2","ENST00000673387",483
"UGT1A1","ENST00000305208",1602
"VAMP2","ENST00000316509",351
"VPS16","ENST00000380445",2520
"ZFP57","ENST00000432222",634
