"","x"
"1","CFH"
"2","CFTR"
"3","KRIT1"
"4","CASP10"
"5","KDM1A"
"6","SLC4A1"
"7","CALCR"
"8","HOXA11"
"9","CREBBP"
"10","MPO"
"11","ABCB4"
"12","KMT2E"
"13","ITGA2B"
"14","TMEM98"
"15","ABCC8"
"16","CACNA1G"
"17","RALA"
"18","TBXA2R"
"19","PROM1"
"20","PAFAH1B1"
"21","SCN4A"
"22","PAX6"
"23","JARID2"
"24","TFAP2B"
"25","CRY1"
"26","NFIX"
"27","PKD1"
"28","RHOBTB2"
"29","METTL13"
"30","UQCRC1"
"31","FUZ"
"32","HIVEP2"
"33","CLCN6"
"34","ANLN"
"35","DCN"
"36","BRCA1"
"37","ELOVL5"
"38","ALOX5"
"39","CLDN11"
"40","POLR3B"
"41","CCDC88C"
"42","ZMYND11"
"43","MATR3"
"44","ATP2C1"
"45","ATP1A2"
"46","NCDN"
"47","SLC7A9"
"48","SPAST"
"49","GABRA1"
"50","RRAGD"
"51","SEC63"
"52","VIM"
"53","FAS"
"54","IFNGR1"
"55","ANK1"
"56","GRN"
"57","ARHGAP31"
"58","ZCCHC8"
"59","ATP6V0A1"
"60","MYOC"
"61","VCL"
"62","CUL3"
"63","CASR"
"64","FLT4"
"65","TLL1"
"66","TRIO"
"67","VCAN"
"68","CDH1"
"69","RTN4R"
"70","TNC"
"71","AP2S1"
"72","ZIC2"
"73","ADRB1"
"74","CTNNA1"
"75","DSG2"
"76","WDR37"
"77","HDAC9"
"78","RRM2B"
"79","GUCA1A"
"80","CELF2"
"81","COL9A2"
"82","KITLG"
"83","PER3"
"84","ELN"
"85","ARID1B"
"86","NEDD4L"
"87","RAD51"
"88","ALX4"
"89","KCNQ1"
"90","KIF1B"
"91","FOXC1"
"92","SYNE2"
"93","KCNH2"
"94","CYFIP2"
"95","TAB2"
"96","EIF2AK2"
"97","KMT2C"
"98","PKP2"
"99","SEC61A1"
"100","PPP1R12A"
"101","CAMK2B"
"102","ALDH18A1"
"103","WNK1"
"104","CREB3L3"
"105","COL11A1"
"106","PRDM6"
"107","POLD1"
"108","BICRA"
"109","RPL18"
"110","U2AF2"
"111","HAGH"
"112","CASP8"
"113","DLX3"
"114","CDON"
"115","TNPO3"
"116","SLC12A2"
"117","ABCA7"
"118","POU1F1"
"119","GNAI3"
"120","NTN1"
"121","ERBB3"
"122","SPEN"
"123","MYLK"
"124","COL17A1"
"125","CDK13"
"126","TIE1"
"127","DIP2B"
"128","SMARCD1"
"129","ELOVL1"
"130","SPI1"
"131","ATXN3"
"132","FGFR2"
"133","ARFGEF1"
"134","TNFRSF1A"
"135","SYT1"
"136","CBFB"
"137","HDAC4"
"138","FGFR3"
"139","MEF2A"
"140","REEP1"
"141","ATP11A"
"142","POLR1A"
"143","KIF2A"
"144","PITX1"
"145","VPS35"
"146","ABCC9"
"147","GAL"
"148","RORA"
"149","DRD4"
"150","LRP6"
"151","GUCY2C"
"152","ELP1"
"153","SPTB"
"154","FGF10"
"155","CAMK2A"
"156","TCOF1"
"157","CDC42"
"158","ATP2B1"
"159","TCF3"
"160","CPSF1"
"161","PRKACA"
"162","ADGRL1"
"163","ACTN1"
"164","SREBF1"
"165","AFF4"
"166","HMMR"
"167","P4HA2"
"168","FCGR2B"
"169","FBXW11"
"170","EVC"
"171","MCM2"
"172","TP63"
"173","ALPK1"
"174","SDHA"
"175","SMARCE1"
"176","IGF2BP2"
"177","NSF"
"178","GLI2"
"179","NOTCH3"
"180","EED"
"181","SNCB"
"182","KCNQ2"
"183","SEMA3A"
"184","CELSR1"
"185","FOSL2"
"186","ACTB"
"187","RAB7A"
"188","TUBA3D"
"189","PAX2"
"190","MCM6"
"191","MLH1"
"192","ACTL6B"
"193","RARB"
"194","TOP2B"
"195","NFKB2"
"196","TYR"
"197","ACTN2"
"198","FGFR1"
"199","FBLN1"
"200","GNB1"
"201","EDN1"
"202","MLLT10"
"203","THOC1"
"204","SLC1A3"
"205","CIC"
"206","KIF22"
"207","DNM2"
"208","SMARCA2"
"209","SRCAP"
"210","KCNN2"
"211","PSEN1"
"212","CPOX"
"213","AP4E1"
"214","AFP"
"215","COL4A4"
"216","IMPG2"
"217","MEF2C"
"218","CACNA1S"
"219","ATP8B1"
"220","RNF13"
"221","TRPM3"
"222","PALB2"
"223","KAT6A"
"224","GRHL2"
"225","CYLD"
"226","CHMP2B"
"227","STARD7"
"228","REST"
"229","HAL"
"230","WBP11"
"231","APOB"
"232","MECOM"
"233","SLC25A24"
"234","RAD54L"
"235","EIF2AK1"
"236","FAT2"
"237","FTL"
"238","CETP"
"239","GNAO1"
"240","SH3BP2"
"241","SF3B2"
"242","GNAS"
"243","DNM1L"
"244","PTHLH"
"245","AURKA"
"246","CNOT3"
"247","GNA11"
"248","EPB41L1"
"249","OAS1"
"250","TBX5"
"251","FUS"
"252","GANAB"
"253","SPTLC1"
"254","CCNK"
"255","DNAJB11"
"256","THPO"
"257","MCOLN1"
"258","USP48"
"259","AARS1"
"260","TNRC6A"
"261","POU4F3"
"262","NLRC4"
"263","ABCC6"
"264","FH"
"265","NLRP1"
"266","PITPNM3"
"267","ZFHX4"
"268","ESR1"
"269","ANGPT2"
"270","PPP2R3C"
"271","MYH7"
"272","CEBPE"
"273","HNRNPC"
"274","SUPT16H"
"275","TINF2"
"276","TRPM7"
"277","CAPN3"
"278","COL9A3"
"279","AGO1"
"280","TGFB2"
"281","COMT"
"282","MSH2"
"283","MAP3K1"
"284","ARCN1"
"285","IKZF5"
"286","MYO3A"
"287","WAC"
"288","EFHC1"
"289","ITPR3"
"290","DSP"
"291","JAK2"
"292","ABL1"
"293","MAST3"
"294","STX1B"
"295","SETD1A"
"296","MTAP"
"297","POLRMT"
"298","HCN2"
"299","SERPIND1"
"300","LZTR1"
"301","SMARCB1"
"302","SPECC1L"
"303","MAPK1"
"304","PRODH"
"305","CRYBB3"
"306","CRYBB1"
"307","SOX10"
"308","DEPDC5"
"309","TCF20"
"310","TIMP3"
"311","TOM1"
"312","NEFH"
"313","PDGFB"
"314","MIEF1"
"315","APOL4"
"316","APOL1"
"317","MYH9"
"318","CACNA1I"
"319","TNRC6B"
"320","KCTD17"
"321","EP300"
"322","ACO2"
"323","COCH"
"324","SOS2"
"325","SPTLC2"
"326","DICER1"
"327","YY1"
"328","PABPN1"
"329","SRP54"
"330","CHD8"
"331","NFKBIA"
"332","SEC23A"
"333","VSX1"
"334","HNF4A"
"335","SALL4"
"336","ADNP"
"337","DNAJC5"
"338","PRPF6"
"339","TUBB1"
"340","SLC17A9"
"341","AVP"
"342","CHRNA4"
"343","EEF1A2"
"344","CSNK2A1"
"345","PROKR2"
"346","MYLK2"
"347","SEC23B"
"348","PDYN"
"349","PLCB4"
"350","HCK"
"351","POFUT1"
"352","SAMHD1"
"353","KIF3B"
"354","NOP56"
"355","JAG1"
"356","SNTA1"
"357","CHMP4B"
"358","SLC32A1"
"359","CST3"
"360","TNNC2"
"361","SMCHD1"
"362","RNF125"
"363","MIB1"
"364","NALCN"
"365","FGF14"
"366","HTR2A"
"367","FGF9"
"368","KPNA3"
"369","VWA8"
"370","HSF4"
"371","ZNF423"
"372","CTCF"
"373","ACD"
"374","COG4"
"375","NPRL3"
"376","TSC2"
"377","ABCC1"
"378","FOXF1"
"379","CLCN7"
"380","STUB1"
"381","MEFV"
"382","CRYM"
"383","PIEZO1"
"384","SALL1"
"385","KAT8"
"386","SLC6A2"
"387","AAGAB"
"388","HOMER2"
"389","DMXL2"
"390","RP1"
"391","EYA1"
"392","TRPA1"
"393","IKBKB"
"394","JPH1"
"395","GDAP1"
"396","TRPS1"
"397","SLC39A14"
"398","ARHGEF10"
"399","KCNN4"
"400","TUBB4A"
"401","RETN"
"402","DMPK"
"403","NOVA2"
"404","TNNT1"
"405","DYRK1B"
"406","AKT2"
"407","PLD3"
"408","PRX"
"409","FZR1"
"410","TGFB1"
"411","MYH14"
"412","LIM2"
"413","RPS19"
"414","CRX"
"415","ATP1A3"
"416","GRIN2D"
"417","CARD8"
"418","PPP2R1A"
"419","TNPO2"
"420","KLF1"
"421","MAST1"
"422","PRPF31"
"423","PIK3R2"
"424","COMP"
"425","SCN1B"
"426","ERF"
"427","DLX5"
"428","GSDME"
"429","CAV1"
"430","MET"
"431","LMBR1"
"432","DNAJB6"
"433","HOXA2"
"434","TSPAN12"
"435","SSBP1"
"436","HOXA13"
"437","GARS1"
"438","CHCHD2"
"439","HSPB1"
"440","PAX4"
"441","PPP1R17"
"442","IMPDH1"
"443","SERPINE1"
"444","NOBOX"
"445","TMEM106B"
"446","EZH2"
"447","POU6F2"
"448","GLI3"
"449","BLVRA"
"450","PRKAG2"
"451","GCK"
"452","TGFBR1"
"453","C5"
"454","ASPN"
"455","DNM1"
"456","ENG"
"457","KCNT1"
"458","RIGI"
"459","SETX"
"460","DVL1"
"461","GATA3"
"462","BMPR1A"
"463","MINPP1"
"464","ACTA2"
"465","TWNK"
"466","FGF8"
"467","PITX3"
"468","GBF1"
"469","SUFU"
"470","ANKRD26"
"471","EBF3"
"472","SMC3"
"473","SHOC2"
"474","ZMIZ1"
"475","LGI1"
"476","CRYBA1"
"477","UBTF"
"478","RNF43"
"479","MED13"
"480","SLC25A11"
"481","CHRNE"
"482","RAI1"
"483","SLC6A4"
"484","CCL2"
"485","NAGLU"
"486","DLX4"
"487","COL1A1"
"488","EFTUD2"
"489","PRKAR1A"
"490","NHERF1"
"491","MYH3"
"492","PMP22"
"493","FOXN1"
"494","UNC119"
"495","PHOX2B"
"496","CHIC2"
"497","NFKB1"
"498","WFS1"
"499","CLCN3"
"500","SLC2A9"
"501","FBXW7"
"502","NSD2"
"503","RAPGEF2"
"504","UFSP2"
"505","CRYAB"
"506","ELP4"
"507","TECTA"
"508","KMT5B"
"509","CCND1"
"510","PANX1"
"511","APOA5"
"512","DDX6"
"513","CBL"
"514","SLC1A2"
"515","SOX6"
"516","AIP"
"517","VWF"
"518","MVK"
"519","ATP5F1B"
"520","TRPV4"
"521","MYL2"
"522","CUX2"
"523","KCNA1"
"524","ALDH2"
"525","CDKN1B"
"526","SCNN1A"
"527","IFNG"
"528","CNOT2"
"529","TIMELESS"
"530","CHD4"
"531","ATN1"
"532","COL12A1"
"533","GCNT2"
"534","CEP85L"
"535","RIPOR2"
"536","SASH1"
"537","SLC26A8"
"538","RHAG"
"539","PHACTR1"
"540","CILK1"
"541","BACH2"
"542","COL9A1"
"543","WASF1"
"544","GMNN"
"545","EYA4"
"546","FIG4"
"547","PERP"
"548","PDE10A"
"549","TBP"
"550","GUCA1B"
"551","PRPH2"
"552","PPP2R5D"
"553","IMPG1"
"554","LAMA4"
"555","TBX18"
"556","GHR"
"557","HSPA9"
"558","LOX"
"559","CERT1"
"560","PDE8B"
"561","GABRG2"
"562","LMNB1"
"563","PDE4D"
"564","PRLR"
"565","PPP2CA"
"566","NR3C1"
"567","C9"
"568","PDGFRB"
"569","EHHADH"
"570","KNG1"
"571","HRG"
"572","UBE3A"
"573","PDCD10"
"574","WNT5A"
"575","COL7A1"
"576","FGF12"
"577","GNAT1"
"578","GNAI2"
"579","TFG"
"580","NPRL2"
"581","GNB4"
"582","ATP6V1A"
"583","MAPKAPK3"
"584","KLHL24"
"585","TNNC1"
"586","CLCN2"
"587","FOXP1"
"588","EIF4G1"
"589","SLC4A3"
"590","LMAN2L"
"591","PIKFYVE"
"592","STEAP3"
"593","POMC"
"594","GPD2"
"595","ACVR1"
"596","IFIH1"
"597","SPTBN1"
"598","EFEMP1"
"599","FN1"
"600","STAT1"
"601","GLS"
"602","ELMOD3"
"603","KCNJ13"
"604","IL1R1"
"605","ABCB6"
"606","SLC5A7"
"607","PROC"
"608","ODC1"
"609","SOS1"
"610","TIA1"
"611","KISS1R"
"612","EPAS1"
"613","NFE2L2"
"614","MSH6"
"615","SPR"
"616","PRRX1"
"617","CHD5"
"618","ASH1L"
"619","IVNS1ABP"
"620","MFN2"
"621","RPE65"
"622","TNNI3K"
"623","CFHR3"
"624","RRAGC"
"625","KCNQ4"
"626","AKT3"
"627","SDHB"
"628","ECE1"
"629","CD46"
"630","PRPF3"
"631","SLC2A1"
"632","MPL"
"633","FASLG"
"634","HSD11B1"
"635","IRF6"
"636","SERPINC1"
"637","DHDDS"
"638","ARID1A"
"639","MUC5B"
"640","STAG1"
"641","STK11"
"642","KMT2A"
"643","APOA1"
"644","TNNT2"
"645","CRYGD"
"646","TTR"
"647","ELOVL4"
"648","TNFAIP3"
"649","PKD2"
"650","ABCG2"
"651","CCND2"
"652","FGF23"
"653","SATB2"
"654","SET"
"655","CSF3R"
"656","IRF2BPL"
"657","MLH3"
"658","DLST"
"659","TGFB3"
"660","DNMT3A"
"661","BCL11A"
"662","EPCAM"
"663","WDR11"
"664","KANSL1"
"665","MSX2"
"666","TEK"
"667","GRIA2"
"668","KCNJ5"
"669","SMAD9"
"670","ALG5"
"671","TGFBI"
"672","MYOT"
"673","KDM3B"
"674","PLS1"
"675","CHRNA2"
"676","EPHX2"
"677","RNF170"
"678","UBIAD1"
"679","TARDBP"
"680","SPOP"
"681","TBX2"
"682","TBX4"
"683","ABCC11"
"684","LHX4"
"685","RNF2"
"686","GJA8"
"687","MAPK8IP1"
"688","ZMYM2"
"689","GJB6"
"690","GJA3"
"691","GHSR"
"692","CXCR4"
"693","RPL21"
"694","PLG"
"695","COPA"
"696","ANXA11"
"697","LDB3"
"698","RPL5"
"699","ZNF644"
"700","KLHL7"
"701","HNRNPA2B1"
"702","TWIST1"
"703","SFTPA1"
"704","PLAU"
"705","BICC1"
"706","EGR2"
"707","MED13L"
"708","BHLHE41"
"709","GIPC1"
"710","OPTN"
"711","MMP19"
"712","LRP1"
"713","COL10A1"
"714","TTC21B"
"715","KCNJ2"
"716","AGO2"
"717","SLC12A5"
"718","PIGT"
"719","VAPB"
"720","PLCG1"
"721","EDN3"
"722","STX16"
"723","F13A1"
"724","SLC17A3"
"725","PEX6"
"726","NQO2"
"727","RPS10"
"728","SOX4"
"729","ATXN1"
"730","RUNX2"
"731","GCM2"
"732","MYRF"
"733","WNT1"
"734","CNOT1"
"735","BMP4"
"736","SOX9"
"737","MYH2"
"738","MSTO1"
"739","PAX8"
"740","POLR1B"
"741","C3"
"742","OPA3"
"743","RTN2"
"744","SNRPB"
"745","BMP2"
"746","FLRT3"
"747","OVOL2"
"748","BFSP1"
"749","HNRNPR"
"750","MAX"
"751","GDF5"
"752","UROD"
"753","XRCC3"
"754","UBA2"
"755","THRA"
"756","IRF3"
"757","PRR12"
"758","WNK4"
"759","PRKCG"
"760","AHDC1"
"761","SIX1"
"762","MAP2K2"
"763","BCL11B"
"764","RAP1B"
"765","ADGRE2"
"766","MACF1"
"767","SMARCA4"
"768","KDM4B"
"769","TICAM1"
"770","TUBA4A"
"771","PNKD"
"772","AKAP9"
"773","GNAI1"
"774","SGCE"
"775","KDR"
"776","APOL2"
"777","RAC2"
"778","KRT17"
"779","POT1"
"780","TAS2R16"
"781","FOXP2"
"782","FLNC"
"783","OPN1SW"
"784","PDE11A"
"785","CHN1"
"786","HOXD10"
"787","HOXD13"
"788","TTBK2"
"789","DLL4"
"790","LOXL1"
"791","MBD4"
"792","PALLD"
"793","KCNC1"
"794","CSRP3"
"795","AIPL1"
"796","NRL"
"797","FOXJ1"
"798","RHBDF2"
"799","CDKN1C"
"800","CDH15"
"801","TNNI3"
"802","ERMARD"
"803","KCNA5"
"804","LDLR"
"805","PRKCSH"
"806","APOE"
"807","DPP6"
"808","GDF1"
"809","KIF1A"
"810","ACTN4"
"811","EPO"
"812","ZSWIM6"
"813","GDF15"
"814","TRPM4"
"815","SAG"
"816","TNNT3"
"817","TNNI2"
"818","COL5A1"
"819","ATXN10"
"820","MNX1"
"821","TAF4"
"822","GATA5"
"823","OSBPL2"
"824","DNMT1"
"825","FBP2"
"826","SYNE1"
"827","GFAP"
"828","SLC34A1"
"829","F12"
"830","TRAF3"
"831","KCNC3"
"832","PDLIM4"
"833","TUBG1"
"834","RPL27"
"835","DIAPH1"
"836","ANO1"
"837","TRAF7"
"838","MAP1B"
"839","NR0B2"
"840","THAP1"
"841","C19orf12"
"842","GCH1"
"843","MATN3"
"844","DHX30"
"845","RAF1"
"846","PPARG"
"847","PER2"
"848","RPA1"
"849","ENAM"
"850","ANKRD17"
"851","H3-3B"
"852","EIF5A"
"853","KDM6B"
"854","SLC52A1"
"855","GUCY2D"
"856","DLG4"
"857","REEP2"
"858","VPS4A"
"859","MTSS2"
"860","SNAP25"
"861","POLR3F"
"862","DCAF8"
"863","POMP"
"864","CDK8"
"865","MYH8"
"866","CHI3L1"
"867","DSTYK"
"868","PDE6B"
"869","MYH11"
"870","MORC2"
"871","KRAS"
"872","RRAS2"
"873","DPF2"
"874","MEN1"
"875","VHL"
"876","MEIS2"
"877","PTPN22"
"878","SORT1"
"879","NOTCH2"
"880","KIDINS220"
"881","MYCN"
"882","ANO3"
"883","IL6ST"
"884","CDC73"
"885","CRB1"
"886","CFHR5"
"887","RPS15A"
"888","NARS1"
"889","KCTD1"
"890","SOX5"
"891","LRP4"
"892","MYBPC3"
"893","MTNR1B"
"894","PUM1"
"895","YARS1"
"896","DSC2"
"897","DSG1"
"898","DTNA"
"899","FHOD3"
"900","DAGLA"
"901","COL4A2"
"902","DZIP1"
"903","STT3A"
"904","APC"
"905","HNF1A"
"906","TBX3"
"907","MRAP2"
"908","MAP3K7"
"909","PHF21A"
"910","CAPRIN1"
"911","PRPH"
"912","GDF11"
"913","RDH5"
"914","CDK4"
"915","HNRNPA1"
"916","MIP"
"917","CD164"
"918","MDM2"
"919","BCO1"
"920","EGLN1"
"921","GLUL"
"922","RNASEL"
"923","CHRND"
"924","PAX3"
"925","WNT10A"
"926","TMEM127"
"927","EDAR"
"928","FLNB"
"929","THSD1"
"930","ITM2B"
"931","SPRY2"
"932","NUDT15"
"933","EDNRB"
"934","RAC1"
"935","IL6"
"936","CCM2"
"937","NKX2-1"
"938","ZFHX2"
"939","SRSF1"
"940","VEZF1"
"941","BRIP1"
"942","SCN2A"
"943","TBR1"
"944","BLK"
"945","GATA4"
"946","CFC1"
"947","HS6ST1"
"948","LRRC8A"
"949","TOR1A"
"950","STXBP1"
"951","PRPF4"
"952","GABBR2"
"953","NR5A1"
"954","RPL35"
"955","LMX1B"
"956","TFAP2A"
"957","TUBB2A"
"958","RIPK1"
"959","TUBB2B"
"960","HMGA1"
"961","TLR2"
"962","MYO7A"
"963","TRPC6"
"964","YAP1"
"965","SLC37A4"
"966","FXYD2"
"967","MMP13"
"968","KIF23"
"969","SMAD6"
"970","ADAM10"
"971","CYP19A1"
"972","PNPT1"
"973","LHCGR"
"974","SLC3A1"
"975","EMILIN1"
"976","FBXO11"
"977","SIX3"
"978","CYP2C9"
"979","MYOF"
"980","KIF11"
"981","ARL3"
"982","RBP4"
"983","RPS24"
"984","DNA2"
"985","MYPN"
"986","BARD1"
"987","STAT4"
"988","HECW2"
"989","CHRNA1"
"990","SLC40A1"
"991","HCN4"
"992","BMPR1B"
"993","TRPC3"
"994","PPP3CA"
"995","FBN2"
"996","MAPK8IP3"
"997","PDE6H"
"998","ETV6"
"999","KIF21A"
"1000","VAMP1"
"1001","COL2A1"
"1002","PTPRQ"
"1003","DUSP6"
"1004","SYCP3"
"1005","PDX1"
"1006","SLC39A5"
"1007","ACVRL1"
"1008","SMARCC2"
"1009","BRCA2"
"1010","KRT71"
"1011","RB1"
"1012","SETD1B"
"1013","DIAPH3"
"1014","RDH12"
"1015","ESR2"
"1016","KCNH5"
"1017","FBLN5"
"1018","WARS1"
"1019","SLC12A6"
"1020","TCF12"
"1021","HDC"
"1022","PSTPIP1"
"1023","TPM1"
"1024","IGF1R"
"1025","POLG"
"1026","RLBP1"
"1027","SEPTIN12"
"1028","SLC5A2"
"1029","ARMC5"
"1030","PARN"
"1031","ZFHX3"
"1032","CDH11"
"1033","NOL3"
"1034","IRF8"
"1035","MYOCD"
"1036","UNC45B"
"1037","CLTC"
"1038","AFG3L2"
"1039","GNAL"
"1040","ASXL3"
"1041","GATA6"
"1042","GREB1L"
"1043","TP53"
"1044","CARD14"
"1045","CSNK1D"
"1046","SMAD4"
"1047","TNFRSF11A"
"1048","CACNA1A"
"1049","BRD4"
"1050","SH3GL1"
"1051","COL6A1"
"1052","SOD1"
"1053","COL6A2"
"1054","SIK1"
"1055","APP"
"1056","NLRP12"
"1057","RERE"
"1058","PRDM16"
"1059","CELA2A"
"1060","EPHA2"
"1061","RPL11"
"1062","PRKACB"
"1063","GPR161"
"1064","ADCY10"
"1065","PPOX"
"1066","FCGR2A"
"1067","SDHC"
"1068","CASQ1"
"1069","XPR1"
"1070","HMCN1"
"1071","SF3B4"
"1072","ZNF687"
"1073","PI4KB"
"1074","POGZ"
"1075","KCNH1"
"1076","TPM3"
"1077","UBAP2L"
"1078","KCNN3"
"1079","GATAD2B"
"1080","RIT1"
"1081","PKLR"
"1082","FLG"
"1083","ACTA1"
"1084","FBXO28"
"1085","ARF1"
"1086","PSEN2"
"1087","LBR"
"1088","REN"
"1089","SYT2"
"1090","CALM2"
"1091","ASXL2"
"1092","SNRNP200"
"1093","AFF3"
"1094","SCN1A"
"1095","HSPD1"
"1096","IL17RD"
"1097","RABL3"
"1098","MED12L"
"1099","LPP"
"1100","SCD5"
"1101","SNCA"
"1102","ANK2"
"1103","NAF1"
"1104","MARCHF6"
"1105","OSMR"
"1106","PIK3R1"
"1107","RASA1"
"1108","GABRB2"
"1109","FBXO38"
"1110","GLRA1"
"1111","KCNMB1"
"1112","KLHL3"
"1113","PHIP"
"1114","EGFR"
"1115","TLK2"
"1116","ASB10"
"1117","ATP6V1B2"
"1118","ERLIN2"
"1119","PMP2"
"1120","LRP12"
"1121","NFIB"
"1122","CDKN2A"
"1123","C9orf72"
"1124","NTRK2"
"1125","ZNF462"
"1126","GSN"
"1127","LRSAM1"
"1128","NOTCH1"
"1129","ZEB1"
"1130","CAMK2G"
"1131","GLUD1"
"1132","HABP2"
"1133","TCF7L2"
"1134","CNNM2"
"1135","SERPING1"
"1136","TENM4"
"1137","CAPN5"
"1138","PAK1"
"1139","ATM"
"1140","ROM1"
"1141","CHEK1"
"1142","SCN2B"
"1143","JPH2"
"1144","TBX6"
"1145","HMGA2"
"1146","HNMT"
"1147","ADRA2A"
"1148","VEGFC"
"1149","DHX37"
"1150","ITPR1"
"1151","CACNA1C"
"1152","THRB"
"1153","MAT1A"
"1154","EXT2"
"1155","DRD3"
"1156","EDNRA"
"1157","NR3C2"
"1158","FLI1"
"1159","SLC25A4"
"1160","GABRA2"
"1161","BAG3"
"1162","AP1S3"
"1163","TMEM163"
"1164","HSPB8"
"1165","POU4F1"
"1166","SETBP1"
"1167","ATP5F1A"
"1168","PTH"
"1169","CCDC50"
"1170","GRIA4"
"1171","DSPP"
"1172","GPD1L"
"1173","GJA1"
"1174","SLC16A12"
"1175","HNRNPDL"
"1176","GRM1"
"1177","ZIC1"
"1178","BMP6"
"1179","HNRNPU"
"1180","RANBP2"
"1181","NR4A2"
"1182","SCN3A"
"1183","CD96"
"1184","TRIP12"
"1185","CHD1"
"1186","NUS1"
"1187","JPH3"
"1188","ANKH"
"1189","OTULIN"
"1190","ROBO4"
"1191","ANGPT1"
"1192","UCHL1"
"1193","PPP1R3A"
"1194","ATP5MC3"
"1195","PDE1C"
"1196","FLCN"
"1197","APCDD1"
"1198","PIEZO2"
"1199","CDK19"
"1200","ZFYVE27"
"1201","SLC16A1"
"1202","GRIA1"
"1203","TTN"
"1204","KIF5A"
"1205","KCNMA1"
"1206","SCAF4"
"1207","GDF6"
"1208","PTDSS1"
"1209","PPP2R2B"
"1210","HK1"
"1211","NODAL"
"1212","KAT6B"
"1213","BUB1B"
"1214","EIF4A2"
"1215","BRPF1"
"1216","GHRL"
"1217","ATP2B2"
"1218","SLC6A1"
"1219","SYN2"
"1220","CPT2"
"1221","CACNA1D"
"1222","KIT"
"1223","APPL1"
"1224","DYRK1A"
"1225","KCNJ6"
"1226","ERG"
"1227","BRAF"
"1228","ACAN"
"1229","DPYSL5"
"1230","PANK4"
"1231","SKI"
"1232","SLC30A2"
"1233","GRHL3"
"1234","HPD"
"1235","MRAS"
"1236","AUTS2"
"1237","KCNB1"
"1238","FGF17"
"1239","APOA2"
"1240","MPZ"
"1241","EPB41"
"1242","ALG8"
"1243","SON"
"1244","KCNE2"
"1245","RUNX1"
"1246","ACTC1"
"1247","C1R"
"1248","CTBP1"
"1249","AGRP"
"1250","NPR2"
"1251","GNE"
"1252","CALM3"
"1253","CRYAA"
"1254","AIRE"
"1255","TAOK1"
"1256","ADAR"
"1257","FDPS"
"1258","LMNA"
"1259","PTH1R"
"1260","MYL3"
"1261","CYP3A4"
"1262","NACC1"
"1263","CYP11B1"
"1264","SQSTM1"
"1265","DVL3"
"1266","AP2M1"
"1267","IKZF3"
"1268","ACOX1"
"1269","KLHL10"
"1270","HCRT"
"1271","AQP5"
"1272","LEMD2"
"1273","RPL26"
"1274","CCDC78"
"1275","HS3ST6"
"1276","CCNF"
"1277","TBC1D24"
"1278","CLPB"
"1279","LRP5"
"1280","JAK1"
"1281","CTRC"
"1282","SDC3"
"1283","ALPL"
"1284","WNT4"
"1285","NFIA"
"1286","NEXN"
"1287","GFI1"
"1288","KCNT2"
"1289","CADM3"
"1290","NLRP3"
"1291","DDR2"
"1292","NCSTN"
"1293","VANGL2"
"1294","LMX1A"
"1295","WDR26"
"1296","NEUROD1"
"1297","ACTG2"
"1298","H3-3A"
"1299","SMARCAD1"
"1300","MSX1"
"1301","FZD5"
"1302","CRYGC"
"1303","GABRB1"
"1304","PMVK"
"1305","COL6A3"
"1306","INAVA"
"1307","POGLUT1"
"1308","ATP1A1"
"1309","PROK2"
"1310","CRYBA2"
"1311","IHH"
"1312","TGFBR2"
"1313","SERPINI1"
"1314","SPTA1"
"1315","SLC2A2"
"1316","CTLA4"
"1317","WDFY3"
"1318","ALB"
"1319","ATXN7"
"1320","HESX1"
"1321","CRELD1"
"1322","MTMR14"
"1323","CLEC3B"
"1324","ZNF148"
"1325","YEATS2"
"1326","RHO"
"1327","BAP1"
"1328","SGMS2"
"1329","MST1R"
"1330","PITX2"
"1331","ANXA5"
"1332","NAA15"
"1333","LMBRD2"
"1334","NIPBL"
"1335","ADGRV1"
"1336","SCGB3A2"
"1337","SPINK1"
"1338","PRIMPOL"
"1339","CARTPT"
"1340","TLR3"
"1341","TERT"
"1342","GRIK2"
"1343","CITED2"
"1344","TBXT"
"1345","IL31RA"
"1346","HCN1"
"1347","RP9"
"1348","SHH"
"1349","COL1A2"
"1350","CTSB"
"1351","SOX17"
"1352","RAD21"
"1353","SLC30A8"
"1354","NOS3"
"1355","FREM1"
"1356","WASHC5"
"1357","UBAP1"
"1358","SYK"
"1359","ABCA1"
"1360","CPA6"
"1361","TMC1"
"1362","HNRNPK"
"1363","VCP"
"1364","SPTSSA"
"1365","TSHR"
"1366","MBL2"
"1367","GJB2"
"1368","HEPACAM"
"1369","OTX2"
"1370","DACT1"
"1371","OXGR1"
"1372","SOHLH1"
"1373","NSD1"
"1374","PRDX3"
"1375","TSC1"
"1376","GFI1B"
"1377","STOX1"
"1378","RET"
"1379","BMS1"
"1380","NSMF"
"1381","SLC6A5"
"1382","CACNB2"
"1383","KCNC2"
"1384","HTRA1"
"1385","LIPC"
"1386","SPRED1"
"1387","FBN1"
"1388","GABRB3"
"1389","SCN3B"
"1390","TRIM44"
"1391","DCHS1"
"1392","A2ML1"
"1393","BEAN1"
"1394","MC4R"
"1395","AP1G1"
"1396","FAM111A"
"1397","PLIN1"
"1398","SCNN1G"
"1399","CLPX"
"1400","CACNG2"
"1401","STAT6"
"1402","TGM6"
"1403","SMAD3"
"1404","MAPRE2"
"1405","MARS1"
"1406","PHB1"
"1407","GPRC5B"
"1408","NOD2"
"1409","IGF2"
"1410","STIM1"
"1411","RRM1"
"1412","PRRT2"
"1413","VKORC1"
"1414","TPM4"
"1415","MVD"
"1416","ANKRD11"
"1417","RPL13"
"1418","KMT2D"
"1419","TUBA1A"
"1420","AQP2"
"1421","EEF2"
"1422","PLIN4"
"1423","SEMA6B"
"1424","TRPV3"
"1425","KLK11"
"1426","KRT1"
"1427","ANGPTL4"
"1428","SOST"
"1429","SRRM2"
"1430","SDHAF2"
"1431","DDB1"
"1432","BEST1"
"1433","FTH1"
"1434","BSCL2"
"1435","RPSA"
"1436","CTNNB1"
"1437","LTBP3"
"1438","SETD5"
"1439","RBPJ"
"1440","IRF2BP2"
"1441","KIF5C"
"1442","H1-4"
"1443","SCN11A"
"1444","SCNN1B"
"1445","TNXB"
"1446","SFTPC"
"1447","COL3A1"
"1448","SLC20A2"
"1449","STAT3"
"1450","GDNF"
"1451","AXIN2"
"1452","TM4SF20"
"1453","COL4A3"
"1454","MAP2K1"
"1455","HNRNPH1"
"1456","IRS1"
"1457","ROR2"
"1458","CPT1C"
"1459","PCSK9"
"1460","MN1"
"1461","IL13"
"1462","SH3TC2"
"1463","HSPB3"
"1464","UMOD"
"1465","SLC33A1"
"1466","SIN3A"
"1467","SCN9A"
"1468","ZEB2"
"1469","BNC1"
"1470","ANTXR1"
"1471","DRD5"
"1472","CNBP"
"1473","RAC3"
"1474","NLGN1"
"1475","ROBO1"
"1476","WNT10B"
"1477","ZFPM2"
"1478","CHD3"
"1479","YWHAG"
"1480","SERPINA6"
"1481","NIPA1"
"1482","CHRNB1"
"1483","PRDM10"
"1484","KRT86"
"1485","HARS1"
"1486","KRT6C"
"1487","KRT4"
"1488","KRT74"
"1489","HSD17B13"
"1490","KRT83"
"1491","CDH2"
"1492","BFSP2"
"1493","FSHR"
"1494","CEL"
"1495","PPM1D"
"1496","TMEM43"
"1497","TANC2"
"1498","INSR"
"1499","MUC7"
"1500","TRIM8"
"1501","NPTX1"
"1502","KCNK3"
"1503","CHD7"
"1504","KCND3"
"1505","KRT13"
"1506","KRT9"
"1507","ASXL1"
"1508","NEUROD2"
"1509","FGA"
"1510","BPTF"
"1511","ANO5"
"1512","CAMTA1"
"1513","GATM"
"1514","COL8A2"
"1515","PTEN"
"1516","RPS7"
"1517","PRNP"
"1518","FRMD5"
"1519","CYCS"
"1520","CCL11"
"1521","ATOH1"
"1522","GNB2"
"1523","MYOZ2"
"1524","PDE3A"
"1525","KRT2"
"1526","NBEA"
"1527","KAT5"
"1528","RELA"
"1529","EVC2"
"1530","BNC2"
"1531","COQ2"
"1532","ADCY5"
"1533","VANGL1"
"1534","NDNF"
"1535","DAB1"
"1536","SMARCC1"
"1537","CHD2"
"1538","STAT5B"
"1539","JUP"
"1540","RNF213"
"1541","SPTBN2"
"1542","RAX2"
"1543","TCAP"
"1544","LEMD3"
"1545","PRPF8"
"1546","ATP2A2"
"1547","SLCO2A1"
"1548","RPL15"
"1549","HRAS"
"1550","SRP72"
"1551","FZD4"
"1552","GLMN"
"1553","ATR"
"1554","DES"
"1555","PACS1"
"1556","NPPA"
"1557","ZNF408"
"1558","SMAD2"
"1559","LPL"
"1560","ALG10B"
"1561","UCP3"
"1562","KDF1"
"1563","NR2F1"
"1564","TUBB6"
"1565","FOXG1"
"1566","LMNB2"
"1567","FOXL1"
"1568","FOXC2"
"1569","GRIN1"
"1570","SOX11"
"1571","MTHFR"
"1572","DEAF1"
"1573","POLE"
"1574","SCN4B"
"1575","KCNA2"
"1576","SAMD9L"
"1577","TGIF1"
"1578","TBL1XR1"
"1579","SAMD12"
"1580","GBA1"
"1581","RPS27"
"1582","PLEC"
"1583","SLITRK1"
"1584","HTR1A"
"1585","ERBB4"
"1586","MAF"
"1587","SUZ12"
"1588","THBD"
"1589","OPLAH"
"1590","APOLD1"
"1591","FOXE1"
"1592","ZBTB7A"
"1593","TMEM151A"
"1594","PTPN11"
"1595","HLA-DQB1"
"1596","GATA2"
"1597","PACS2"
"1598","MKRN3"
"1599","ZBTB18"
"1600","SLC17A8"
"1601","PUF60"
"1602","TSHZ1"
"1603","MYL11"
"1604","F2"
"1605","FZD2"
"1606","PAK2"
"1607","KCNE1"
"1608","NRIP1"
"1609","GREM2"
"1610","FAM83H"
"1611","EHMT1"
"1612","ADIPOQ"
"1613","DHTKD1"
"1614","POLR2A"
"1615","SOX2"
"1616","MAB21L2"
"1617","SETD2"
"1618","PLAG1"
"1619","ZBTB20"
"1620","RFX7"
"1621","SNRPE"
"1622","NOP10"
"1623","CRYGB"
"1624","EXT1"
"1625","C1S"
"1626","DAOA"
"1627","CACNB4"
"1628","KCNK4"
"1629","CAV3"
"1630","SATB1"
"1631","CSF1R"
"1632","MAFA"
"1633","RPS17"
"1634","COL18A1"
"1635","RPL35A"
"1636","NKX2-5"
"1637","CTNNA3"
"1638","DDX41"
"1639","EPHA10"
"1640","GRIN2A"
"1641","RP1L1"
"1642","NOG"
"1643","FIGLA"
"1644","TBK1"
"1645","FOXL2"
"1646","TUBA8"
"1647","SCN5A"
"1648","ACTG1"
"1649","DIABLO"
"1650","TBX1"
"1651","KCNQ3"
"1652","PRKD1"
"1653","GDF3"
"1654","COPB2"
"1655","PROS1"
"1656","STING1"
"1657","SEPTIN9"
"1658","ATL3"
"1659","WT1"
"1660","ROBO2"
"1661","PURA"
"1662","RAB11B"
"1663","GP1BA"
"1664","SFTPA2"
"1665","SCN10A"
"1666","SOCS1"
"1667","KRT6B"
"1668","MUC1"
"1669","PRKG1"
"1670","NR2F2"
"1671","P4HB"
"1672","PBX1"
"1673","KCNQ5"
"1674","IKZF1"
"1675","ATP6V0C"
"1676","PTCH1"
"1677","IRS2"
"1678","BICD2"
"1679","KRT5"
"1680","POLR1D"
"1681","EDARADD"
"1682","GABRA5"
"1683","THBS2"
"1684","KRT10"
"1685","KRT3"
"1686","RPS23"
"1687","MYT1L"
"1688","NF2"
"1689","FOXE3"
"1690","KCNK18"
"1691","KRT16"
"1692","KRT14"
"1693","MAPT"
"1694","TEAD1"
"1695","PLCD1"
"1696","MITF"
"1697","FOXD3"
"1698","KRT12"
"1699","EPOR"
"1700","DCC"
"1701","KCNJ11"
"1702","COL4A1"
"1703","TLR5"
"1704","USP7"
"1705","TET3"
"1706","SPRY4"
"1707","AMTN"
"1708","THSD4"
"1709","GABRD"
"1710","P2RX2"
"1711","RILPL1"
"1712","CLCN1"
"1713","PRKAR1B"
"1714","TUBB4B"
"1715","PLA2G2A"
"1716","ZP3"
"1717","HBA2"
"1718","NANOS1"
"1719","ADRB3"
"1720","LRRK2"
"1721","GJB3"
"1722","ZNF292"
"1723","RELN"
"1724","FAM111B"
"1725","LITAF"
"1726","ARID2"
"1727","SP6"
"1728","GJB4"
"1729","SYCP2"
"1730","MYBPC1"
"1731","HLA-DRB1"
"1732","TMEM63A"
"1733","RYR1"
"1734","TUBB"
"1735","TRRAP"
"1736","PTPN1"
"1737","EPHB4"
"1738","CRYBA4"
"1739","SIAH1"
"1740","MME"
"1741","CACNA1H"
"1742","HBG2"
"1743","MYO6"
"1744","TCF4"
"1745","NF1"
"1746","SCN8A"
"1747","LAMB3"
"1748","SRGAP1"
"1749","H4C3"
"1750","DYNC1H1"
"1751","SRC"
"1752","PSMD12"
"1753","H4C11"
"1754","SYNGAP1"
"1755","HTT"
"1756","ELANE"
"1757","TOPORS"
"1758","ENPP1"
"1759","FAR1"
"1760","MFAP5"
"1761","MYH6"
"1762","MPEG1"
"1763","SPTAN1"
"1764","RPS26"
"1765","PSAP"
"1766","CFAP43"
"1767","ATAD3A"
"1768","SPG7"
"1769","PLCG2"
"1770","MB"
"1771","CACNA1E"
"1772","QRICH1"
"1773","CARD11"
"1774","MYL4"
"1775","TPM2"
"1776","ATL1"
"1777","PLN"
"1778","CTNND1"
"1779","MDM4"
"1780","RYR2"
"1781","CALM1"
"1782","LPA"
"1783","ABCA4"
"1784","DLL1"
"1785","F5"
"1786","CDC42BPB"
"1787","EPS8L3"
"1788","MTOR"
"1789","PAX9"
"1790","CHAMP1"
"1791","GJC2"
"1792","OPA1"
"1793","CES1"
"1794","POU3F3"
"1795","RORB"
"1796","MIR96"
"1797","SNORA31"
"1798","RNU4-2"
"1799","INF2"
"1800","LORICRIN"
"1801","RBM20"
"1802","SOX18"
"1803","MAFB"
"1804","BMPR2"
"1805","COL11A2"
"1806","COL5A2"
"1807","BTNL2"
"1808","SDHD"
"1809","SLC44A4"
"1810","MBD5"
"1811","CSNK2B"
"1812","CDSN"
"1813","DHX16"
"1814","HLA-G"
"1815","ZFP57"
"1816","MOG"
"1817","GABBR1"
"1818","OR2J3"
"1819","ATXN2"
"1820","DCTN1"
"1821","PRSS1"
"1822","TMEM240"
"1823","PSENEN"
"1824","LGR4"
"1825","PSMB10"
"1826","CFI"
"1827","SAMD9"
"1828","KRT6A"
"1829","KRT81"
"1830","IFITM5"
"1831","HBA1"
"1832","TRIM71"
"1833","MIR184"
"1834","MIR204"
"1835","MIR140"
"1836","DIO1"
"1837","ACKR1"
"1838","CRYGS"
"1839","NRAS"
"1840","ARL2"
"1841","PPP1CB"
"1842","TREX1"
"1843","RPS29"
"1844","CEACAM16"
"1845","DNASE1"
"1846","HBG1"
"1847","FOXI3"
"1848","VPS16"
"1849","VAMP2"
"1850","C1QTNF5"
"1851","PLEKHM1"
"1852","NUTM2B-AS1"
"1853","ERCC6"
"1854","ATXN8OS"
"1855","TNF"
"1856","TWIST2"
"1857","RPS28"
"1858","KBTBD13"
"1859","GNAS-AS1"
"1860","SLFN14"
"1861","PSMB9"
"1862","TNFRSF13B"
"1863","ARPC4"
"1864","UGT1A1"
"1865","CFB"
"1866","CFHR1"
"1867","RBM12"
"1868","ASPRV1"
"1869","HBB"
"1870","CRYBB2"
"1871","CEBPA"
"1872","INSL3"
"1873","ADH1C"
"1874","CHCHD10"
"1875","SHANK3"
"1876","LYN"
"1877","MAGEL2"
"1878","INS"
"1879","CYP2A6"
"1880","DNAAF4"
"1881","HMBS"
"1882","POLG2"
"1883","TAS2R38"
"1884","CUX1"
"1885","RTEL1"
"1886","TUBB3"
"1887","ITGB3"
"1888","GH1"
"1889","KCNJ18"
"1890","TUBB8"
"1891","GDF2"
"1892","GJA5"
"1893","KCNQ1OT1"
"1894","KMT2B"
"1895","GRIN2B"
"1896","AGBL1"
"1897","HNF1B"
"1898","PRSS2"
"1899","ORAI1"
"1900","H4C9"
"1901","H4C5"
"1902","PCGF2"
"1903","NEFL"
"1904","NR2E3"
"1905","SCO2"
"1906","MIR2861"
"1907","NOTCH2NLC"
"1908","HRURF"
