gene,cohort,var_mean_disorder,wt_mean_disorder,var_frac_disordered,wt_frac_disordered
Q14524,control,0.18738279445727485,0.23901329787234044,0.15473441108545036,0.21595744680851064
Q14524,control,0.18863645833333334,0.23901329787234044,0.15393518518518517,0.21595744680851064
Q14524,control,0.17960113493064317,0.23901329787234044,0.14880201765447668,0.21595744680851064
Q14524,control,0.3613783098591549,0.23901329787234044,0.36056338028169016,0.21595744680851064
Q14524,control,0.40987225352112683,0.23901329787234044,0.4140845070422535,0.21595744680851064
Q14524,control,0.37197590579710144,0.23901329787234044,0.35507246376811596,0.21595744680851064
Q14524,control,0.18575052023121386,0.23901329787234044,0.15491329479768787,0.21595744680851064
Q14524,control,0.23491219251336898,0.23901329787234044,0.2106951871657754,0.21595744680851064
Q14524,control,0.18974650630011458,0.23901329787234044,0.15693012600229095,0.21595744680851064
Q14524,disease,0.19792309820193638,0.23901329787234044,0.1839557399723375,0.21595744680851064
Q14524,disease,0.23564503311258278,0.23901329787234044,0.22251655629139072,0.21595744680851064
Q14524,disease,0.24713620689655175,0.23901329787234044,0.22679045092838196,0.21595744680851064
Q14524,disease,0.1902713681241185,0.23901329787234044,0.1692524682651622,0.21595744680851064
Q14524,disease,0.18951114245416076,0.23901329787234044,0.1692524682651622,0.21595744680851064
Q14524,disease,0.18923305084745765,0.23901329787234044,0.1694915254237288,0.21595744680851064
Q14524,disease,0.2064033898305085,0.23901329787234044,0.18361581920903955,0.21595744680851064
Q14524,disease,0.21145946327683615,0.23901329787234044,0.18926553672316385,0.21595744680851064
Q14524,disease,0.21458217821782177,0.23901329787234044,0.19236209335219237,0.21595744680851064
Q14524,disease,0.24684875,0.23901329787234044,0.23333333333333334,0.21595744680851064
Q14524,disease,0.25128728813559326,0.23901329787234044,0.23587570621468926,0.21595744680851064
Q14524,disease,0.243079802259887,0.23901329787234044,0.22175141242937854,0.21595744680851064
Q14524,disease,0.18176185064935066,0.23901329787234044,0.15584415584415584,0.21595744680851064
Q14524,disease,0.2706942172073342,0.23901329787234044,0.26657263751763044,0.21595744680851064
Q14524,disease,0.2797787323943662,0.23901329787234044,0.26901408450704223,0.21595744680851064
Q14524,disease,0.22200452898550724,0.23901329787234044,0.19746376811594202,0.21595744680851064
Q14524,disease,0.2348349637681159,0.23901329787234044,0.20833333333333334,0.21595744680851064
Q14524,disease,0.36473713768115945,0.23901329787234044,0.34601449275362317,0.21595744680851064
Q14524,disease,0.221109837962963,0.23901329787234044,0.2037037037037037,0.21595744680851064
Q14524,disease,0.2750369515011547,0.23901329787234044,0.2575057736720554,0.21595744680851064
Q14524,disease,0.26824046242774563,0.23901329787234044,0.25317919075144507,0.21595744680851064
Q14524,disease,0.19048622516556293,0.23901329787234044,0.1629139072847682,0.21595744680851064
Q14524,disease,0.1960394701986755,0.23901329787234044,0.17086092715231788,0.21595744680851064
Q14524,disease,0.1968766578249337,0.23901329787234044,0.1724137931034483,0.21595744680851064
Q14524,disease,0.18769650537634408,0.23901329787234044,0.1586021505376344,0.21595744680851064
Q14524,disease,0.1981657824933687,0.23901329787234044,0.1724137931034483,0.21595744680851064
Q14524,disease,0.20553846153846153,0.23901329787234044,0.1843501326259947,0.21595744680851064
Q14524,disease,0.20888355437665782,0.23901329787234044,0.1856763925729443,0.21595744680851064
Q14524,disease,0.19253784153005465,0.23901329787234044,0.16666666666666666,0.21595744680851064
Q14524,disease,0.19283950276243092,0.23901329787234044,0.1685082872928177,0.21595744680851064
Q9C0K0,control,0.9049922222222222,0.6899573257467994,1.0,0.732574679943101
Q9C0K0,disease,0.9278740740740742,0.7177639817629179,1.0,0.7796352583586627
Q9C0K0,disease,0.8520404255319146,0.6889592216582064,1.0,0.754653130287648
Q9C0K0,control,0.885317142857143,0.666831784386617,1.0,0.7286245353159851
Q9C0K0,control,0.8265152866242038,0.6658441340782123,0.9936305732484076,0.7262569832402235
Q9C0K0,disease,0.8144772727272728,0.6435590163934425,0.9545454545454546,0.6987704918032787
Q9C0K0,control,0.8082603960396041,0.6388427083333333,0.9405940594059405,0.6958333333333333
Q9C0K0,control,0.9153132075471697,0.6369497890295358,1.0,0.6940928270042194
Q9C0K0,disease,0.9073111111111108,0.6375805555555556,1.0,0.6923076923076923
Q9C0K0,disease,0.8606964285714287,0.6859289926289928,1.0,0.7616707616707616
Q9C0K0,control,0.8891714285714286,0.6788772727272727,1.0,0.7626262626262627
Q9C0K0,disease,0.8659823529411765,0.6517899182561309,1.0,0.7411444141689373
Q9C0K0,control,0.8980941176470588,0.646799720670391,1.0,0.7430167597765364
O15353,disease,0.9065939024390245,0.7758875722543351,1.0,0.8901734104046243
Q9C0K0,disease,0.866835294117647,0.5911504615384615,1.0,0.6615384615384615
Q9C0K0,disease,0.7238335616438356,0.5936631578947369,0.815068493150685,0.6776315789473685
P61073,control,0.8936710144927537,0.1817546875,1.0,0.1640625
P61073,control,0.81052,0.18291254901960785,1.0,0.1607843137254902
O15353,disease,0.9031584905660377,0.796288782051282,1.0,0.9166666666666666
P35557,disease,0.8212030674846625,0.12366198830409357,0.9938650306748467,0.011695906432748537
O15353,disease,0.9148370192307691,0.7982470779220778,1.0,0.9253246753246753
P61073,control,0.8626155555555556,0.1886630081300813,1.0,0.15853658536585366
O76024,control,0.9330509090909089,0.15895286713286713,1.0,0.11048951048951049
O15353,disease,0.8969199999999999,0.8272636666666667,1.0,0.97
Q96NR8,control,0.9138739130434783,0.2033303225806452,1.0,0.05161290322580645
Q96NR8,disease,0.908838596491228,0.202787012987013,1.0,0.05194805194805195
O15353,disease,0.8909407216494843,0.8388921768707482,1.0,1.0
Q96NR8,control,0.9078812500000001,0.1944430463576159,1.0,0.033112582781456956
Q96NR8,disease,0.904784684684685,0.1944430463576159,1.0,0.033112582781456956
O76024,control,0.9263784313725492,0.16140340425531916,1.0,0.1148936170212766
P98161,disease,0.8676421348314607,0.3802138036809816,1.0,0.36809815950920244
P98161,disease,0.8547316091954023,0.38336141975308646,1.0,0.37037037037037035
P38398,disease,0.4605760869565218,0.19443149606299212,0.358695652173913,0.15748031496062992
P38398,disease,0.47278260869565214,0.19443149606299212,0.391304347826087,0.15748031496062992
Q9C0K0,disease,0.9100066666666667,0.5775162264150944,1.0,0.630188679245283
P38398,disease,0.42817865168539326,0.18267679999999997,0.29213483146067415,0.144
P38398,disease,0.4065454545454545,0.1770354838709677,0.23863636363636365,0.13709677419354838
Q9C0K0,disease,0.9133693181818182,0.5765570342205323,1.0,0.6311787072243346
Q9C0K0,disease,0.6844744094488189,0.5765570342205323,0.7795275590551181,0.6311787072243346
P04792,control,0.8666895652173914,0.6891335403726708,1.0,0.6770186335403726
P38398,disease,0.42293333333333333,0.16466475409836065,0.28735632183908044,0.12295081967213115
P04792,control,0.8669896551724139,0.6823949367088608,1.0,0.6645569620253164
P52701,disease,0.1922547169811321,0.10464347826086957,0.09433962264150944,0.06521739130434782
P02458,disease,0.8677224137931034,0.12112612612612614,1.0,0.018018018018018018
P98161,disease,0.8733279761904762,0.38684683544303794,1.0,0.37341772151898733
P38398,disease,0.3959821428571428,0.1448159663865546,0.2261904761904762,0.10084033613445378
P38398,disease,0.3800542168674699,0.1448159663865546,0.20481927710843373,0.10084033613445378
P04792,disease,0.8654558558558559,0.6802955414012739,1.0,0.6624203821656051
P23942,disease,0.6393658536585366,0.40764384615384613,0.7682926829268293,0.4
P23942,disease,0.6188246913580246,0.40434418604651157,0.7160493827160493,0.3953488372093023
O00548,control,0.8870783505154639,0.7919941176470588,1.0,0.9901960784313726
P38398,disease,0.3869085365853658,0.12853675213675214,0.21951219512195122,0.08547008547008547
P38398,disease,0.3972354430379747,0.12853675213675214,0.25316455696202533,0.08547008547008547
O76024,disease,0.9288767441860466,0.15385282199710565,1.0,0.09696092619392185
Q9H3T3,disease,0.6790608108108106,0.6874904761904762,0.8378378378378378,0.6967418546365914
Q96NR8,disease,0.8978659574468083,0.25924029850746266,1.0,0.05223880597014925
Q15029,disease,0.8387787878787878,0.1267295238095238,1.0,0.009523809523809525
P23942,disease,0.609186075949367,0.4042212598425197,0.7088607594936709,0.3858267716535433
Q9C0K0,disease,0.9112036144578313,0.562192156862745,1.0,0.611764705882353
Q9H3T3,control,0.6816452054794521,0.6860633165829145,0.8356164383561644,0.6934673366834171
Q9H3T3,control,0.6921527777777778,0.6860633165829145,0.8333333333333334,0.6934673366834171
Q03468,disease,0.43777234042553187,0.5423722513089004,0.3829787234042553,0.5340314136125655
P98161,disease,0.8386689024390244,0.39050576923076924,1.0,0.375
P38398,disease,0.37697875000000003,0.11907739130434782,0.2,0.06956521739130435
P23942,disease,0.5744271428571428,0.4009571428571428,0.6285714285714286,0.3888888888888889
P38398,disease,0.45981060606060603,0.11674999999999999,0.3787878787878788,0.06140350877192982
P38398,disease,0.5120742424242425,0.11674999999999999,0.4393939393939394,0.06140350877192982
P38398,disease,0.3770948717948718,0.11039115044247787,0.21794871794871795,0.05309734513274336
P41180,disease,0.8807536585365853,0.3651286458333333,1.0,0.3333333333333333
Q15149,control,0.9307055793991417,0.19794511100614076,1.0,0.1341521020311762
P52701,disease,0.2064074074074074,0.0813547619047619,0.1111111111111111,0.03571428571428571
P52701,disease,0.15985,0.0813547619047619,0.041666666666666664,0.03571428571428571
P35555,disease,0.7473983870967742,0.3494989071038251,1.0,0.3442622950819672
P38398,disease,0.4065486842105263,0.09857027027027027,0.27631578947368424,0.04504504504504504
P41180,disease,0.8916658333333333,0.3664799651567944,1.0,0.3362369337979094
P56715,disease,0.7288260869565218,0.8319388144329897,1.0,0.8417525773195876
Q03468,control,0.3738413043478261,0.533344623655914,0.30434782608695654,0.521505376344086
P98161,control,0.850474213836478,0.397028338762215,1.0,0.3811074918566775
P52701,disease,0.16534468085106382,0.09724024390243903,0.0425531914893617,0.036585365853658534
P35499,control,0.7608881355932205,0.26515241090146746,0.847457627118644,0.22431865828092243
P38398,disease,0.3259561643835617,0.08216513761467889,0.1095890410958904,0.027522935779816515
P82279,disease,0.6049105263157895,0.32132177419354835,1.0,0.2903225806451613
P35557,disease,0.7691441666666667,0.15437578125,0.925,0.0546875
P40337,disease,0.7432313432835822,0.14218770491803276,1.0,0.08196721311475409
P52701,disease,0.1560232558139535,0.10601125,0.06976744186046512,0.025
P38398,disease,0.3259561643835617,0.08021666666666666,0.1095890410958904,0.018518518518518517
P38398,disease,0.35469726027397264,0.08021666666666666,0.1506849315068493,0.018518518518518517
P98161,disease,0.8543108280254778,0.4000773770491804,1.0,0.38688524590163936
Q15029,disease,0.767546551724138,0.20775670103092783,1.0,0.041237113402061855
P52701,disease,0.16813409090909093,0.14678987341772154,0.06818181818181818,0.0379746835443038
P38398,disease,0.3590597222222222,0.07639626168224299,0.16666666666666666,0.018691588785046728
P38398,disease,0.41355694444444446,0.07639626168224299,0.3194444444444444,0.018691588785046728
Q16832,control,0.8303228571428571,0.13104242424242424,1.0,0.020202020202020204
P40337,disease,0.7055328125,0.15386416666666666,1.0,0.1
P40337,disease,0.7412815384615385,0.15386416666666666,1.0,0.1
P52701,disease,0.1677688888888889,0.17124615384615388,0.044444444444444446,0.038461538461538464
P52701,disease,0.14398571428571427,0.17124615384615388,0.07142857142857142,0.038461538461538464
O15353,disease,0.9231296969696969,0.8532584905660376,1.0,1.0
P35555,disease,0.7588142857142858,0.3221282485875706,1.0,0.2937853107344633
P52701,disease,0.16534468085106382,0.14524285714285715,0.0425531914893617,0.03896103896103896
P52701,disease,0.1560232558139535,0.14524285714285715,0.06976744186046512,0.03896103896103896
P52701,disease,0.14849047619047623,0.14524285714285715,0.07142857142857142,0.03896103896103896
P52701,disease,0.13960256410256408,0.14524285714285715,0.02564102564102564,0.03896103896103896
P56715,disease,0.72704,0.8337285418821097,1.0,0.843329886246122
P82279,disease,0.6267113207547169,0.3322391666666667,1.0,0.30833333333333335
P38398,disease,0.4716308823529412,0.08359904761904764,0.4117647058823529,0.009523809523809525
P38398,disease,0.33246086956521737,0.08359904761904764,0.13043478260869565,0.009523809523809525
P23769,disease,0.8118482352941178,0.5454371584699453,1.0,0.546448087431694
Q9C0K0,disease,0.9137582089552239,0.5415368852459017,1.0,0.5901639344262295
P52701,disease,0.14849047619047623,0.16228684210526315,0.07142857142857142,0.039473684210526314
P40238,control,0.8564295454545452,0.635133088235294,1.0,0.6985294117647058
P40238,control,0.8583382978723403,0.635133088235294,1.0,0.6985294117647058
Q9UHF7,control,0.47486904761904764,0.6337717948717949,0.42857142857142855,0.6974358974358974
P35523,control,0.8750052631578947,0.6354244318181818,1.0,0.7272727272727273
P52701,control,0.1333175,0.14725866666666665,0.025,0.04
P35555,disease,0.7682962962962963,0.3166788571428571,1.0,0.2857142857142857
Q08209,disease,0.7270466666666667,0.729544660194175,1.0,0.9514563106796117
P02458,disease,0.8564261904761904,0.12143263157894736,1.0,0.010526315789473684
Q92794,disease,0.6180363636363636,0.896623516720604,0.9545454545454546,1.0
Q99728,disease,0.7088466666666666,0.2169435714285714,1.0,0.17142857142857143
Q99728,disease,0.716142105263158,0.2169435714285714,1.0,0.17142857142857143
O43526,disease,0.8372416666666668,0.7582009933774835,1.0,0.8675496688741722
P52701,disease,0.13960256410256408,0.14725866666666665,0.02564102564102564,0.04
P23769,disease,0.7639536585365854,0.5571530386740332,1.0,0.5524861878453039
Q9NP59,control,0.2748888888888889,0.2641326923076923,0.19444444444444445,0.27564102564102566
Q07837,control,0.5282687500000001,0.2715456043956044,0.4375,0.19230769230769232
P52701,control,0.1412325,0.15512432432432433,0.025,0.08108108108108109
Q08209,disease,0.7285516129032257,0.7350205882352941,1.0,0.9509803921568627
Q08209,disease,0.7454689655172413,0.7350205882352941,1.0,0.9509803921568627
P52701,disease,0.14849047619047623,0.15512432432432433,0.07142857142857142,0.08108108108108109
P52701,disease,0.1357170731707317,0.15512432432432433,0.04878048780487805,0.08108108108108109
P52701,disease,0.13259,0.15512432432432433,0.025,0.08108108108108109
P98161,disease,0.8223115384615384,0.4081003344481605,1.0,0.39464882943143814
P35523,control,0.8978657142857144,0.639682183908046,1.0,0.7241379310344828
O76024,control,0.9208289855072465,0.13705007407407407,1.0,0.07851851851851852
P05155,control,0.7584447368421051,0.119725,0.868421052631579,0.05172413793103448
P52701,disease,0.16757291666666665,0.1604041095890411,0.041666666666666664,0.0958904109589041
Q96NR8,disease,0.8870683544303798,0.3510268907563025,1.0,0.06722689075630252
P52701,disease,0.13543684210526313,0.1604041095890411,0.02631578947368421,0.0958904109589041
P56715,control,0.7369171428571428,0.8337770347330223,1.0,0.8429237947122862
P35557,disease,0.7524530973451328,0.16898166666666667,0.911504424778761,0.016666666666666666
P38398,disease,0.500076923076923,0.09331000000000002,0.4307692307692308,0.01
P52701,disease,0.13543684210526313,0.16054722222222223,0.02631578947368421,0.09722222222222222
O15353,disease,0.9274666666666667,0.8568652509652511,1.0,1.0
Q15029,disease,0.8592416666666667,0.24228651685393257,1.0,0.0898876404494382
P23942,disease,0.5680078125000001,0.3864684684684685,0.59375,0.36036036036036034
Q12879,disease,0.8939366197183097,0.8873159689922481,1.0,0.9550387596899225
P35555,disease,0.8243914893617023,0.30901169590643274,1.0,0.29239766081871343
Q9UHF7,disease,0.46678536585365854,0.6455150259067357,0.4146341463414634,0.7512953367875648
P40337,disease,0.7246140350877193,0.146712389380531,1.0,0.07079646017699115
P56715,disease,0.7631529411764706,0.8337779564315353,1.0,0.8428423236514523
P07954,disease,0.8311828571428572,0.13010618556701034,1.0,0.041237113402061855
Q9C0K0,disease,0.9129431034482758,0.5293537815126051,1.0,0.5756302521008403
P04792,control,0.8601533333333334,0.6418455882352941,1.0,0.5955882352941176
P56715,disease,0.7646515151515151,0.8319873897249611,1.0,0.8417228853139596
P38398,disease,0.4690650793650794,0.09712244897959182,0.36507936507936506,0.02040816326530612
P52701,disease,0.13533414634146343,0.16599,0.04878048780487805,0.11428571428571428
P52701,disease,0.1325075,0.16599,0.025,0.11428571428571428
P52701,disease,0.1439756756756757,0.16599,0.02702702702702703,0.11428571428571428
Q03468,disease,0.3672405405405405,0.5070965317919076,0.2702702702702703,0.48554913294797686
Q92793,disease,0.9002063829787232,0.6601224181360201,1.0,0.6926952141057935
P35555,disease,0.8284829787234044,0.30166331360946746,1.0,0.28402366863905326
P52701,disease,0.1677688888888889,0.15577391304347826,0.044444444444444446,0.11594202898550725
P41180,disease,0.884716037735849,0.3886007142857143,1.0,0.3464285714285714
P38398,disease,0.5730542372881355,0.09406701030927835,0.5254237288135594,0.020618556701030927
O15353,disease,0.9233416666666668,0.856524609375,1.0,1.0
O15297,disease,0.8030586206896553,0.7677210784313725,1.0,0.9901960784313726
P07954,disease,0.813878125,0.12295473684210528,1.0,0.031578947368421054
P35555,disease,0.8243914893617023,0.30098214285714286,1.0,0.27976190476190477
Q08209,disease,0.760116,0.7395052083333334,1.0,0.9895833333333334
Q15465,disease,0.8902244444444446,0.3047096573208723,1.0,0.2585669781931464
P38398,disease,0.5809583333333332,0.10010833333333334,0.5833333333333334,0.03125
O43526,disease,0.8825488372093024,0.7744064406779662,1.0,0.9016949152542373
P07954,disease,0.8081176470588235,0.12969468085106384,1.0,0.0425531914893617
P07954,disease,0.8297580645161289,0.12969468085106384,1.0,0.0425531914893617
P23769,disease,0.753068,0.5730856321839081,1.0,0.5747126436781609
P04792,disease,0.8544620689655171,0.6427466165413533,1.0,0.5939849624060151
P23942,disease,0.5302309090909092,0.3916650943396227,0.509090909090909,0.3584905660377358
Q09472,disease,0.9101638554216868,0.6774046835443038,1.0,0.7075949367088608
P52701,disease,0.43213571428571435,0.14128805970149252,0.2857142857142857,0.08955223880597014
P52701,disease,0.3073,0.14128805970149252,0.0625,0.08955223880597014
O15353,disease,0.9222642857142858,0.8525751968503937,1.0,1.0
P07954,disease,0.8002878787878789,0.13400107526881724,1.0,0.053763440860215055
Q9UHF7,disease,0.47551111111111105,0.6450834645669291,0.2777777777777778,0.7349081364829396
Q09472,disease,0.8355086956521739,0.6774449936628644,1.0,0.7084917617237009
P52701,disease,0.13960256410256408,0.15817727272727272,0.02564102564102564,0.10606060606060606
P52701,disease,0.316141935483871,0.15817727272727272,0.06451612903225806,0.10606060606060606
O15297,disease,0.8046296296296296,0.7697248756218905,1.0,0.9850746268656716
P35555,disease,0.820940909090909,0.2848939393939394,1.0,0.2545454545454545
P40337,disease,0.6036627450980392,0.15605233644859814,0.6470588235294118,0.04672897196261682
P82279,disease,0.7442048780487804,0.3763611111111111,1.0,0.37962962962962965
P38398,disease,0.46590517241379303,0.10754301075268817,0.27586206896551724,0.043010752688172046
P52701,disease,0.13543684210526313,0.14730461538461537,0.02631578947368421,0.09230769230769231
O15297,disease,0.8038185185185185,0.7580735,1.0,0.975
P52701,disease,0.43213571428571435,0.14730461538461537,0.2857142857142857,0.09230769230769231
P98161,control,0.8433333333333333,0.4207920415224914,1.0,0.40484429065743943
Q8IZD2,control,0.2165621951219512,0.8723049403747871,0.04878048780487805,1.0
P52701,disease,0.4174551724137931,0.13505,0.1724137931034483,0.078125
P38398,disease,0.46590517241379303,0.10664891304347825,0.27586206896551724,0.03260869565217391
P38398,disease,0.4441821428571429,0.10664891304347825,0.25,0.03260869565217391
P07954,disease,0.7867354838709676,0.12422666666666668,1.0,0.05555555555555555
P35523,control,0.8875481481481482,0.6310250000000001,1.0,0.7195121951219512
P40337,disease,0.6445,0.14570190476190475,0.8571428571428571,0.0380952380952381
Q99728,disease,0.7680888888888889,0.18039140625,1.0,0.09375
O43526,disease,0.9036956375838927,0.7797024137931035,1.0,0.9
O15353,disease,0.9097642857142857,0.8564904,1.0,1.0
Q15029,disease,0.7459487804878049,0.21363125,1.0,0.0375
P07954,disease,0.8363615384615385,0.12152696629213482,1.0,0.056179775280898875
P35523,control,0.863648,0.6340269938650306,1.0,0.7177914110429447
Q8WYB5,disease,0.56764,0.9051397727272726,0.5333333333333333,1.0
P40337,disease,0.6963469387755102,0.13484326923076925,1.0,0.028846153846153848
Q99728,disease,0.7972709677419353,0.18425039370078736,1.0,0.09448818897637795
P38398,disease,0.44031999999999993,0.09608333333333333,0.2545454545454545,0.03333333333333333
P98161,disease,0.7750646616541352,0.42325365853658536,1.0,0.40418118466898956
P07954,disease,0.811428,0.1279909090909091,1.0,0.056818181818181816
P23769,disease,0.7500941176470588,0.7207857142857141,1.0,0.9285714285714286
P52701,disease,0.1560232558139535,0.1286639344262295,0.06976744186046512,0.06557377049180328
Q99728,disease,0.7444088235294117,0.176281746031746,1.0,0.0873015873015873
P38398,disease,0.4307207547169811,0.09676067415730336,0.20754716981132076,0.02247191011235955
O15353,disease,0.9099048951048951,0.8571177419354837,1.0,1.0
P82279,control,0.796413888888889,0.3697407766990292,1.0,0.3592233009708738
Q9UHF7,disease,0.6116370370370371,0.6505853333333332,0.9259259259259259,0.744
P38398,disease,0.4090461538461539,0.08564659090909091,0.19230769230769232,0.011363636363636364
P52701,disease,0.1704314285714286,0.13915166666666667,0.0,0.08333333333333333
P52701,disease,0.27632187500000005,0.13915166666666667,0.03125,0.08333333333333333
O15353,disease,0.9226986394557822,0.8560356275303643,1.0,1.0
Q8WYB5,disease,0.5473,0.9054374002280502,0.5185185185185185,1.0
Q9UHF7,disease,0.5035857142857142,0.6534860962566844,0.2857142857142857,0.7566844919786097
Q99728,disease,0.8149824561403509,0.16402661290322582,1.0,0.07258064516129033
P38398,disease,0.4090461538461539,0.08359310344827586,0.19230769230769232,0.011494252873563218
P98161,disease,0.7524711111111111,0.4255147887323944,0.9925925925925926,0.40492957746478875
Q15029,disease,0.8725026315789473,0.22886052631578951,1.0,0.02631578947368421
Q03468,control,0.5798923076923077,0.4808407407407407,0.6923076923076923,0.4567901234567901
P04792,control,0.8532493975903616,0.6360612903225806,1.0,0.5725806451612904
Q99728,disease,0.8138482758620689,0.16178780487804878,1.0,0.06504065040650407
Q8WYB5,disease,0.510788,0.9055135999999999,0.44,1.0
P35555,disease,0.8269111111111112,0.2718216560509555,1.0,0.2356687898089172
P23769,disease,0.7538475409836064,0.7399687116564417,0.9508196721311475,0.9263803680981595
P40337,disease,0.6929767441860466,0.14092828282828282,1.0,0.020202020202020204
Q9H3T3,control,0.5411162790697673,0.7524324250681199,0.6511627906976745,0.8610354223433242
Q08209,disease,0.42937250000000005,0.7125607142857143,0.425,0.9404761904761905
Q04721,disease,0.8622925925925925,0.7905754201680673,1.0,0.8802521008403361
P35557,disease,0.7699645833333334,0.1661009615384615,1.0,0.019230769230769232
Q9UM54,control,0.42620479041916165,0.29572635658914725,0.41317365269461076,0.2248062015503876
Q13224,disease,0.6833506172839506,0.879802743902439,0.7160493827160493,0.9664634146341463
P40337,disease,0.6153682926829268,0.1688278350515464,0.7560975609756098,0.10309278350515463
P82279,disease,0.7547903225806452,0.39555510204081634,1.0,0.3877551020408163
Q99728,disease,0.7913109090909092,0.16429333333333332,1.0,0.05
P98161,disease,0.7935825757575757,0.4308403571428571,1.0,0.4107142857142857
P56715,control,0.6168742857142858,0.8304024071166928,0.6571428571428571,0.8393511250654108
P82279,control,0.8189566666666667,0.3973340206185567,1.0,0.3917525773195876
Q96NR8,control,0.8834438596491228,0.401038,1.0,0.16
P52701,disease,0.3345266666666667,0.13373518518518518,0.1,0.07407407407407407
Q15029,disease,0.8196161290322581,0.3075549295774648,1.0,0.028169014084507043
P40337,disease,0.6621692307692307,0.18519894736842107,1.0,0.10526315789473684
P40337,disease,0.7066775,0.18519894736842107,1.0,0.10526315789473684
Q99728,disease,0.7949999999999998,0.13856610169491526,1.0,0.03389830508474576
P23769,disease,0.7378250000000002,0.7301392405063293,0.8666666666666667,0.9177215189873418
P23942,disease,0.640319512195122,0.4820274725274725,1.0,0.4725274725274725
P40337,disease,0.6872540540540539,0.19420638297872342,1.0,0.09574468085106383
P40337,disease,0.6841473684210526,0.19420638297872342,1.0,0.09574468085106383
Q9C0K0,disease,0.8952511627906979,0.4898904109589041,1.0,0.5251141552511416
P52701,disease,0.37202758620689663,0.13036470588235297,0.1724137931034483,0.058823529411764705
P40337,disease,0.6519621621621621,0.18418494623655915,1.0,0.0967741935483871
P38398,disease,0.5036181818181819,0.13043670886075948,0.29545454545454547,0.02531645569620253
P23942,disease,0.6732813953488372,0.4873696629213483,1.0,0.48314606741573035
P52701,disease,0.4126481481481481,0.130494,0.18518518518518517,0.06
P98161,disease,0.7914842519685039,0.4409330909090909,1.0,0.41454545454545455
Q9UL51,control,0.8946285714285713,0.648716806722689,1.0,0.7058823529411765
Q92508,control,0.807607142857143,0.1251968,1.0,0.04
O15353,disease,0.9150051470588236,0.8496495762711863,1.0,1.0
Q04721,control,0.823324,0.7903217948717949,1.0,0.8803418803418803
P23769,disease,0.7832453125,0.706825974025974,1.0,0.8701298701298701
P52701,disease,0.4126481481481481,0.14917708333333332,0.18518518518518517,0.10416666666666667
P35557,disease,0.7451225806451612,0.26993541666666665,1.0,0.09375
Q9C0K0,control,0.8958439024390243,0.47914906542056074,1.0,0.514018691588785
P40337,disease,0.7103529411764705,0.14910898876404496,1.0,0.0449438202247191
P40337,disease,0.732909375,0.14910898876404496,1.0,0.0449438202247191
P38398,disease,0.5850256410256411,0.121444,0.9487179487179487,0.02666666666666667
P35499,disease,0.8853604651162787,0.2726273137697517,1.0,0.23476297968397292
P40337,disease,0.69949375,0.13503295454545453,1.0,0.03409090909090909
P38398,disease,0.5850256410256411,0.1187891891891892,0.9487179487179487,0.02702702702702703
O15353,disease,0.9058203007518797,0.8553763948497854,1.0,1.0
Q92508,control,0.9388176470588234,0.12945289256198347,1.0,0.024793388429752067
P15924,disease,0.9195236842105262,0.23309702325581397,1.0,0.16279069767441862
P35557,disease,0.8211607142857144,0.24786236559139788,1.0,0.07526881720430108
P40337,disease,0.7123166666666666,0.12738720930232555,1.0,0.023255813953488372
P04792,disease,0.8111046875,0.7108272727272725,1.0,0.8909090909090909
P40337,disease,0.6521733333333333,0.12738720930232555,1.0,0.023255813953488372
Q96NR8,disease,0.8778061224489794,0.4422666666666667,1.0,0.2777777777777778
Q96NR8,disease,0.8784,0.4422666666666667,1.0,0.2777777777777778
O15353,disease,0.9092373239436621,0.8542956709956709,1.0,1.0
Q9C0K0,disease,0.8957710526315789,0.47529620853080573,1.0,0.5071090047393365
P23769,disease,0.7397661016949153,0.7398187919463087,0.8813559322033898,0.9395973154362416
P23769,disease,0.7150884615384613,0.7398187919463087,1.0,0.9395973154362416
P23942,disease,0.6367885714285714,0.5029939024390244,1.0,0.5
P40337,disease,0.6611185185185185,0.13379647058823527,1.0,0.03529411764705882
P40337,disease,0.6829758620689657,0.13379647058823527,1.0,0.03529411764705882
Q96NR8,control,0.8769041666666667,0.3844431818181819,1.0,0.13636363636363635
P23769,disease,0.728156,0.7306189189189188,1.0,0.9256756756756757
P40337,disease,0.6909107142857144,0.14151190476190476,1.0,0.047619047619047616
P13569,control,0.8401529411764705,0.6809611111111112,1.0,0.8888888888888888
Q01974,control,0.8848017857142857,0.43094736842105263,1.0,0.42105263157894735
P15924,disease,0.9271296296296296,0.23191465919701215,1.0,0.161531279178338
P40337,disease,0.6611185185185185,0.14601325301204818,1.0,0.060240963855421686
Q99728,disease,0.8543682926829268,0.12554190476190477,1.0,0.009523809523809525
P38398,disease,0.7447787878787879,0.15750294117647062,1.0,0.058823529411764705
P38398,disease,0.5621259259259259,0.15750294117647062,0.6296296296296297,0.058823529411764705
P40337,disease,0.6589615384615384,0.14114634146341462,1.0,0.04878048780487805
P40337,disease,0.5817259259259259,0.14114634146341462,0.9259259259259259,0.04878048780487805
P10827,control,0.8582216216216216,0.589726282051282,1.0,0.6282051282051282
P38398,disease,0.73275625,0.1452820895522388,1.0,0.04477611940298507
P40337,disease,0.738556,0.1344456790123457,1.0,0.037037037037037035
P38398,disease,0.7106722222222221,0.1452820895522388,1.0,0.04477611940298507
Q9UM47,control,0.8796411764705881,0.7723707246376811,1.0,0.863768115942029
Q96NR8,control,0.8517264705882353,0.43274999999999997,1.0,0.34523809523809523
P38398,disease,0.6956885714285713,0.14856969696969696,1.0,0.030303030303030304
P23942,disease,0.6550285714285714,0.5794894736842106,1.0,0.5526315789473685
Q86YC2,disease,0.796908,0.42563214285714285,1.0,0.10714285714285714
Q96NR8,disease,0.8707,0.4157650602409638,1.0,0.30120481927710846
Q99728,disease,0.8504999999999999,0.16888627450980395,1.0,0.00980392156862745
P35557,disease,0.7962141025641025,0.2632694117647059,1.0,0.07058823529411765
P35557,disease,0.7999328947368421,0.2632694117647059,1.0,0.07058823529411765
Q92997,disease,0.9014420289855073,0.8617462765957448,1.0,0.9946808510638298
Q96NR8,disease,0.8789999999999999,0.3926256097560976,1.0,0.24390243902439024
O15353,disease,0.8975131147540982,0.8451556053811659,1.0,1.0
P35557,disease,0.7984324675324675,0.227747619047619,1.0,0.047619047619047616
P35557,disease,0.7988053333333333,0.227747619047619,1.0,0.047619047619047616
Q16650,disease,0.7462580645161291,0.7837389090909092,0.8924731182795699,0.9636363636363636
P38398,disease,0.75026875,0.15301428571428569,1.0,0.047619047619047616
Q92997,disease,0.8939830882352942,0.8624930107526881,1.0,0.9946236559139785
P35523,control,0.8467235294117647,0.7202451851851852,1.0,0.8740740740740741
P41180,disease,0.8243861111111112,0.4014788571428571,1.0,0.37333333333333335
O15353,disease,0.9008834710743803,0.8522380090497739,1.0,1.0
P35557,disease,0.7857735294117646,0.22408536585365854,1.0,0.04878048780487805
P23769,disease,0.6131317073170732,0.6695899280575539,0.7317073170731707,0.7482014388489209
P23769,disease,0.6777024390243902,0.6695899280575539,1.0,0.7482014388489209
P23769,disease,0.8587227272727275,0.6695899280575539,1.0,0.7482014388489209
P23769,disease,0.6131219512195122,0.6621449275362319,0.7317073170731707,0.7391304347826086
P23769,disease,0.8590499999999999,0.6621449275362319,1.0,0.7391304347826086
P23769,disease,0.8608511627906977,0.6621449275362319,1.0,0.7391304347826086
Q96NR8,disease,0.8603060606060606,0.429823076923077,1.0,0.32051282051282054
Q10571,disease,0.8316584905660379,0.527129090909091,1.0,0.5272727272727272
P35557,disease,0.7918666666666667,0.24178875,1.0,0.05
P61073,control,0.88074375,0.3004968152866242,1.0,0.2611464968152866
P23769,disease,0.6370309523809524,0.6470138686131386,0.7857142857142857,0.7299270072992701
P23769,disease,0.6513075,0.6470138686131386,0.9,0.7299270072992701
Q13224,disease,0.8574200000000002,0.8347419303797469,1.0,0.9493670886075949
Q86YC2,disease,0.812732,0.47402399999999995,1.0,0.36
P43694,control,0.5412848484848485,0.6113101265822785,0.5,0.6033755274261603
P04792,control,0.7632346938775512,0.7565510416666666,1.0,0.9270833333333334
P23769,disease,0.7213676470588235,0.6335316176470589,1.0,0.7205882352941176
Q13224,disease,0.8281454545454547,0.8314890649762281,1.0,0.9429477020602218
P98161,disease,0.9558355704697986,0.5042474509803921,1.0,0.47058823529411764
Q9H3T3,control,0.8930307692307693,0.7644791176470589,1.0,0.85
P61073,control,0.6407688311688312,0.30295419354838704,0.8311688311688312,0.2645161290322581
P23769,disease,0.6383358974358975,0.631597037037037,0.8205128205128205,0.725925925925926
P38398,disease,0.8418230769230769,0.17168771929824564,1.0,0.0
P38398,disease,0.8345807692307694,0.17168771929824564,1.0,0.0
Q96NR8,disease,0.8737342857142858,0.41247733333333336,1.0,0.29333333333333333
O15353,disease,0.9113025862068963,0.8460537037037037,1.0,1.0
P98161,disease,0.8644704761904761,0.5037389763779526,1.0,0.468503937007874
P35557,disease,0.7890797101449275,0.2554272727272728,1.0,0.1038961038961039
Q13224,disease,0.868942857142857,0.8131425396825397,1.0,0.9333333333333333
Q8IZD2,control,0.4298804347826088,0.8671404718693285,0.1956521739130435,1.0
P23769,disease,0.6942972222222221,0.6769582089552239,1.0,0.7686567164179104
P23769,disease,0.7126054054054054,0.6769582089552239,1.0,0.7686567164179104
P23769,disease,0.6777024390243902,0.6769582089552239,1.0,0.7686567164179104
P98161,disease,0.9517479452054793,0.5041648221343874,1.0,0.466403162055336
Q13255,control,0.7369058823529413,0.7805003205128205,1.0,0.9583333333333334
Q99728,control,0.852988888888889,0.16592282608695652,1.0,0.03260869565217391
P02458,disease,0.8468517241379309,0.4393319148936171,1.0,0.1276595744680851
P23769,disease,0.8498342105263156,0.6734255639097744,1.0,0.7669172932330827
Q92997,disease,0.90261953125,0.866973033707865,1.0,0.9943820224719101
P40337,disease,0.776975,0.12678985507246376,1.0,0.043478260869565216
P40337,disease,0.7320814814814816,0.12678985507246376,1.0,0.043478260869565216
P98161,disease,0.8375607843137254,0.5075466135458168,1.0,0.4860557768924303
O00555,control,0.8764536585365854,0.8935402097902098,1.0,1.0
O00555,control,0.866315909090909,0.8935402097902098,1.0,1.0
P23786,disease,0.8206903225806451,0.3522927710843374,1.0,0.3253012048192771
P02458,disease,0.8495925925925925,0.46978863636363627,1.0,0.11363636363636363
P02458,disease,0.833626923076923,0.46978863636363627,1.0,0.11363636363636363
O95409,disease,0.8734423076923077,0.7849768707482994,1.0,0.8503401360544217
P98161,disease,0.827239603960396,0.5138224899598394,1.0,0.5220883534136547
P23769,disease,0.8740586206896552,0.7359415384615385,1.0,0.9076923076923077
Q10571,disease,0.842231818181818,0.49153260869565224,1.0,0.5
O15353,disease,0.8972000000000001,0.8403028571428572,1.0,1.0
O15353,disease,0.8957630630630631,0.8403028571428572,1.0,1.0
O15353,disease,0.9072563636363634,0.8403028571428572,1.0,1.0
P98161,disease,0.9354650000000001,0.516966129032258,1.0,0.5403225806451613
P98161,disease,0.8460059999999998,0.516966129032258,1.0,0.5403225806451613
O00555,control,0.8784051282051283,0.8935477031802119,1.0,1.0
Q9Y4D2,control,0.9098468085106386,0.7848310231023102,1.0,0.900990099009901
P98161,disease,0.8327785714285715,0.5232275303643725,1.0,0.5384615384615384
Q9UL51,control,0.9086555555555557,0.7253880952380952,1.0,0.8142857142857143
Q9Y4D2,control,0.9045785714285712,0.7836261589403973,1.0,0.9006622516556292
P23942,disease,0.8655861111111111,0.63052,1.0,0.65
O15353,disease,0.8937116504854368,0.8376154589371981,1.0,1.0
P23942,control,0.8655861111111111,0.6163603448275861,1.0,0.6379310344827587
Q9UHF7,disease,0.8266,0.6696374251497006,1.0,0.7664670658682635
P98161,disease,0.83185625,0.5286372950819671,1.0,0.5368852459016393
Q9UL51,control,0.9121660377358489,0.7320719806763286,1.0,0.821256038647343
O15353,disease,0.9108695238095238,0.8364702439024391,1.0,1.0
P04792,control,0.8250575,0.8098445783132528,1.0,1.0
P98161,disease,0.9441733333333334,0.5310181818181817,1.0,0.5454545454545454
P41180,control,0.8513925925925927,0.42398678500986187,1.0,0.41222879684418146
Q13224,control,0.8788576923076923,0.8343008103727715,1.0,0.946515397082658
P98161,disease,0.8413391304347826,0.529944398340249,1.0,0.5435684647302904
Q15149,control,0.9350951219512194,0.197835400390625,1.0,0.13623046875
Q8IZD2,control,0.48374375,0.8695424581005586,0.53125,1.0
Q13224,disease,0.8541125,0.8204328455284553,1.0,0.9398373983739837
P04792,control,0.7004272727272728,0.8095189873417721,1.0,1.0
Q9UHF7,disease,0.8284620689655174,0.6709228658536585,1.0,0.7591463414634146
P35557,disease,0.7419384615384617,0.3544098360655738,0.9615384615384616,0.11475409836065574
P23769,disease,0.868908,0.7536361344537815,1.0,0.9243697478991597
Q86YC2,disease,0.6526096774193548,0.43838064516129027,1.0,0.16129032258064516
Q15149,disease,0.9372477987421384,0.19796355185909978,1.0,0.13649706457925637
O15353,disease,0.8994091836734693,0.8314772727272727,1.0,1.0
P98161,disease,0.9244963503649636,0.5232758474576271,1.0,0.5338983050847458
P38398,disease,0.8324235294117647,0.2481277777777778,1.0,0.08333333333333333
Q92794,disease,0.8244758620689656,0.8982398837209302,1.0,1.0
Q92997,disease,0.8996755102040814,0.8760465408805034,1.0,0.9937106918238994
P38398,disease,0.84404,0.24918285714285712,1.0,0.08571428571428572
O15353,disease,0.8889655913978495,0.8285355670103094,1.0,1.0
Q86YC2,disease,0.4120999999999999,0.646332,0.28,1.0
Q92508,control,0.9370552631578948,0.1358037037037037,1.0,0.04938271604938271
P40189,control,0.36186,0.8437643564356436,0.32857142857142857,0.9702970297029703
P48436,disease,0.8292636363636364,0.8856350427350428,1.0,1.0
O15353,disease,0.8855652173913043,0.8336817708333334,1.0,1.0
P98161,disease,0.8952975308641975,0.5162873913043479,1.0,0.5217391304347826
P35523,control,0.6955037037037037,0.803992380952381,1.0,1.0
P40337,disease,0.7809892857142856,0.20311739130434783,1.0,0.08695652173913043
P98161,disease,0.8854925,0.5170205240174673,1.0,0.5240174672489083
P98161,disease,0.8952975308641975,0.5170205240174673,1.0,0.5240174672489083
P98161,control,0.9347967213114755,0.5142802631578949,1.0,0.5219298245614035
Q92508,control,0.9366000000000002,0.13894430379746836,1.0,0.0379746835443038
P40337,disease,0.757153125,0.20062000000000002,1.0,0.06666666666666667
O43526,disease,0.8879549999999999,0.8413109170305677,1.0,1.0
P98161,disease,0.8880773109243699,0.5129194690265487,1.0,0.5176991150442478
O43526,disease,0.8888880733944955,0.8455339207048459,1.0,1.0
Q99728,disease,0.7793039999999999,0.2282984375,1.0,0.0625
P23942,disease,0.8285576923076925,0.5871263157894737,1.0,0.631578947368421
P98161,disease,0.8924171052631579,0.5121571428571429,1.0,0.5178571428571429
P48436,disease,0.8218081395348837,0.8878214492753623,1.0,1.0
P98161,disease,0.9190707964601769,0.5171968609865472,1.0,0.5246636771300448
Q16650,control,0.8878292682926828,0.7427771186440679,1.0,0.864406779661017
O15353,disease,0.8858444444444444,0.8385565217391304,1.0,1.0
P56715,control,0.2953444444444444,0.8213415542363736,0.07407407407407407,0.8327037236913114
Q99728,control,0.6864510204081632,0.2537311475409836,1.0,0.06557377049180328
O14497,disease,0.7614307692307694,0.4175304428044281,1.0,0.4040590405904059
P40337,disease,0.735792,0.24144210526315787,1.0,0.02631578947368421
Q92508,control,0.9229999999999999,0.14222535211267603,1.0,0.04225352112676056
Q96NR8,control,0.7220000000000001,0.5826600000000001,1.0,0.675
P98161,disease,0.8931068493150685,0.5193347031963471,1.0,0.5205479452054794
P98161,disease,0.8824857142857143,0.5193347031963471,1.0,0.5205479452054794
Q01974,control,0.8257615384615385,0.4806501170960187,1.0,0.48009367681498827
P41180,disease,0.8655096774193549,0.4095661157024793,1.0,0.40082644628099173
P98161,disease,0.8853826086956522,0.522916513761468,1.0,0.5229357798165137
P35557,disease,0.7709085714285714,0.5294634146341463,1.0,0.5365853658536586
Q9H3T3,control,0.8578102564102562,0.7542165562913907,1.0,0.8377483443708609
Q16650,disease,0.781646,0.756868695652174,1.0,0.8782608695652174
P98161,control,0.9223411214953271,0.5339460465116278,1.0,0.5348837209302325
Q6KC79,disease,0.7144285714285712,0.2714361445783133,1.0,0.18072289156626506
P35557,disease,0.7442827586206897,0.5591763157894738,1.0,0.631578947368421
O43526,disease,0.8837690821256039,0.8519880184331798,1.0,1.0
Q99728,disease,0.7075500000000001,0.2957,1.0,0.16363636363636364
P35557,disease,0.6267617647058822,0.5456108108108108,0.6470588235294118,0.6216216216216216
P35557,disease,0.7865821428571429,0.5456108108108108,1.0,0.6216216216216216
P35557,disease,0.7225333333333334,0.5456108108108108,1.0,0.6216216216216216
P98161,disease,0.9203831775700934,0.5313485981308411,1.0,0.5327102803738317
O15353,disease,0.8679697368421052,0.8399426136363637,1.0,1.0
P98161,disease,0.9232462264150942,0.5367023474178404,1.0,0.539906103286385
Q92997,disease,0.904625925925926,0.8683079136690649,1.0,0.9928057553956835
Q8WXX7,control,0.9024025,0.8677635854341738,1.0,1.0
P41180,disease,0.8772,0.4122332635983264,1.0,0.401673640167364
P98161,disease,0.8681619047619048,0.538663679245283,1.0,0.5471698113207547
Q16650,disease,0.8971517241379311,0.7558606194690265,1.0,0.8805309734513275
Q99728,disease,0.7471621621621621,0.26117058823529415,1.0,0.0784313725490196
P35557,disease,0.8458880000000001,0.5066969696969696,1.0,0.5151515151515151
P98161,disease,0.8691426229508198,0.5482947619047619,1.0,0.5619047619047619
P48436,disease,0.8051111111111111,0.8873193353474321,1.0,1.0
Q9C0K0,disease,0.6628394366197183,0.4007019736842105,0.7535211267605634,0.3881578947368421
O15353,disease,0.8633492957746477,0.8320157894736842,1.0,1.0
Q92997,disease,0.8996858823529411,0.8674577777777778,1.0,0.9925925925925926
Q92997,disease,0.9010833333333333,0.8653850746268658,1.0,0.9925373134328358
Q92997,disease,0.9054817073170731,0.8656804511278196,1.0,0.9924812030075187
P23769,disease,0.8904,0.8211204545454546,1.0,1.0
P98161,disease,0.867446551724138,0.5497300970873787,1.0,0.5631067961165048
P04792,disease,0.8420487804878048,0.8524489361702128,1.0,1.0
O95409,disease,0.7718663461538461,0.8704326923076924,0.8365384615384616,0.9903846153846154
Q9UM47,control,0.9031653061224489,0.8652254355400696,1.0,1.0
Q15149,control,0.935898449612403,0.19618057625434676,1.0,0.13611525086934922
Q15149,control,0.9364439999999999,0.19618057625434676,1.0,0.13611525086934922
Q9Y4D2,control,0.884990566037736,0.8318295019157089,1.0,0.9655172413793104
O15353,disease,0.8345111111111112,0.8378137724550897,1.0,1.0
Q99728,disease,0.6729193548387097,0.3381888888888889,1.0,0.08888888888888889
Q92997,disease,0.9011708860759493,0.8629384615384617,1.0,0.9923076923076923
Q9UM47,control,0.9012999999999999,0.8631701754385965,1.0,1.0
P98161,disease,0.8676836363636363,0.5530536945812807,1.0,0.5714285714285714
P48436,disease,0.92589375,0.8845413580246915,1.0,1.0
Q99728,disease,0.6298933333333332,0.37362093023255816,0.9333333333333333,0.09302325581395349
O43526,disease,0.8749304123711339,0.8472339901477832,1.0,1.0
P98161,disease,0.8592566037735848,0.5570616915422886,1.0,0.5771144278606966
O15353,disease,0.849715873015873,0.834963190184049,1.0,1.0
O95409,control,0.8980774193548386,0.8672020408163267,1.0,0.9897959183673469
O15353,disease,0.829855,0.8316617283950617,1.0,1.0
P98161,disease,0.9082696969696968,0.5661244999999999,1.0,0.58
P23769,disease,0.8775714285714287,0.8083012345679012,1.0,1.0
Q99728,control,0.6123148148148149,0.5882128205128205,0.9629629629629629,0.7692307692307693
P98161,disease,0.8464288461538462,0.5699502512562814,1.0,0.5879396984924623
P98161,disease,0.84524,0.5699502512562814,1.0,0.5879396984924623
P98161,disease,0.8947499999999999,0.5699502512562814,1.0,0.5879396984924623
Q92508,control,0.8558044444444444,0.11729183673469389,1.0,0.0
O15353,disease,0.8717183333333334,0.834903125,1.0,1.0
O15353,disease,0.8254564102564104,0.834903125,1.0,1.0
P04792,disease,0.79975,0.8169648648648649,1.0,1.0
Q99728,control,0.6118884615384614,0.6484470588235294,0.5769230769230769,0.9705882352941176
P98161,disease,0.8749128205128205,0.5767345360824742,1.0,0.5979381443298969
O76024,disease,0.9109184210526318,0.10193380035026268,1.0,0.03502626970227671
P23769,disease,0.8665052631578946,0.802544,1.0,1.0
P23769,disease,0.8705768115942029,0.8004027027027026,1.0,1.0
P98161,control,0.8981105882352942,0.5783453125,1.0,0.609375
Q9UM47,control,0.9359138888888887,0.8636620437956206,1.0,1.0
P98161,disease,0.883803488372093,0.5783453125,1.0,0.609375
P35555,disease,0.7430999999999999,0.3746030303030303,1.0,0.24242424242424243
P98161,disease,0.894567901234568,0.5822366492146597,1.0,0.612565445026178
P98161,disease,0.8643975609756099,0.5822366492146597,1.0,0.612565445026178
P98161,disease,0.9034928571428571,0.5822366492146597,1.0,0.612565445026178
Q9UM47,control,0.9232588235294117,0.8656205882352941,1.0,1.0
O95409,disease,0.7392420454545455,0.874353409090909,0.8068181818181818,0.9886363636363636
Q9Y4D2,disease,0.81629,0.8135934959349593,1.0,0.9634146341463414
O43526,disease,0.8730840659340658,0.8430115183246073,1.0,1.0
P35555,disease,0.624113888888889,0.37415714285714285,0.6388888888888888,0.2698412698412698
P48436,disease,0.7631320000000001,0.8784572815533981,1.0,1.0
P98161,disease,0.874795,0.5848723404255318,1.0,0.6223404255319149
Q9C0K0,control,0.6167169491525426,0.30116356589147286,0.6949152542372882,0.27906976744186046
Q9C0K0,control,0.9008295454545454,0.30116356589147286,1.0,0.27906976744186046
O43526,disease,0.8787379888268158,0.8438994708994709,1.0,1.0
Q13224,disease,0.8818341463414633,0.812804973357016,1.0,0.9271758436944938
Q92508,control,0.8426264705882353,0.18218648648648647,1.0,0.02702702702702703
O76024,control,0.8114038095238094,0.10120035523978686,1.0,0.03019538188277087
Q9Y4D2,disease,0.8282484848484849,0.8134157024793389,1.0,0.9628099173553719
O43526,disease,0.882890751445087,0.8446122340425533,1.0,1.0
Q92997,control,0.8891193548387094,0.8381009090909092,1.0,0.990909090909091
P41180,disease,0.8958294117647059,0.45133200000000007,1.0,0.4288888888888889
P98161,disease,0.86722987012987,0.5901391304347826,1.0,0.6304347826086957
Q92508,control,0.8950833333333333,0.19828823529411763,1.0,0.058823529411764705
P35555,disease,0.5462827586206896,0.4234125,0.5517241379310345,0.32142857142857145
P48436,disease,0.7752560975609755,0.8844066445182726,1.0,1.0
P15924,disease,0.8301,0.23365142276422765,1.0,0.16869918699186992
P41180,disease,0.7329111111111111,0.45425653153153156,1.0,0.44819819819819817
Q92794,disease,0.8039817204301074,0.902231055900621,1.0,1.0
Q8WYB5,disease,0.8061666666666667,0.9066457846952011,1.0,1.0
P15924,disease,0.8278666666666665,0.23220754332313964,1.0,0.1651376146788991
Q07837,control,0.2806795918367347,0.4763379310344828,0.04081632653061224,0.25862068965517243
P15924,disease,0.8293027027027028,0.23077693877551023,1.0,0.16326530612244897
P41180,disease,0.72585,0.45317931818181817,1.0,0.44545454545454544
P48436,disease,0.8461457142857144,0.8828918644067797,1.0,1.0
P48436,disease,0.8383527777777776,0.8828918644067797,1.0,1.0
P35499,disease,0.9021188679245283,0.3684466666666667,1.0,0.3333333333333333
Q8WYB5,disease,0.7971076923076924,0.9069749674054759,1.0,1.0
Q07837,control,0.36241063829787235,0.44769107142857145,0.10638297872340426,0.17857142857142858
P15924,disease,0.8242757575757576,0.22948885480572595,1.0,0.16155419222903886
P08246,disease,0.855619230769231,0.5317745454545455,1.0,0.6181818181818182
Q07837,control,0.36241063829787235,0.46434181818181813,0.10638297872340426,0.21818181818181817
P98161,disease,0.86648125,0.6504906976744186,1.0,0.7034883720930233
P61073,control,0.6925121212121212,0.6954942857142857,1.0,0.7571428571428571
Q07837,control,0.42228222222222217,0.4695461538461538,0.35555555555555557,0.25
P98161,disease,0.8568967741935483,0.6593230769230769,1.0,0.7337278106508875
P41180,disease,0.9019828125,0.4543304147465438,1.0,0.4470046082949309
Q9C0K0,disease,0.879984,0.18436422018348622,1.0,0.1559633027522936
P48436,control,0.8743481481481482,0.8831709790209791,1.0,1.0
O95409,control,0.8828344827586206,0.8859460317460316,1.0,0.9841269841269841
O43526,disease,0.8930575949367089,0.8396694610778445,1.0,1.0
P48436,disease,0.8861733333333334,0.8842673684210526,1.0,1.0
O43526,disease,0.8832810457516339,0.8416276073619631,1.0,1.0
O43526,disease,0.8899181818181817,0.8416276073619631,1.0,1.0
O76024,control,0.8198760638297873,0.10542513966480446,1.0,0.0335195530726257
O00555,control,0.9020675675675676,0.8794848958333334,1.0,1.0
Q15465,disease,0.8830818181818182,0.3900277173913044,1.0,0.358695652173913
P41180,disease,0.9051205128205126,0.4918562945368171,1.0,0.49406175771971494
Q16650,disease,0.6627840764331211,0.8413101190476191,0.7261146496815286,0.9583333333333334
P98161,control,0.8167543478260874,0.6840006535947714,1.0,0.7647058823529411
Q92997,control,0.8614107142857143,0.779451282051282,1.0,0.9871794871794872
Q12879,disease,0.7429885714285714,0.8745236,1.0,1.0
Q9Y4D2,control,0.9166300613496934,0.811375845410628,1.0,0.9516908212560387
O00555,control,0.9102486187845306,0.883788770053476,1.0,1.0
Q15465,control,0.8582803921568628,0.3758301675977653,1.0,0.3407821229050279
O00555,control,0.9054683333333334,0.883788770053476,1.0,1.0
Q9H3T3,disease,0.8255375,0.8591021097046414,1.0,1.0
O76024,disease,0.8206292134831461,0.10879829222011383,1.0,0.03795066413662239
Q9UHF7,disease,0.22828461538461536,0.5656133333333333,0.038461538461538464,0.6333333333333333
O00555,control,0.9056122905027933,0.8842740540540542,1.0,1.0
Q9H3T3,disease,0.8339066666666665,0.8590463829787234,1.0,1.0
Q8IZD2,disease,0.6742542857142857,0.8679116331096197,1.0,1.0
Q15465,disease,0.869713888888889,0.3689581920903955,1.0,0.3333333333333333
O00555,control,0.9053372881355933,0.884404347826087,1.0,1.0
P35499,control,0.7787666666666667,0.3778115987460815,1.0,0.3510971786833856
Q9UL51,control,0.8721000000000002,0.8938133928571429,1.0,1.0
Q15465,control,0.8700114285714287,0.3610829545454546,1.0,0.32386363636363635
O00555,control,0.9053372881355933,0.8844901639344263,1.0,1.0
O00555,control,0.9051674418604652,0.8844901639344263,1.0,1.0
Q9ULH0,control,0.6913435897435898,0.8353523026315789,0.8461538461538461,0.9605263157894737
Q9UM47,control,0.8835327272727274,0.8598318777292576,1.0,1.0
Q9H3T3,control,0.8113392857142857,0.8604965665236052,1.0,1.0
O00555,control,0.9051674418604652,0.8842472527472527,1.0,1.0
O00555,control,0.9081488636363637,0.8842472527472527,1.0,1.0
P41180,disease,0.6830975,0.480511650485437,0.875,0.47572815533980584
Q92794,disease,0.8255655737704918,0.903704786545925,1.0,1.0
O00555,control,0.9079451428571429,0.8825535911602208,1.0,1.0
Q9Y4D2,control,0.9085815286624203,0.8158520000000001,1.0,0.95
Q01974,control,0.8760774193548386,0.5373807365439094,1.0,0.5439093484419264
Q01974,control,0.4494808,0.5373807365439094,0.432,0.5439093484419264
O43526,disease,0.8938474820143885,0.8294102739726027,1.0,1.0
O76024,disease,0.8273622093023257,0.10882072936660268,1.0,0.0345489443378119
Q15465,control,0.8864631578947367,0.3397611764705883,1.0,0.3
P41180,disease,0.6611600000000001,0.4830046568627451,0.8285714285714286,0.47794117647058826
Q01974,control,0.8856392857142857,0.5426785100286533,1.0,0.5530085959885387
Q8IZD2,disease,0.6881296296296296,0.8653632420091324,1.0,1.0
O14497,disease,0.8916789473684211,0.3604073913043478,1.0,0.3456521739130435
P98161,disease,0.8501209302325583,0.666051798561151,1.0,0.7410071942446043
P15924,disease,0.8338880952380953,0.2289094279661017,1.0,0.1716101694915254
Q01974,control,0.827604,0.5501965417867436,1.0,0.5619596541786743
P61073,control,0.7570071428571429,0.8678538461538461,1.0,1.0
O00555,control,0.9077096385542168,0.8845757225433526,1.0,1.0
Q16650,disease,0.6324517482517482,0.8292205298013244,0.6993006993006993,0.9602649006622517
Q9C0K0,disease,0.8872333333333334,0.16760506329113928,1.0,0.13924050632911392
Q9UM47,control,0.8373681818181818,0.8604325688073394,1.0,1.0
Q13255,control,0.8742774193548388,0.7219276923076925,1.0,0.9333333333333333
P48436,disease,0.8107923076923077,0.8780662745098039,1.0,1.0
Q15149,disease,0.88145,0.1859535015447992,1.0,0.12255406797116375
P98161,disease,0.79978,0.6561671641791046,1.0,0.7313432835820896
P98161,disease,0.8307148148148149,0.6561671641791046,1.0,0.7313432835820896
P61073,disease,0.721824,0.8745628571428572,1.0,1.0
Q13255,control,0.8825950980392157,0.7160274611398965,1.0,0.9222797927461139
Q9C0K0,disease,0.8872333333333334,0.12827162162162162,1.0,0.08108108108108109
P61073,disease,0.6563666666666667,0.8701636363636364,0.5757575757575758,1.0
Q9UM47,control,0.7695461538461539,0.8576657276995305,1.0,1.0
Q13255,control,0.8760319999999999,0.7279747368421053,1.0,0.9315789473684211
Q9C0K0,disease,0.6652357142857144,0.12241250000000001,0.8928571428571429,0.08333333333333333
Q8WYB5,disease,0.8221115384615385,0.9086042936288088,1.0,1.0
Q9UM47,control,0.7846444444444444,0.8603766666666667,1.0,1.0
Q9C0K0,disease,0.6671586206896553,0.14579420289855077,0.9310344827586207,0.057971014492753624
Q04721,disease,0.6249921568627451,0.8675230529595015,1.0,1.0
Q9Y4D2,control,0.8993531914893617,0.7968038674033149,1.0,0.9392265193370166
Q9UM47,control,0.8049121212121211,0.8564115942028985,1.0,1.0
P48436,disease,0.7712225806451612,0.8735817073170731,1.0,1.0
Q9UM47,control,0.795171875,0.8546936893203883,1.0,1.0
P15924,disease,0.8315222222222224,0.22938719052744885,1.0,0.17115177610333693
P15924,disease,0.8326642857142857,0.22938719052744885,1.0,0.17115177610333693
Q9UM47,control,0.755874193548387,0.8546970731707316,1.0,1.0
Q8WYB5,control,0.8600153846153845,0.9086634453781512,1.0,1.0
Q9UM47,control,0.750044827586207,0.8550536945812808,1.0,1.0
Q16650,disease,0.5915039370078738,0.8149171641791044,0.6535433070866141,0.9477611940298507
Q16650,disease,0.5906206349206349,0.8176864661654136,0.6507936507936508,0.9473684210526315
Q16650,disease,0.5730669421487603,0.8118778625954198,0.6363636363636364,0.9389312977099237
Q16650,disease,0.5781116666666667,0.8118778625954198,0.6333333333333333,0.9389312977099237
Q92794,disease,0.91135,0.9014905913978496,1.0,1.0
Q8IZD2,disease,0.7544098901098901,0.8675409638554217,0.8791208791208791,1.0
Q16650,disease,0.5800032520325205,0.8084415384615384,0.6422764227642277,0.9384615384615385
Q92794,disease,0.9187193548387096,0.9011355316285329,1.0,1.0
Q8IZD2,disease,0.7434735632183908,0.8668167070217919,0.8620689655172413,1.0
P41180,disease,0.9000425,0.5131237467018469,1.0,0.5092348284960422
O00555,control,0.90233006993007,0.882464864864865,1.0,1.0
Q9C0K0,disease,0.65755,0.26503148148148153,0.7857142857142857,0.18518518518518517
O43526,disease,0.8756314285714287,0.8110403508771927,1.0,1.0
O43526,disease,0.8714676190476192,0.8110403508771927,1.0,1.0
P41180,disease,0.9087128205128204,0.5130550264550264,1.0,0.5079365079365079
Q04721,control,0.6535305555555556,0.8607045751633987,1.0,1.0
O76024,control,0.7147978417266186,0.11430061475409836,0.9640287769784173,0.036885245901639344
P35499,disease,0.8862431578947368,0.40217971530249114,1.0,0.3914590747330961
Q8IZD2,disease,0.7770060975609756,0.8660275184275185,0.8658536585365854,1.0
Q15149,control,0.8667,0.1740359081419624,1.0,0.11012526096033402
O00555,control,0.8949643410852713,0.8798041958041957,1.0,1.0
Q16650,control,0.5627249999999999,0.805916806722689,0.5925925925925926,0.9243697478991597
Q9C0K0,control,0.876504,0.21026808510638298,1.0,0.0851063829787234
O76024,disease,0.8758774193548386,0.12757546777546777,1.0,0.04573804573804574
O76024,disease,0.6675146153846154,0.1262775,0.9307692307692308,0.04375
Q9UM47,disease,0.8579786407766987,0.8502805405405405,1.0,1.0
Q9UM47,disease,0.8573088235294117,0.8501027173913044,1.0,1.0
O14497,disease,0.8589228571428571,0.3285239336492891,1.0,0.2890995260663507
Q92794,disease,0.8533484848484848,0.8995758241758242,1.0,1.0
Q9Y4D2,control,0.8925732758620689,0.7569851612903226,1.0,0.9096774193548387
P31629,control,0.5874327586206898,0.8649831683168318,0.603448275862069,1.0
Q9H3T3,control,0.8773739837398375,0.8590918032786885,1.0,1.0
P48436,disease,0.9432450549450552,0.8739623853211009,1.0,1.0
Q9UHF7,disease,0.7378606060606059,0.5337203208556149,1.0,0.6149732620320856
Q01974,control,0.9038461538461539,0.6134911475409837,1.0,0.6295081967213115
Q9Y4D2,control,0.8895650943396227,0.7552282894736843,1.0,0.9078947368421053
P41180,disease,0.6091880952380953,0.5276502762430938,0.6428571428571429,0.5276243093922652
Q16650,disease,0.5125918367346938,0.8025155963302752,0.5510204081632653,0.9357798165137615
P41180,disease,0.6155585365853659,0.529413296398892,0.6585365853658537,0.5290858725761773
Q13255,control,0.8299000000000002,0.7099370129870131,1.0,0.9090909090909091
Q9H3T3,control,0.8759733333333332,0.8670927777777777,1.0,1.0
Q8IZD2,disease,0.7241472972972972,0.8674607142857143,0.7837837837837838,1.0
O76024,control,0.7478685950413224,0.12225063829787233,0.9586776859504132,0.0425531914893617
O43526,disease,0.8762093023255814,0.7776073684210528,1.0,1.0
P48436,disease,0.9436162790697674,0.8677361502347419,1.0,1.0
Q15465,control,0.9096086956521738,0.48292352941176464,1.0,0.42857142857142855
Q16650,disease,0.4972726315789474,0.8009495238095239,0.5368421052631579,0.9142857142857143
O00555,control,0.8865061403508772,0.8673629032258063,1.0,1.0
Q9H3T3,control,0.8764955357142857,0.867317441860465,1.0,1.0
Q15465,control,0.8948196721311474,0.5252252252252253,1.0,0.4594594594594595
Q15149,disease,0.854865306122449,0.16804145954521416,1.0,0.10259122157588578
O43526,disease,0.8807013157894737,0.7393235294117647,1.0,1.0
Q9H3T3,control,0.8746934579439253,0.8657682634730539,1.0,1.0
Q9H3T3,control,0.8745299065420561,0.8657682634730539,1.0,1.0
Q9H3T3,control,0.879850925925926,0.8657682634730539,1.0,1.0
Q9UM47,disease,0.8772852941176471,0.8427044303797468,1.0,1.0
Q9H3T3,control,0.8810198019801979,0.864983850931677,1.0,1.0
O76024,disease,0.6982737864077669,0.1349524336283186,0.9320388349514563,0.05088495575221239
Q09472,disease,0.8514487179487181,0.7986225524475525,1.0,0.8916083916083916
O43526,disease,0.8791229508196722,0.7881319999999999,1.0,1.0
P15924,disease,0.3692027777777777,0.24334383561643835,0.16666666666666666,0.1906392694063927
Q9H3T3,control,0.8821979166666667,0.8677987179487181,1.0,1.0
Q9UM47,disease,0.8779549295774649,0.8378263157894738,1.0,1.0
Q9H3T3,control,0.8854221052631579,0.8643187096774194,1.0,1.0
O00555,control,0.8764153061224489,0.8703990291262136,1.0,1.0
Q01974,control,0.68764375,0.6768427536231885,1.0,0.7065217391304348
O76024,control,0.729347899159664,0.13595675675675675,0.9495798319327731,0.0518018018018018
Q92793,disease,0.8779684210526316,0.7899961199294532,1.0,0.8694885361552028
P15924,disease,0.5257071428571429,0.23999048165137613,0.42857142857142855,0.18692660550458715
O00555,control,0.8793063829787233,0.866163725490196,1.0,1.0
Q01974,control,0.8627000000000001,0.6800018181818183,1.0,0.7090909090909091
O76024,control,0.7467021276595743,0.13467223476297968,1.0,0.05191873589164785
Q8IZD2,control,0.5961243902439024,0.859842541436464,0.6829268292682927,1.0
O76024,control,0.8167846153846153,0.13039319727891155,0.9615384615384616,0.045351473922902494
P41180,disease,0.8726333333333334,0.5812981818181818,1.0,0.593939393939394
Q9UM47,control,0.8717507462686567,0.8488993055555556,1.0,1.0
Q9UM47,disease,0.8722777777777777,0.8488993055555556,1.0,1.0
Q9H3T3,control,0.8830551724137928,0.8544619047619048,1.0,1.0
Q92793,disease,0.8569341463414635,0.7863103386809269,1.0,0.8663101604278075
Q12879,disease,0.8497980000000002,0.8541926650366748,1.0,1.0
Q9UHF7,disease,0.5189999999999999,0.5316486666666667,0.59375,0.6133333333333333
Q9H3T3,control,0.8754554216867468,0.8505258741258743,1.0,1.0
Q09472,disease,0.8060627906976744,0.7945922242314648,1.0,0.8878842676311031
Q92793,disease,0.8773440000000001,0.7861372513562387,1.0,0.864376130198915
Q09472,disease,0.8195256410256412,0.7929297640653358,1.0,0.8874773139745916
Q9Y4D2,control,0.8969796875,0.8184644859813084,1.0,1.0
Q9UM47,disease,0.8893773584905659,0.8449090225563909,1.0,1.0
Q12879,disease,0.839064705882353,0.8592786967418548,1.0,1.0
Q9H3T3,control,0.8911795454545455,0.8729656716417911,1.0,1.0
O76024,control,0.7723971014492754,0.13845082352941177,1.0,0.058823529411764705
Q8WYB5,disease,0.7884785714285715,0.8966234009360374,1.0,1.0
O00555,control,0.8634092105263158,0.8819567901234566,1.0,1.0
P56715,control,0.5287137254901961,0.7944918306499701,0.5098039215686274,0.8091830649970185
Q9H3T3,control,0.8887777777777779,0.8665259541984733,1.0,1.0
O60281,disease,0.31256551724137926,0.7734960520204366,0.20689655172413793,0.7793776126335346
Q12879,disease,0.8507666666666667,0.8497647959183673,1.0,1.0
P48436,disease,0.9424527777777776,0.8853091463414634,1.0,1.0
O60281,disease,0.3981666666666666,0.7736596466759647,0.25925925925925924,0.7791724779172478
Q12879,disease,0.839721875,0.8451562659846548,1.0,1.0
O43526,disease,0.860130303030303,0.8344790697674418,1.0,1.0
Q9H3T3,control,0.8827523076923077,0.8629951999999999,1.0,1.0
Q92793,disease,0.8622633333333334,0.7814768089053804,1.0,0.8608534322820037
Q9UM47,control,0.8375581395348836,0.8534358333333333,1.0,1.0
Q9H3T3,control,0.8802411764705882,0.8657491935483871,1.0,1.0
P15924,disease,0.7904935483870966,0.22327485172004743,1.0,0.16844602609727166
P15924,disease,0.796032258064516,0.22327485172004743,1.0,0.16844602609727166
O43526,control,0.8584512820512822,0.8485692307692307,1.0,1.0
P56715,disease,0.43149069767441856,0.7961088076692631,0.3488372093023256,0.8094667465548232
P48436,control,0.9321689655172413,0.8844503184713376,1.0,1.0
Q9H3T3,control,0.8963870967741936,0.8704950819672131,1.0,1.0
Q9H3T3,control,0.8923814814814813,0.8704950819672131,1.0,1.0
Q9H3T3,control,0.8904612903225806,0.8704950819672131,1.0,1.0
P15924,disease,0.802917857142857,0.2219317479191439,1.0,0.16765755053507728
Q9UM47,control,0.8331975,0.8559478632478632,1.0,1.0
P56715,control,0.4636868421052632,0.7937978365384615,0.34210526315789475,0.8076923076923077
Q9H3T3,control,0.8840103448275861,0.8646610169491525,1.0,1.0
O76024,disease,0.7464442622950819,0.13725196078431373,1.0,0.049019607843137254
Q9UM47,control,0.8405371428571428,0.8517008928571429,1.0,1.0
Q9UM47,disease,0.8530451612903225,0.8517008928571429,1.0,1.0
Q9UHF7,disease,0.6038666666666667,0.4451627118644068,0.7666666666666667,0.5
Q9H3T3,control,0.8888037735849058,0.8699315315315315,1.0,1.0
O76024,control,0.6872428571428573,0.13935452261306533,1.0,0.04773869346733668
Q92793,control,0.8516,0.7737096153846152,1.0,0.8538461538461538
P41180,disease,0.8755829268292682,0.6642426056338029,1.0,0.6936619718309859
Q9H3T3,control,0.8913209302325581,0.8693233009708736,1.0,1.0
O76024,disease,0.7038522727272727,0.1414885496183206,1.0,0.04580152671755725
Q8IZD2,disease,0.6149413793103448,0.8589421725239615,0.896551724137931,1.0
O76024,disease,0.900869696969697,0.1420807692307692,1.0,0.04358974358974359
Q92793,disease,0.8633970588235294,0.7720357421874999,1.0,0.8515625
Q9H3T3,control,0.8887540540540539,0.8666432989690721,1.0,1.0
Q92794,control,0.8442777777777779,0.8974761381475668,1.0,1.0
Q09472,disease,0.8187653846153845,0.782682874015748,1.0,0.8759842519685039
Q01974,control,0.8456375,0.8580649769585255,1.0,1.0
P41180,disease,0.8702612903225808,0.6827934306569343,1.0,0.7007299270072993
Q8IZD2,disease,0.6484411764705882,0.853725816993464,0.9411764705882353,1.0
O76024,disease,0.6391,0.15081801566579633,0.9696969696969697,0.044386422976501305
Q01974,control,0.9309162790697674,0.8627752336448599,1.0,1.0
Q8IZD2,control,0.5696340425531915,0.8489320132013202,0.5531914893617021,1.0
O00555,control,0.865884375,0.820871794871795,1.0,1.0
O76024,disease,0.6326851851851851,0.15518803191489364,0.9629629629629629,0.05851063829787234
Q09472,disease,0.9028961038961039,0.7729953722334004,1.0,0.8631790744466801
Q15465,control,0.831408,0.5539653846153846,1.0,0.5769230769230769
O00555,control,0.8337607142857142,0.8211606060606061,1.0,1.0
O14497,disease,0.6391310344827585,0.19169937106918236,1.0,0.09119496855345911
Q92793,control,0.8308961538461539,0.7643483805668017,1.0,0.8421052631578947
Q8WYB5,disease,0.827948275862069,0.9039086882453151,1.0,1.0
P15924,disease,0.4476074074074074,0.23193711734693875,0.4074074074074074,0.17729591836734693
Q8WYB5,disease,0.8671800000000002,0.9038120840630474,1.0,1.0
O76024,control,0.9337837209302328,0.1507801699716714,1.0,0.05099150141643059
P41180,disease,0.8852438775510204,0.7902276150627615,1.0,0.8661087866108786
Q8WYB5,disease,0.8418789473684211,0.9013517730496453,1.0,1.0
P48436,disease,0.9474520000000001,0.8581813186813186,1.0,1.0
Q04721,control,0.7933000000000001,0.8549670731707316,1.0,1.0
P35499,control,0.8954510204081633,0.6353978571428572,1.0,0.7428571428571429
P41180,disease,0.8811404494382024,0.8295260683760685,1.0,0.9487179487179487
Q8WYB5,disease,0.8720653846153846,0.9010003571428572,1.0,1.0
Q6UWE0,disease,0.834948,0.20980634920634925,1.0,0.1111111111111111
Q15149,control,0.8963435483870968,0.17536905702992658,1.0,0.1101072840203275
Q92793,disease,0.8922222222222221,0.7819829373650107,1.0,0.8747300215982722
P41180,disease,0.8170853846153847,0.8363135964912282,0.9769230769230769,0.9605263157894737
Q8WYB5,disease,0.8269399999999999,0.8982077477477477,1.0,1.0
O76024,control,0.8507865384615385,0.15887418397626113,1.0,0.05341246290801187
O76024,control,0.9297470588235294,0.15951283582089548,1.0,0.050746268656716415
O76024,control,0.9163594202898551,0.16076856287425148,1.0,0.05389221556886228
Q13224,control,0.8525041666666665,0.7623777108433735,1.0,0.8765060240963856
Q09472,disease,0.881135135135135,0.7909458149779737,1.0,0.8854625550660793
O76024,disease,0.8626553191489361,0.1619696696696697,1.0,0.05405405405405406
Q04721,control,0.8554386666666667,0.8664426666666666,1.0,1.0
Q09472,disease,0.8841242990654203,0.7883800000000001,1.0,0.8822222222222222
Q15149,control,0.8882738461538462,0.17626986924388857,1.0,0.11085844229675952
P48436,disease,0.9426479999999999,0.8380722222222222,1.0,1.0
Q15149,disease,0.9004249999999999,0.17646626848691696,1.0,0.11149032992036405
Q92793,disease,0.880315,0.7762380846325166,1.0,0.8685968819599109
P48436,disease,0.9384800000000001,0.8437927536231884,1.0,1.0
P41180,control,0.8735014285714284,0.8418056872037916,1.0,1.0
P49747,control,0.84975,0.28251481481481483,1.0,0.1111111111111111
O76024,control,0.8623222222222222,0.18315830721003135,1.0,0.05329153605015674
Q09472,control,0.880036842105263,0.7882474885844749,1.0,0.8789954337899544
Q8WXX7,control,0.9168279069767442,0.8251119047619049,1.0,1.0
Q92793,disease,0.8820513432835821,0.7769380410022778,1.0,0.8656036446469249
P41180,control,0.8822888888888888,0.8539598039215684,1.0,1.0
P41180,disease,0.7860257425742577,0.8531655172413795,0.9702970297029703,1.0
O76024,control,0.9182377777777778,0.20858814102564102,1.0,0.08333333333333333
Q92793,disease,0.8784484756097559,0.7708948955916473,1.0,0.8631090487238979
P41180,disease,0.9144629629629629,0.8668210256410257,1.0,1.0
P41180,control,0.78540625,0.8680654639175257,0.96875,1.0
Q92793,disease,0.8783283076923075,0.7720058411214953,1.0,0.8621495327102804
Q92794,disease,0.86363875,0.89680904159132,1.0,1.0
Q09472,disease,0.8652787500000001,0.7849879432624113,1.0,0.8747044917257684
Q04721,disease,0.8195744186046511,0.846244827586207,1.0,1.0
O14497,disease,0.7289313725490196,0.09353651452282156,1.0,0.004149377593360996
Q12879,disease,0.8473153846153847,0.8366685823754789,1.0,1.0
Q01974,control,0.82175,0.8490530973451329,1.0,1.0
Q92793,disease,0.7723129032258065,0.7611585607940446,1.0,0.8461538461538461
Q92794,disease,0.8460491228070176,0.8983520754716982,1.0,1.0
Q92793,disease,0.8837056666666666,0.7611585607940446,1.0,0.8461538461538461
Q92793,disease,0.7663656249999999,0.7619304239401495,1.0,0.8478802992518704
P15924,disease,0.7776339622641507,0.25147855113636364,1.0,0.2002840909090909
O76024,disease,0.6365863157894737,0.19004254545454546,0.6631578947368421,0.10181818181818182
Q92793,disease,0.8824076411960132,0.7629712121212122,1.0,0.8459595959595959
O14497,disease,0.8173428571428573,0.12589444444444448,1.0,0.023148148148148147
P15924,disease,0.7460604166666668,0.2481065714285714,1.0,0.1957142857142857
Q01974,control,0.8279037735849059,0.8533805825242722,1.0,1.0
Q8IZD2,control,0.6033725,0.8378686170212766,0.875,1.0
P15924,disease,0.75853,0.2501683526011561,1.0,0.19508670520231214
P35499,control,0.7863750000000002,0.8612771929824562,1.0,1.0
O76024,control,0.7105109756097561,0.16614656488549617,0.8292682926829268,0.06870229007633588
Q8WYB5,disease,0.7296396226415094,0.8952960251046025,1.0,1.0
Q8IZD2,control,0.6916176470588236,0.8357307692307693,1.0,1.0
Q8IZD2,control,0.7159305555555556,0.8405928176795581,1.0,1.0
Q8IZD2,control,0.6020764705882354,0.8405928176795581,0.7941176470588235,1.0
Q8IZD2,control,0.6036588235294118,0.8405928176795581,0.8529411764705882,1.0
Q8IZD2,control,0.6250363636363636,0.8412233333333334,1.0,1.0
Q8IZD2,control,0.5964363636363637,0.8412233333333334,0.7878787878787878,1.0
Q8IZD2,control,0.6129787878787878,0.8412233333333334,0.8787878787878788,1.0
Q8IZD2,control,0.6195727272727272,0.8412233333333334,0.9696969696969697,1.0
Q8IZD2,control,0.7175787878787878,0.8412233333333334,1.0,1.0
Q12879,disease,0.8673224489795918,0.8047269565217391,1.0,1.0
Q8IZD2,disease,0.598934375,0.8412233333333334,0.8125,1.0
Q8IZD2,control,0.597940625,0.8419145251396648,0.84375,1.0
Q09472,disease,0.8581305555555555,0.7662812664907652,1.0,0.8469656992084432
Q8IZD2,control,0.6365033333333333,0.8426724719101124,1.0,1.0
Q8IZD2,control,0.6365033333333333,0.8435022598870056,1.0,1.0
P15924,disease,0.532248275862069,0.2568260233918128,0.5862068965517241,0.19883040935672514
O76024,control,0.6553186666666666,0.16558858267716536,0.7466666666666667,0.05511811023622047
Q8IZD2,control,0.7705879999999999,0.844578857142857,1.0,1.0
P15924,control,0.6190814814814815,0.25850747800586515,0.7407407407407407,0.19941348973607037
P15924,disease,0.75395,0.25850747800586515,1.0,0.19941348973607037
Q8IZD2,control,0.7073375000000001,0.846132183908046,1.0,1.0
Q8IZD2,control,0.6193718749999999,0.846132183908046,1.0,1.0
Q8IZD2,control,0.7188035714285714,0.846132183908046,1.0,1.0
Q8IZD2,control,0.7449296296296297,0.846132183908046,1.0,1.0
Q8IZD2,control,0.6610157894736842,0.846132183908046,1.0,1.0
Q8IZD2,control,0.648945945945946,0.846132183908046,1.0,1.0
Q92793,disease,0.8821640000000001,0.7650981382978723,1.0,0.8537234042553191
Q92793,disease,0.8801130111524162,0.7650981382978723,1.0,0.8537234042553191
Q09472,disease,0.8863846153846155,0.7674072192513369,1.0,0.8475935828877005
Q8WYB5,disease,0.7437976744186047,0.8941886752136753,1.0,1.0
O76024,control,0.6459271428571428,0.22920880000000002,0.7285714285714285,0.112
Q12879,control,0.8412153846153845,0.8126527272727272,1.0,1.0
P15924,disease,0.8154600000000001,0.2654500738552437,1.0,0.21861152141802068
Q12879,control,0.8521030303030303,0.8231406542056076,1.0,1.0
O76024,disease,0.7156516666666666,0.19020165975103734,0.8333333333333334,0.07053941908713693
Q92793,disease,0.8768418604651163,0.7735635359116023,1.0,0.8591160220994475
Q8WYB5,disease,0.7122821428571428,0.8900467991169978,0.9642857142857143,1.0
P35499,control,0.7821551724137928,0.8102379310344826,1.0,1.0
O76024,control,0.7567078431372548,0.1985182608695652,1.0,0.08260869565217391
O76024,disease,0.7764195652173914,0.21400264317180617,1.0,0.08370044052863436
O76024,control,0.8198409090909091,0.21413938053097345,1.0,0.08849557522123894
Q8WYB5,disease,0.7652846153846155,0.8911692660550459,0.9615384615384616,1.0
P04114,control,0.38769428571428577,0.07985609756097563,0.11428571428571428,0.008130081300813009
O76024,disease,0.8569486486486486,0.22378669724770642,1.0,0.0963302752293578
O76024,disease,0.8607971428571429,0.22620279069767443,1.0,0.09302325581395349
P15924,disease,0.5557692307692308,0.260174375,0.5769230769230769,0.2140625
Q13224,disease,0.8527547619047621,0.812406862745098,1.0,1.0
P08514,control,0.8345368932038834,0.229675,0.941747572815534,0.1388888888888889
Q92793,control,0.852884,0.7995546296296296,1.0,0.9012345679012346
Q92793,control,0.8719580357142858,0.7984046439628482,1.0,0.9009287925696594
Q13224,control,0.8783542857142858,0.806192385786802,1.0,1.0
Q13224,control,0.8629821428571428,0.806192385786802,1.0,1.0
Q13224,control,0.8797387096774191,0.8097574358974358,1.0,1.0
Q15149,control,0.9311149425287357,0.1842017230769231,1.0,0.11938461538461538
Q09472,disease,0.8897186274509804,0.8329380952380953,1.0,0.9555555555555556
Q09472,control,0.8849271028037382,0.8349798722044729,1.0,0.9584664536741214
Q15149,disease,0.9334397590361444,0.18618655151141272,1.0,0.12091301665638494
Q92794,disease,0.6941774999999999,0.8937,0.75,1.0
Q09472,disease,0.831196,0.8332491856677524,1.0,0.9543973941368078
Q15149,control,0.9309519480519481,0.1872017956656347,1.0,0.12260061919504645
Q92794,control,0.7422072463768115,0.8912635730858468,0.7971014492753623,1.0
P41180,control,0.8842368421052633,0.8530840579710145,1.0,1.0
Q13224,disease,0.8519942857142857,0.8102743016759776,1.0,1.0
Q15149,control,0.8782033333333332,0.18855015595757954,1.0,0.12351840299438553
Q15149,disease,0.9254864864864866,0.18855015595757954,1.0,0.12351840299438553
O76024,control,0.846529411764706,0.2996422619047619,1.0,0.19047619047619047
P08514,control,0.8895087719298247,0.259810447761194,1.0,0.26865671641791045
Q92793,disease,0.8716835227272728,0.7770289752650177,1.0,0.8833922261484098
O76024,disease,0.9077056910569106,0.32742662337662337,1.0,0.2012987012987013
Q12879,control,0.8540654545454547,0.8372870967741934,1.0,1.0
O76024,disease,0.9076573643410852,0.31870728476821186,1.0,0.18543046357615894
Q8WYB5,disease,0.7915228070175439,0.8762100558659216,1.0,1.0
Q8WYB5,disease,0.8027862745098039,0.8748034188034187,1.0,1.0
P15924,disease,0.8057617647058822,0.29921019677996424,1.0,0.24150268336314848
P15924,disease,0.7228,0.29921019677996424,1.0,0.24150268336314848
O76024,disease,0.8957927083333334,0.3031484126984127,1.0,0.16666666666666666
Q8WYB5,control,0.6954011627906976,0.8682926470588234,0.8837209302325582,1.0
Q8WYB5,disease,0.8531324999999998,0.8737756676557864,1.0,1.0
O76024,control,0.908725,0.3421076271186441,1.0,0.22033898305084745
Q92793,control,0.881797794117647,0.8151527196652718,1.0,0.9288702928870293
Q92793,control,0.893992857142857,0.8151527196652718,1.0,0.9288702928870293
Q13224,control,0.8901846153846156,0.703171568627451,1.0,1.0
O76024,control,0.9163557142857144,0.2826277227722772,1.0,0.09900990099009901
Q15149,control,0.8783039999999998,0.19067374265186152,1.0,0.1286740692357936
Q13224,disease,0.8214651515151515,0.7404499999999998,1.0,1.0
Q92794,disease,0.8814652173913042,0.883843023255814,1.0,1.0
O14497,disease,0.32540399999999997,0.422725,0.12,0.2222222222222222
P56715,control,0.571328125,0.7329306259314456,0.90625,0.7511177347242921
P56715,disease,0.7393379310344826,0.7311075429424945,1.0,0.7438386855862584
P56715,control,0.7535785714285714,0.7336644992526159,1.0,0.7466367713004485
P56715,disease,0.7305285714285714,0.7336644992526159,1.0,0.7466367713004485
O76024,control,0.8977714285714284,0.43960506329113924,1.0,0.13924050632911392
Q15149,control,0.8766111111111111,0.19204340622929092,1.0,0.1272365805168986
Q13224,control,0.8814235294117648,0.7310169014084507,1.0,1.0
Q13224,disease,0.8680548387096774,0.7512838235294118,1.0,1.0
Q15149,control,0.8969529411764706,0.19948630872483222,1.0,0.13691275167785236
Q09472,control,0.7945285714285714,0.8256664739884394,1.0,0.9421965317919075
Q92793,control,0.8868128571428571,0.7915959537572255,1.0,0.884393063583815
Q09472,disease,0.8950037037037036,0.8266684523809524,1.0,0.9404761904761905
P15924,disease,0.5443307692307693,0.385661914893617,0.5384615384615384,0.3382978723404255
P15924,disease,0.5443307692307693,0.38601108742004264,0.5384615384615384,0.3368869936034115
Q09472,disease,0.8994249999999998,0.8703179999999999,1.0,1.0
Q09472,disease,0.8395083333333333,0.875760447761194,1.0,1.0
Q15149,control,0.8666661016949152,0.2044850311850312,1.0,0.14760914760914762
Q92794,disease,0.8211846153846154,0.8724239382239383,1.0,1.0
Q15149,control,0.8899297872340425,0.21306473058082578,1.0,0.16794961511546536
Q09472,disease,0.8123833333333333,0.8825589285714285,1.0,1.0
Q15149,control,0.8858973684210524,0.21560338028169013,1.0,0.16338028169014085
Q09472,disease,0.8050847826086955,0.886229090909091,1.0,1.0
Q09472,control,0.8050847826086955,0.8847963302752295,1.0,1.0
O60281,disease,0.5872133333333333,0.7789998826979472,0.9,0.795307917888563
Q09472,disease,0.7974777777777776,0.8790505494505495,1.0,1.0
Q09472,disease,0.7919166666666667,0.8688235294117648,1.0,1.0
Q15149,disease,0.8334209302325581,0.1843116176470588,1.0,0.12573529411764706
Q09472,disease,0.6772583333333332,0.8628204081632652,0.8333333333333334,1.0
Q09472,disease,0.6602114285714286,0.8716125,0.8,1.0
P15924,disease,0.5762210526315791,0.4377783475783475,0.6842105263157895,0.41595441595441596
P15924,disease,0.6411083333333332,0.4328180515759313,0.75,0.41260744985673353
P15924,disease,0.6895342857142859,0.4239635057471265,0.9714285714285714,0.3879310344827586
Q92794,disease,0.7410574999999999,0.8685291666666667,1.0,1.0
P56715,disease,0.6230230769230769,0.6975613481228669,1.0,0.7081911262798635
Q8WYB5,disease,0.7888850000000001,0.8701907692307692,1.0,1.0
Q92794,disease,0.6999829268292683,0.8729671052631579,1.0,1.0
Q15149,control,0.8644371428571429,0.17904054054054053,1.0,0.12012012012012012
Q92794,disease,0.68811,0.8726959459459459,1.0,1.0
Q15149,disease,0.9138147540983607,0.1814313874147081,1.0,0.12736921910538287
Q8WYB5,control,0.756188888888889,0.8542731182795698,1.0,1.0
Q8WYB5,control,0.7261836363636364,0.853370588235294,1.0,1.0
P15924,disease,0.6887533333333334,0.32964532374100713,1.0,0.3129496402877698
Q15149,disease,0.9147690265486726,0.18096114151681,1.0,0.12431587177482409
Q15149,control,0.8640403508771929,0.18258064263322882,1.0,0.12695924764890282
Q15149,control,0.911606862745098,0.18103976377952757,1.0,0.12440944881889764
P15924,disease,0.8094133333333333,0.31757094339622643,1.0,0.28679245283018867
Q15149,disease,0.8962999999999999,0.183626935483871,1.0,0.12983870967741937
P20908,disease,0.8376462962962963,0.14068103448275862,1.0,0.034482758620689655
P15924,disease,0.8610179487179486,0.32264761904761896,1.0,0.29004329004329005
Q15149,disease,0.8821241379310344,0.18414608482871123,1.0,0.12805872756933115
P15924,control,0.8449999999999999,0.359295045045045,1.0,0.3153153153153153
P20908,disease,0.8427687500000001,0.17102,1.0,0.010526315789473684
Q15149,control,0.8947822222222219,0.18540890354492995,1.0,0.1302555647155812
Q15149,control,0.890879069767442,0.18423052805280526,1.0,0.12953795379537955
Q15149,control,0.890879069767442,0.1843089182493807,1.0,0.12881915772089184
P15924,disease,0.8716666666666668,0.3935696335078534,1.0,0.3769633507853403
P20908,disease,0.8420552631578948,0.3289241379310344,1.0,0.034482758620689655
P20908,disease,0.842225,0.4837,1.0,0.25
Q15149,control,0.8950793103448276,0.18837448453608246,1.0,0.13402061855670103
P15924,disease,0.8092599999999999,0.4209350318471337,1.0,0.42038216560509556
P15924,disease,0.8361307692307693,0.4361797385620915,1.0,0.43790849673202614
P56715,disease,0.5754767441860466,0.6713772727272728,0.7441860465116279,0.6902748414376322
P56715,control,0.5208166666666667,0.670628783068783,0.47619047619047616,0.68994708994709
P56715,disease,0.56854,0.6592118406889128,0.44,0.6846071044133477
O60281,disease,0.35162421052631576,0.719132137733142,0.3684210526315789,0.7410329985652798
Q15149,control,0.8797230769230768,0.2028988990825688,1.0,0.14587155963302753
P56715,disease,0.234662962962963,0.6750719416386083,0.2222222222222222,0.691358024691358
P15924,control,0.805741935483871,0.9037345454545455,1.0,1.0
P15924,control,0.8106964285714285,0.8984765957446809,1.0,1.0
P15924,control,0.769284,0.8984765957446809,1.0,1.0
O60281,disease,0.4159222222222222,0.7078978348035285,0.2,0.7089013632718525
O60281,control,0.8449639999999999,0.6922674728940784,1.0,0.6914095079232694
Q7Z333,control,0.877595081967213,0.8414933333333333,1.0,1.0
Q7Z333,control,0.872710606060606,0.8677272727272727,1.0,1.0
Q15149,control,0.8662281690140845,0.24602340425531913,1.0,0.19281914893617022
P56715,control,0.7886878787878788,0.5183684763572679,1.0,0.5341506129597198
P56715,disease,0.80275,0.5065078571428572,1.0,0.525
Q15149,control,0.9141927536231884,0.2663931880108992,1.0,0.22070844686648503
Q15149,control,0.9092774193548389,0.27392022008253103,1.0,0.2297111416781293
P56715,disease,0.48393906249999996,0.497051953125,0.40625,0.51171875
P56715,disease,0.5916808510638297,0.48914781746031744,0.6808510638297872,0.503968253968254
P56715,disease,0.6511055555555554,0.4678630165289256,1.0,0.4834710743801653
P56715,control,0.668096,0.45544820295983085,0.92,0.4714587737843552
Q15149,control,0.8443318181818181,0.30027862068965516,1.0,0.25517241379310346
P56715,control,0.5869795918367346,0.38304887780548635,0.6530612244897959,0.3740648379052369
P56715,control,0.702172,0.3299991978609626,1.0,0.31283422459893045
P56715,disease,0.40967249999999994,0.15174323432343234,0.25,0.066006600660066
P56715,disease,0.41014878048780495,0.14465298013245034,0.24390243902439024,0.06291390728476821
P56715,disease,0.41031142857142855,0.13004309764309763,0.22857142857142856,0.050505050505050504
P56715,control,0.46133636363636366,0.13511627118644068,0.36363636363636365,0.05084745762711865
O60281,disease,0.5573410714285714,0.5823256923076924,0.5178571428571429,0.5846153846153846
O60281,disease,0.5516,0.5811859784283513,0.509090909090909,0.5839753466872111
O60281,disease,0.44733902439024387,0.5732308661417322,0.34146341463414637,0.5748031496062992
Q15149,control,0.9175110236220472,0.38123421926910295,1.0,0.37209302325581395
Q15149,control,0.9142258620689655,0.36593724137931033,1.0,0.35172413793103446
Q15149,control,0.9132817391304348,0.36593724137931033,1.0,0.35172413793103446
Q15149,control,0.871925,0.41119758454106276,1.0,0.3864734299516908
Q15149,control,0.8584340425531916,0.5054059880239522,1.0,0.48502994011976047
O60281,control,0.844774074074074,0.6438108747044917,1.0,0.6832151300236406
