gene,Group,degree,tau
APOB,Frameshift,780,0.9704626348087624
ARID1A,Frameshift,498,0.6004483262813832
AUTS2,Frameshift,184,0.6768557349672472
BARD1,Frameshift,646,0.8315869733659963
BCL11B,Frameshift,274,0.8928316712782485
BPTF,Frameshift,978,0.6207705677950959
BRCA1,Frameshift,1650,0.91741549838723
CACNA1A,Frameshift,544,0.9763424528844012
CAPN3,Frameshift,190,0.8876214848675705
CASR,Frameshift,334,0.9777185826565262
CELF2,Frameshift,144,0.7401038850936863
CFTR,Frameshift,948,0.9355332694426448
CLCN1,Frameshift,218,0.9856117524179188
COL12A1,Frameshift,228,0.9271612844620226
COL2A1,Frameshift,388,0.9563499210426892
COL3A1,Frameshift,464,0.894625379304126
COL5A1,Frameshift,356,0.8905803158853768
COMP,Frameshift,212,0.9813115249061096
CPT2,Frameshift,326,0.7075024711329804
CRB1,Frameshift,338,0.9020711773057192
CREBBP,Frameshift,1466,0.594436502706408
CXCR4,Frameshift,1044,0.967737385144853
DAGLA,Frameshift,68,0.8160488804590796
DCHS1,Frameshift,118,0.8374475437136266
DDR2,Frameshift,128,0.7922166749057349
DES,Frameshift,154,0.8928008969205824
DPF2,Frameshift,132,0.571479758071451
DSP,Frameshift,226,0.9590385335513152
DVL3,Frameshift,408,0.5295510725536215
DYNC1H1,Frameshift,414,0.6844755898207976
EFTUD2,Frameshift,1288,0.6765222793689658
ELANE,Frameshift,338,0.9736777844652372
EP300,Frameshift,2018,0.5209494404626289
ERCC6,Frameshift,330,0.6205621890486333
EYA1,Frameshift,300,0.9375562974647424
EZH2,Frameshift,1340,0.9128457043769592
FBN1,Frameshift,312,0.9493102721776132
FBXO11,Frameshift,154,0.65086524588822
FGA,Frameshift,516,0.982716950448546
FH,Frameshift,588,0.5949981474346508
FLG,Frameshift,252,0.9912221042724564
FLNC,Frameshift,342,0.9498199602166604
FOXN1,Frameshift,102,0.9736860766531804
FTL,Frameshift,178,0.7090582473661106
FUS,Frameshift,630,0.6151776549536552
FZD4,Frameshift,330,0.86091433379214
GATA2,Frameshift,560,0.8780178699799012
GCK,Frameshift,464,0.951385295722211
GLI2,Frameshift,528,0.8800969758184566
GNAS,Frameshift,764,0.8320727691828096
GRIN2A,Frameshift,570,0.9286587280199028
GRIN2B,Frameshift,698,0.9274721924309433
GRM1,Frameshift,408,0.9756577145624612
HCN2,Frameshift,76,0.8784068394974648
HIVEP2,Frameshift,124,0.7523448132657088
HNRNPU,Frameshift,620,0.5687292636923613
HSPB1,Frameshift,474,0.8312148087500822
IL6ST,Frameshift,298,0.7532002816137142
ITGA2B,Frameshift,710,0.9435318624839054
JAG1,Frameshift,522,0.8457279802027199
KAT6A,Frameshift,448,0.5678416140993691
KAT6B,Frameshift,340,0.5713806295100274
KCNQ2,Frameshift,552,0.948563858724806
KIDINS220,Frameshift,118,0.7071383143550191
KMT2E,Frameshift,372,0.5423151165194247
LRSAM1,Frameshift,146,0.5566000298783976
MLH1,Frameshift,616,0.6354870314628441
MN1,Frameshift,100,0.8721329490177867
MNX1,Frameshift,108,0.9148373273483748
MPL,Frameshift,272,0.7394531216192701
MSH6,Frameshift,606,0.7651806104123176
MYH7,Frameshift,362,0.985294463525198
MYH9,Frameshift,550,0.8573064288659175
MYO6,Frameshift,438,0.5049157520381585
NIPBL,Frameshift,430,0.5265020738937766
NKX2-1,Frameshift,398,0.9955389723993988
NKX2-5,Frameshift,468,0.9787873294916508
NOTCH2,Frameshift,440,0.7674102569528441
NOTCH3,Frameshift,432,0.9047012979954216
NSD2,Frameshift,444,0.7912111150821501
PALB2,Frameshift,322,0.6796325601372778
PHOX2B,Frameshift,124,0.9717612151148916
PIEZO1,Frameshift,106,0.673896139562525
PKD1,Frameshift,240,0.9242172827354568
PLCB4,Frameshift,358,0.8705532392301369
PLEC,Frameshift,738,0.7337288861791247
POLG,Frameshift,312,0.5335083541311676
PPM1D,Frameshift,166,0.7148485484336485
PPP3CA,Frameshift,440,0.8393203343650053
PRPH2,Frameshift,254,0.7929612758205871
RASA1,Frameshift,428,0.6821540195958068
RDH12,Frameshift,220,0.9673375360746804
ROR2,Frameshift,146,0.8446723439964896
RORB,Frameshift,164,0.9311695754606326
RP1,Frameshift,50,0.9364700560324624
RPE65,Frameshift,266,0.974239965344657
SATB1,Frameshift,142,0.5996451396181364
SCN3A,Frameshift,176,0.8522214952469623
SCN4A,Frameshift,256,0.9789245349074186
SCN5A,Frameshift,438,0.9715692145249114
SDHB,Frameshift,702,0.5619069041090546
SDHD,Frameshift,400,0.4668467567376388
SEMA6B,Frameshift,154,0.8007248017405875
SERPING1,Frameshift,214,0.7407554303483027
SETX,Frameshift,424,0.6717552867031983
SHH,Frameshift,1062,0.9425357755041625
SLC3A1,Frameshift,176,0.931751768385486
SLC40A1,Frameshift,170,0.8875359224518539
SLC4A1,Frameshift,210,0.9879259378925008
SOX9,Frameshift,844,0.8534654901611185
SPRED1,Frameshift,236,0.6858111435729681
STUB1,Frameshift,626,0.4421773571768123
TBR1,Frameshift,276,0.98212601984291
TBX3,Frameshift,300,0.915208548328226
TCAP,Frameshift,296,0.980989365563416
TEK,Frameshift,458,0.8477730580892597
TGFB3,Frameshift,458,0.8063049404826003
TGFBR2,Frameshift,478,0.7609918217400896
THRA,Frameshift,228,0.751745113796535
TRPC6,Frameshift,256,0.9039665263211608
TRPS1,Frameshift,102,0.787462777923306
VHL,Frameshift,358,0.7133568531639026
WFS1,Frameshift,234,0.7363510045039251
WNT1,Frameshift,684,0.917792415750198
WNT10A,Frameshift,208,0.976957797811235
ZFHX3,Frameshift,126,0.8582261788344843
ZIC2,Frameshift,158,0.984459065131592
ZNF148,Frameshift,84,0.5610893420599934
ZNF292,Frameshift,76,0.752052123336505
RYR2,FS Control,478,0.941193915922766
CACNA1E,FS Control,262,0.9359309790534804
PDE10A,FS Control,272,0.8731204141881005
MPO,FS Control,548,0.9661233035862046
KCNQ3,FS Control,396,0.9037093330509018
NF1,FS Control,748,0.5800727563272441
ARFGEF1,FS Control,228,0.5768757186857426
FLNB,FS Control,202,0.7722366277994653
IMPG1,FS Control,96,0.891872680829971
POLD1,FS Control,706,0.8438711530782794
CYP19A1,FS Control,372,0.9587499958125606
SYCP2,FS Control,230,0.9508749217731408
CTNNA1,FS Control,512,0.6299639500016848
MTOR,FS Control,1370,0.6280684428711042
DCC,FS Control,234,0.9590051141607916
COL5A2,FS Control,312,0.9133959123308824
CAMTA1,FS Control,96,0.8400609688681914
KCNC3,FS Control,338,0.92681521529549
NEXN,FS Control,170,0.8550850044803394
ZMYM2,FS Control,190,0.6485670270087389
CHD3,FS Control,602,0.7008075854548422
SLC30A2,FS Control,84,0.963456080376294
KCNQ5,FS Control,354,0.9280102449234322
TRIO,FS Control,98,0.71467396969493735
VPS16,FS Control,268,0.5072398982180387
CETP,FS Control,214,0.963696335967254
CSNK2A1,FS Control,600,0.6168635231606572
SPTAN1,FS Control,452,0.7606006891450411
SIK1,FS Control,88,0.9130715051158048
TRRAP,FS Control,748,0.5973379037688377
AARS1,FS Control,384,0.6463808975232056
SLC25A4,FS Control,332,0.9119702515218658
WNK1,FS Control,156,0.7423469928178777
ADCY10,FS Control,424,0.98790132340688
F12,FS Control,190,0.9734038037514972
STAT1,FS Control,1206,0.9391099743030884
DMXL2,FS Control,144,0.6657244097101369
DHTKD1,FS Control,250,0.7527676414477198
TBX6,FS Control,184,0.8187771501646048
YAP1,FS Control,686,0.7695942845317276
POLE,FS Control,696,0.8390618106725203
ATR,FS Control,822,0.613141513226214
SCNN1G,FS Control,218,0.9155819705385908
TNNI3,FS Control,390,0.9925642285090464
NEFL,FS Control,382,0.9600801878426648
PSAP,FS Control,154,0.5368937038814113
CREB3L3,FS Control,212,0.9591506680529432
TFAP2B,FS Control,198,0.938796170879646
ARHGAP31,FS Control,64,0.7426895781741957
CASQ1,FS Control,128,0.9960368515246372
INSR,FS Control,560,0.7713804557270685
CPSF1,FS Control,410,0.6924566211686898
MYOCD,FS Control,196,0.8590340558835756
CTNNA3,FS Control,162,0.9568616740975175
ABCA1,FS Control,458,0.7919175278669509
GARS1,FS Control,410,0.8522903364082743
CSNK2B,FS Control,394,0.6622320857855554
HCN1,FS Control,54,0.9364509174669176
ATP1A1,FS Control,254,0.7186263125831132
EGFR,FS Control,2624,0.7860979497228963
CDC42BPB,FS Control,84,0.4627554459864947
CHD5,FS Control,112,0.9210802908021392
DSC2,FS Control,128,0.9557419418639144
CUX2,FS Control,182,0.9264334580453498
ADGRL1,FS Control,110,0.8607904093722077
SKI,FS Control,94,0.7975273341278701
LDB3,FS Control,418,0.9490717689443576
SH3TC2,FS Control,114,0.9298560618788096
SF3B4,FS Control,398,0.5425259479436714
KLHL24,FS Control,160,0.5270409086893303
FLT4,FS Control,428,0.8664605696491532
MYH2,FS Control,254,0.9998213793525836
MYH11,FS Control,472,0.915418239449379
ERBB4,FS Control,658,0.8075523181417986
FBN2,FS Control,202,0.9953463622648822
GLUL,FS Control,420,0.789101522902184
HOXA2,FS Control,108,0.7753015293034766
CACNA1D,FS Control,464,0.9161973998514258
MED13,FS Control,256,0.514832917225933
MYPN,FS Control,154,0.99174554934157
PUM1,FS Control,452,0.4895007761554327
FASLG,FS Control,494,0.9449899706318357
MAP1B,FS Control,326,0.8454990040639155
KMT2A,FS Control,632,0.6591032370191089
POLRMT,FS Control,246,0.7224825244165622
SYNE2,FS Control,268,0.7076525167450223
IMPG2,FS Control,168,0.750978630850624
MSTO1,FS Control,88,0.7741421596276721
PLIN1,FS Control,302,0.9805693984991526
NODAL,FS Control,172,0.7607216373410923
DNA2,FS Control,528,0.8826307710855908
RLBP1,FS Control,204,0.8931406858812652
GABBR2,FS Control,332,0.9416148260621068
PAX8,FS Control,254,0.9924889118662432
C3,FS Control,448,0.9434586957535516
RORA,FS Control,248,0.8981794762514839
CDH11,FS Control,200,0.9080062058924422
SETD1A,FS Control,706,0.6912896189843886
ERBB3,FS Control,586,0.8192246503333914
CDK13,FS Control,248,0.5472628635624418
KCTD17,FS Control,108,0.8001752755813555
GMNN,FS Control,554,0.6975956328144931
CSF3R,FS Control,394,0.9937180905359724
SLC16A1,FS Control,134,0.7811258805278336
ABCA4,FS Control,262,0.9778255438618813
TBXT,FS Control,154,0.9829331356752912
SCNN1A,FS Control,258,0.8472011505360311
RTN2,FS Control,180,0.891645440188386
HK1,FS Control,342,0.6352432227611439
ATL1,FS Control,146,0.8181169455204068
RHAG,FS Control,126,0.9262653144926302
GNB1,FS Control,1576,0.5526832814011332
MEFV,FS Control,264,0.9882590289608356
COL9A2,FS Control,230,0.908726868681514
ATP6V0C,FS Control,334,0.6166094162986767
SREBF1,FS Control,704,0.8257534475339722
TGFB1,FS Control,802,0.860020748411355
PRODH,FS Control,166,0.7844111238103206
ZP3,FS Control,154,0.5715973254412519
PDE11A,FS Control,216,0.9054636371523362
SCAF4,FS Control,170,0.5738164907515313
RBP4,FS Control,194,0.9634833948847792
TRIM71,FS Control,104,0.9885333410281048
GNAO1,FS Control,614,0.8197281222175168
LHX4,FS Control,150,0.709209872880613
RANBP2,FS Control,622,0.4753468046403588
MEF2C,FS Control,542,0.8346228482920252
ZNF408,FS Control,90,0.43245490273955733
CACNA1C,FS Control,682,0.8517174488516359
ACVRL1,Stopgain,198,0.8721524343396578
AGO2,Stopgain,862,0.5346156836887342
ARID1A,Stopgain,498,0.6004483262813832
BARD1,Stopgain,646,0.8315869733659963
BRCA1,Stopgain,1650,0.91741549838723
C1S,Stopgain,192,0.7910954517315001
CASR,Stopgain,334,0.9777185826565262
CCND2,Stopgain,426,0.78065303578139
CFH,Stopgain,250,0.8783034321887986
CFTR,Stopgain,948,0.9355332694426448
CNNM2,Stopgain,116,0.7000774886799882
CRB1,Stopgain,338,0.9020711773057192
CREBBP,Stopgain,1466,0.594436502706408
DSP,Stopgain,226,0.9590385335513152
EDAR,Stopgain,108,0.9382672879321612
EP300,Stopgain,2018,0.5209494404626289
EPOR,Stopgain,376,0.9294577335768076
EVC2,Stopgain,192,0.7677405101136625
F2,Stopgain,660,0.9744995434478384
FBN1,Stopgain,312,0.9493102721776132
FBXO11,Stopgain,154,0.65086524588822
FH,Stopgain,588,0.5949981474346508
FLG,Stopgain,252,0.9912221042724564
FLNC,Stopgain,342,0.9498199602166604
GLI2,Stopgain,528,0.8800969758184566
GRIN2B,Stopgain,698,0.9274721924309433
HIVEP2,Stopgain,124,0.7523448132657088
HNRNPR,Stopgain,636,0.6370409941458062
KAT6A,Stopgain,448,0.5678416140993691
KAT6B,Stopgain,340,0.5713806295100274
KCNB1,Stopgain,374,0.8574474877154706
KIF21A,Stopgain,208,0.7879188377771896
LGI1,Stopgain,192,0.8947602205259692
LRSAM1,Stopgain,146,0.5566000298783976
MFN2,Stopgain,474,0.6268529717719417
MLH1,Stopgain,616,0.6354870314628441
MN1,Stopgain,100,0.8721329490177867
MSH6,Stopgain,606,0.7651806104123176
MYH9,Stopgain,550,0.8573064288659175
NAGLU,Stopgain,110,0.5631310375625141
NARS1,Stopgain,190,0.6189661366680377
NKX2-1,Stopgain,398,0.9955389723993988
NKX2-5,Stopgain,468,0.9787873294916508
NOTCH2,Stopgain,440,0.7674102569528441
NOTCH3,Stopgain,432,0.9047012979954216
NR3C2,Stopgain,270,0.6694615361391223
NSD1,Stopgain,336,0.5495405092925908
ODC1,Stopgain,280,0.8436349397402233
OPLAH,Stopgain,158,0.8921636721969244
PALB2,Stopgain,322,0.6796325601372778
PKD1,Stopgain,240,0.9242172827354568
PLEC,Stopgain,738,0.7337288861791247
POGZ,Stopgain,156,0.6674179398368835
PPM1D,Stopgain,166,0.7148485484336485
PPOX,Stopgain,144,0.5839875954321798
PRPF8,Stopgain,868,0.5767270661411025
RARB,Stopgain,294,0.75892009480569
RASA1,Stopgain,428,0.6821540195958068
RHO,Stopgain,600,0.9013891977816106
RP1,Stopgain,50,0.9364700560324624
RP1L1,Stopgain,158,0.8848155512341326
SATB1,Stopgain,142,0.5996451396181364
SCN5A,Stopgain,438,0.9715692145249114
SEMA6B,Stopgain,154,0.8007248017405875
SERPING1,Stopgain,214,0.7407554303483027
SLC3A1,Stopgain,176,0.931751768385486
SLC4A1,Stopgain,210,0.9879259378925008
SLCO2A1,Stopgain,96,0.8997501104582705
SMARCD1,Stopgain,334,0.5342432320363005
SNAP25,Stopgain,960,0.9625163463891326
SPR,Stopgain,126,0.6811182406696292
STXBP1,Stopgain,606,0.9155788419601012
TEK,Stopgain,458,0.8477730580892597
TGFB3,Stopgain,458,0.8063049404826003
TGFBR2,Stopgain,478,0.7609918217400896
TP63,Stopgain,272,0.9576900220681968
TRPC6,Stopgain,256,0.9039665263211608
TRPS1,Stopgain,102,0.787462777923306
TSHR,Stopgain,198,0.999227731312736
VHL,Stopgain,358,0.7133568531639026
WFS1,Stopgain,234,0.7363510045039251
WNT1,Stopgain,684,0.917792415750198
YY1,Stopgain,768,0.5484784343242203
ZEB2,Stopgain,266,0.8361655577567586
ZIC1,Stopgain,238,0.98569277013344
ZNF148,Stopgain,84,0.5610893420599934
ZNF292,Stopgain,76,0.752052123336505
CDK19,Stopgain Control,204,0.6852457325981107
ABCB6,Stopgain Control,148,0.6507561833416963
PHIP,Stopgain Control,150,0.5597647239056899
SOX5,Stopgain Control,202,0.8535675243990369
LAMA4,Stopgain Control,236,0.8910751390661842
TRAF3,Stopgain Control,516,0.8370313732543891
LGR4,Stopgain Control,116,0.5759774902295534
TMEM106B,Stopgain Control,114,0.5280650738785766
JARID2,Stopgain Control,344,0.7646323282326064
MAP3K1,Stopgain Control,398,0.8111166390029547
TLR3,Stopgain Control,600,0.6158861871053632
MET,Stopgain Control,742,0.7322253450133402
CACNA1G,Stopgain Control,326,0.9453941108125308
CACNA1H,Stopgain Control,322,0.832502679509881
TNFRSF1A,Stopgain Control,672,0.5363170425527397
SCN10A,Stopgain Control,260,0.9907693921177754
IFNGR1,Stopgain Control,358,0.718318127045682
KDR,Stopgain Control,974,0.8355478044950715
LBR,Stopgain Control,280,0.7273907065278431
VWF,Stopgain Control,814,0.8454097179323949
PACS2,Stopgain Control,144,0.815147561564439
LYN,Stopgain Control,770,0.9309519040860476
SAMD9,Stopgain Control,122,0.8845845971973367
ITPR3,Stopgain Control,514,0.7900267519883978
ABL1,Stopgain Control,872,0.6784956845834528
HCN4,Stopgain Control,234,0.9827603572532154
ZNF462,Stopgain Control,82,0.6580481435193989
CACNB2,Stopgain Control,364,0.7885477620570872
GRIN2D,Stopgain Control,266,0.8490539626435935
TET3,Stopgain Control,110,0.8287882926620438
FAM111B,Stopgain Control,68,0.9886585146354432
NEFH,Stopgain Control,242,0.9461437918463654
IKZF1,Stopgain Control,562,0.9471263327068922
HDC,Stopgain Control,134,0.8589562499865371
IRF2BP2,Stopgain Control,68,0.6093472439800947
ZCCHC8,Stopgain Control,140,0.5423723192593988
ZNF644,Stopgain Control,118,0.5729791110525391
ABCC11,Stopgain Control,36,0.960233352565142
DICER1,Stopgain Control,958,0.6389773689568568
HRG,Stopgain Control,246,0.9795526173173412
KAT5,Stopgain Control,962,0.5371853428205714
TFG,Stopgain Control,240,0.6052747764165525
APOL1,Stopgain Control,152,0.7466645874497918
CACNA1I,Stopgain Control,208,0.8945368739950851
CACNA1S,Stopgain Control,394,0.9992672272385212
STOX1,Stopgain Control,80,0.7993914517302549
KMT2B,Stopgain Control,520,0.6627570798220206
BSCL2,Stopgain Control,248,0.7937623551860326
CDON,Stopgain Control,104,0.8473896967722022
LAMB3,Stopgain Control,256,0.8177284016452457
LRP1,Stopgain Control,404,0.7763311844926235
FAT2,Stopgain Control,86,0.9757829100740464
KCNH5,Stopgain Control,142,0.9682496652600708
WBP11,Stopgain Control,122,0.6117951999126034
SLC39A14,Stopgain Control,122,0.8981422202060111
F5,Stopgain Control,244,0.9534097283493204
TUBG1,Stopgain Control,322,0.9190242783485022
KIF5A,Stopgain Control,550,0.9395110363774128
GNB2,Stopgain Control,576,0.6469919101755887
RBM12,Stopgain Control,84,0.6800368370133093
ENAM,Stopgain Control,94,0.9292582210692648
POU6F2,Stopgain Control,66,0.9011296304455884
CUX1,Stopgain Control,346,0.7119169595740474
ATXN1,Stopgain Control,250,0.5983389345051517
SERPIND1,Stopgain Control,186,0.9765052413752504
TBX2,Stopgain Control,194,0.8783242739535149
THSD1,Stopgain Control,100,0.7403493782756951
EIF2AK1,Stopgain Control,200,0.5021456706881415
ANXA11,Stopgain Control,106,0.596784261138842
CSRP3,Stopgain Control,238,0.982402650558405
COMT,Stopgain Control,428,0.5403129996826149
MYLK2,Stopgain Control,174,0.9973356148796276
TIE1,Stopgain Control,84,0.7777902727372898
NR2F2,Stopgain Control,246,0.8648959855119275
SHOC2,Stopgain Control,208,0.6564709039301323
IVNS1ABP,Stopgain Control,94,0.6508047811002245
GANAB,Stopgain Control,170,0.7515230753183795
OSMR,Stopgain Control,174,0.8219357698447658
PRLR,Stopgain Control,250,0.940443530386829
TIMP3,Stopgain Control,332,0.8111692627647583
NOVA2,Stopgain Control,154,0.7964915763356635
GHSR,Stopgain Control,136,0.9934151331983584
IRF3,Stopgain Control,622,0.7700791382246922
TSC1,Stopgain Control,348,0.6781163373295164
SLC52A1,Stopgain Control,22,0.938517167028084
ALG10B,Stopgain Control,114,0.7133643195498518
SAMD9L,Stopgain Control,134,0.8835628367347952
