"transcript","key","uniprotswissprot"
"ENST00000003084","7:117665523|G|T","P13569"
"ENST00000003084","7:117665547|G|T","P13569"
"ENST00000003084","7:117665552|C|A","P13569"
"ENST00000003084","7:117665556|C|T","P13569"
"ENST00000003084","7:117666917|G|T","P13569"
"ENST00000003084","7:117666937|C|A","P13569"
"ENST00000003084","7:117666980|C|T","P13569"
"ENST00000003084","7:117667082|G|T","P13569"
"ENST00000003084","7:117667091|C|T","P13569"
"ENST00000216181","22:036282718|C|A","P35579"
"ENST00000216181","22:036282754|G|A","P35579"
"ENST00000220676","8:054622243|C|T","P56715"
"ENST00000220676","8:054624804|C|T","P56715"
"ENST00000220676","8:054624847|C|G","P56715"
"ENST00000220676","8:054624894|C|T","P56715"
"ENST00000220676","8:054624929|G|A","P56715"
"ENST00000220676","8:054625008|C|T","P56715"
"ENST00000220676","8:054625039|C|G","P56715"
"ENST00000220676","8:054625065|G|T","P56715"
"ENST00000220676","8:054625068|C|T","P56715"
"ENST00000220676","8:054625326|C|T","P56715"
"ENST00000220676","8:054625350|G|T","P56715"
"ENST00000220676","8:054625437|C|T","P56715"
"ENST00000220676","8:054625507|C|G","P56715"
"ENST00000220676","8:054625603|C|G","P56715"
"ENST00000220676","8:054625614|G|T","P56715"
"ENST00000220676","8:054625676|T|G","P56715"
"ENST00000220676","8:054625833|C|T","P56715"
"ENST00000220676","8:054625857|A|T","P56715"
"ENST00000220676","8:054625863|G|T","P56715"
"ENST00000220676","8:054625899|A|T","P56715"
"ENST00000220676","8:054625911|C|T","P56715"
"ENST00000220676","8:054625914|C|T","P56715"
"ENST00000220676","8:054625917|C|T","P56715"
"ENST00000220676","8:054625938|C|T","P56715"
"ENST00000220676","8:054625947|C|T","P56715"
"ENST00000220676","8:054625959|A|T","P56715"
"ENST00000220676","8:054625995|A|T","P56715"
"ENST00000220676","8:054626025|C|T","P56715"
"ENST00000220676","8:054626049|G|T","P56715"
"ENST00000220676","8:054626067|G|T","P56715"
"ENST00000220676","8:054626076|C|T","P56715"
"ENST00000220676","8:054626097|G|T","P56715"
"ENST00000220676","8:054626101|C|A","P56715"
"ENST00000220676","8:054626101|C|G","P56715"
"ENST00000220676","8:054626114|T|A","P56715"
"ENST00000220676","8:054626167|T|A","P56715"
"ENST00000220676","8:054626178|C|T","P56715"
"ENST00000220676","8:054626187|A|T","P56715"
"ENST00000220676","8:054626203|T|G","P56715"
"ENST00000220676","8:054626214|A|T","P56715"
"ENST00000220676","8:054626224|C|A","P56715"
"ENST00000220676","8:054626242|T|A","P56715"
"ENST00000220676","8:054626256|A|T","P56715"
"ENST00000220676","8:054626262|G|T","P56715"
"ENST00000220676","8:054626280|A|T","P56715"
"ENST00000220676","8:054626312|C|A","P56715"
"ENST00000220676","8:054626364|C|T","P56715"
"ENST00000220676","8:054626397|C|T","P56715"
"ENST00000220676","8:054626439|A|T","P56715"
"ENST00000220676","8:054626452|C|G","P56715"
"ENST00000220676","8:054626467|C|G","P56715"
"ENST00000220676","8:054626481|A|T","P56715"
"ENST00000220676","8:054626508|A|T","P56715"
"ENST00000220676","8:054626538|C|T","P56715"
"ENST00000220676","8:054626631|C|T","P56715"
"ENST00000220676","8:054626638|G|A","P56715"
"ENST00000220676","8:054626639|G|A","P56715"
"ENST00000220676","8:054626660|T|A","P56715"
"ENST00000220676","8:054626668|T|G","P56715"
"ENST00000220676","8:054626683|C|G","P56715"
"ENST00000220676","8:054626850|G|T","P56715"
"ENST00000220676","8:054627016|C|G","P56715"
"ENST00000220676","8:054627278|G|A","P56715"
"ENST00000220676","8:054627551|C|A","P56715"
"ENST00000220676","8:054627831|C|T","P56715"
"ENST00000220676","8:054627987|C|T","P56715"
"ENST00000220676","8:054628252|C|G","P56715"
"ENST00000220676","8:054628458|G|T","P56715"
"ENST00000220676","8:054628518|C|T","P56715"
"ENST00000220676","8:054628654|G|A","P56715"
"ENST00000220676","8:054628686|C|T","P56715"
"ENST00000220676","8:054628790|C|A","P56715"
"ENST00000220676","8:054628853|T|A","P56715"
"ENST00000220676","8:054628901|T|G","P56715"
"ENST00000220676","8:054628914|C|T","P56715"
"ENST00000220676","8:054628935|C|T","P56715"
"ENST00000220676","8:054628960|T|A","P56715"
"ENST00000220676","8:054629040|G|T","P56715"
"ENST00000220676","8:054629120|G|A","P56715"
"ENST00000220676","8:054629130|G|T","P56715"
"ENST00000220676","8:054629194|C|G","P56715"
"ENST00000220676","8:054629336|C|G","P56715"
"ENST00000220676","8:054629547|C|T","P56715"
"ENST00000220676","8:054629700|G|T","P56715"
"ENST00000220676","8:054629763|C|T","P56715"
"ENST00000220676","8:054629853|C|T","P56715"
"ENST00000220676","8:054629955|C|T","P56715"
"ENST00000220676","8:054630028|C|A","P56715"
"ENST00000220676","8:054630036|C|T","P56715"
"ENST00000222139","19:011378194|C|T","P19235"
"ENST00000222139","19:011378195|C|T","P19235"
"ENST00000222139","19:011378211|G|A","P19235"
"ENST00000222139","19:011378316|C|A","P19235"
"ENST00000226760","4:006301084|C|A","O76024"
"ENST00000226760","4:006301157|C|A","O76024"
"ENST00000226760","4:006301157|C|G","O76024"
"ENST00000226760","4:006301228|G|A","O76024"
"ENST00000226760","4:006301251|C|T","O76024"
"ENST00000226760","4:006301353|C|T","O76024"
"ENST00000226760","4:006301414|G|A","O76024"
"ENST00000226760","4:006301631|G|A","O76024"
"ENST00000226760","4:006301633|G|A","O76024"
"ENST00000226760","4:006301634|G|A","O76024"
"ENST00000226760","4:006301712|G|A","O76024"
"ENST00000226760","4:006301736|C|A","O76024"
"ENST00000226760","4:006301738|G|A","O76024"
"ENST00000226760","4:006301739|G|A","O76024"
"ENST00000226760","4:006301751|C|G","O76024"
"ENST00000226760","4:006301794|C|T","O76024"
"ENST00000226760","4:006301797|C|T","O76024"
"ENST00000226760","4:006301802|T|G","O76024"
"ENST00000226760","4:006302000|C|G","O76024"
"ENST00000226760","4:006302049|G|T","O76024"
"ENST00000226760","4:006302079|A|T","O76024"
"ENST00000226760","4:006302395|G|A","O76024"
"ENST00000231790","3:037048976|A|T","P40692"
"ENST00000231790","3:037048979|C|T","P40692"
"ENST00000231790","3:037048984|C|A","P40692"
"ENST00000231790","3:037048984|C|G","P40692"
"ENST00000231790","3:037048991|G|T","P40692"
"ENST00000231790","3:037048994|G|T","P40692"
"ENST00000231790","3:037048998|C|A","P40692"
"ENST00000231790","3:037049007|C|G","P40692"
"ENST00000231790","3:037049012|C|T","P40692"
"ENST00000231790","3:037050517|G|A","P40692"
"ENST00000231790","3:037050518|G|A","P40692"
"ENST00000231790","3:037050523|G|A","P40692"
"ENST00000231790","3:037050524|G|A","P40692"
"ENST00000231790","3:037050546|A|T","P40692"
"ENST00000231790","3:037050559|C|A","P40692"
"ENST00000231790","3:037050559|C|G","P40692"
"ENST00000231790","3:037050576|A|T","P40692"
"ENST00000231790","3:037050588|G|T","P40692"
"ENST00000231790","3:037050594|G|T","P40692"
"ENST00000231790","3:037050606|C|T","P40692"
"ENST00000234111","2:010440858|G|A","P11926"
"ENST00000235329","1:012009699|C|A","O95140"
"ENST00000235329","1:012009699|C|G","O95140"
"ENST00000235329","1:012011511|G|A","O95140"
"ENST00000235329","1:012011542|C|T","O95140"
"ENST00000235329","1:012011547|C|A","O95140"
"ENST00000235329","1:012011547|C|G","O95140"
"ENST00000254976","20:010299380|C|T","P60880"
"ENST00000256646","1:119915524|G|A","Q04721"
"ENST00000256646","1:119915623|G|A","Q04721"
"ENST00000256646","1:119915692|C|A","Q04721"
"ENST00000256646","1:119915701|G|A","Q04721"
"ENST00000256646","1:119915869|G|A","Q04721"
"ENST00000256646","1:119915935|G|A","Q04721"
"ENST00000256646","1:119915964|C|T","Q04721"
"ENST00000256646","1:119916055|G|A","Q04721"
"ENST00000256646","1:119916063|G|C","Q04721"
"ENST00000256646","1:119916136|G|A","Q04721"
"ENST00000256646","1:119917685|G|A","Q04721"
"ENST00000256646","1:119917705|A|T","Q04721"
"ENST00000256854","18:057601699|G|A","O43776"
"ENST00000256854","18:057601735|G|A","O43776"
"ENST00000258443","2:108896957|C|A","Q9UNE0"
"ENST00000260947","2:214728724|C|T","Q99728"
"ENST00000260947","2:214728731|G|T","Q99728"
"ENST00000260947","2:214728742|C|T","Q99728"
"ENST00000260947","2:214728743|C|T","Q99728"
"ENST00000260947","2:214728768|C|A","Q99728"
"ENST00000260947","2:214728775|A|T","Q99728"
"ENST00000260947","2:214728792|C|A","Q99728"
"ENST00000260947","2:214728793|A|C","Q99728"
"ENST00000260947","2:214728802|A|T","Q99728"
"ENST00000260947","2:214728807|G|A","Q99728"
"ENST00000260947","2:214728822|G|A","Q99728"
"ENST00000260947","2:214728844|G|C","Q99728"
"ENST00000260947","2:214728844|G|T","Q99728"
"ENST00000260947","2:214728867|G|A","Q99728"
"ENST00000260947","2:214728894|T|A","Q99728"
"ENST00000260947","2:214728909|G|A","Q99728"
"ENST00000260947","2:214728960|T|A","Q99728"
"ENST00000260947","2:214728970|C|T","Q99728"
"ENST00000260947","2:214728974|A|T","Q99728"
"ENST00000260947","2:214728976|A|C","Q99728"
"ENST00000260947","2:214730416|G|A","Q99728"
"ENST00000261254","12:004299947|A|T","P30279"
"ENST00000261584","16:023603471|G|C","Q86YC2"
"ENST00000261584","16:023603471|G|T","Q86YC2"
"ENST00000261584","16:023603488|C|A","Q86YC2"
"ENST00000261584","16:023603497|G|A","Q86YC2"
"ENST00000261584","16:023603526|G|T","Q86YC2"
"ENST00000261584","16:023603528|C|T","Q86YC2"
"ENST00000261584","16:023603529|C|T","Q86YC2"
"ENST00000261584","16:023603543|C|T","Q86YC2"
"ENST00000261584","16:023603544|C|T","Q86YC2"
"ENST00000261584","16:023603551|G|A","Q86YC2"
"ENST00000261584","16:023603579|A|T","Q86YC2"
"ENST00000261584","16:023603584|G|A","Q86YC2"
"ENST00000261584","16:023603595|A|C","Q86YC2"
"ENST00000261584","16:023603595|A|T","Q86YC2"
"ENST00000261584","16:023603600|C|T","Q86YC2"
"ENST00000261584","16:023603601|C|T","Q86YC2"
"ENST00000261584","16:023603617|C|A","Q86YC2"
"ENST00000261584","16:023603625|A|T","Q86YC2"
"ENST00000261584","16:023607874|G|A","Q86YC2"
"ENST00000261584","16:023607887|A|T","Q86YC2"
"ENST00000261584","16:023607890|G|C","Q86YC2"
"ENST00000261584","16:023607890|G|T","Q86YC2"
"ENST00000262304","16:002089900|G|A","P98161"
"ENST00000262304","16:002089915|G|A","P98161"
"ENST00000262304","16:002089918|G|A","P98161"
"ENST00000262304","16:002089927|G|A","P98161"
"ENST00000262304","16:002089928|G|C","P98161"
"ENST00000262304","16:002089948|G|A","P98161"
"ENST00000262304","16:002089957|G|A","P98161"
"ENST00000262304","16:002089966|G|A","P98161"
"ENST00000262304","16:002090015|A|T","P98161"
"ENST00000262304","16:002090085|G|T","P98161"
"ENST00000262304","16:002090164|C|A","P98161"
"ENST00000262304","16:002090185|T|A","P98161"
"ENST00000262304","16:002090309|C|T","P98161"
"ENST00000262367","16:003728611|G|A","Q92793"
"ENST00000262367","16:003728659|G|A","Q92793"
"ENST00000262367","16:003728723|G|C","Q92793"
"ENST00000262367","16:003728723|G|T","Q92793"
"ENST00000262367","16:003728740|G|A","Q92793"
"ENST00000262367","16:003728776|T|A","Q92793"
"ENST00000262367","16:003728797|G|A","Q92793"
"ENST00000262367","16:003728803|G|A","Q92793"
"ENST00000262367","16:003728806|G|A","Q92793"
"ENST00000262367","16:003728820|G|T","Q92793"
"ENST00000262367","16:003728959|G|A","Q92793"
"ENST00000262367","16:003729142|G|A","Q92793"
"ENST00000262367","16:003729145|G|A","Q92793"
"ENST00000262367","16:003729226|G|A","Q92793"
"ENST00000262367","16:003729364|G|A","Q92793"
"ENST00000262367","16:003729409|G|A","Q92793"
"ENST00000263388","19:015160965|G|C","Q9UM47"
"ENST00000263388","19:015161329|G|T","Q9UM47"
"ENST00000263388","19:015161381|T|A","Q9UM47"
"ENST00000264731","3:189894386|C|T","Q9H3D4"
"ENST00000264731","3:189894422|C|T","Q9H3D4"
"ENST00000264731","3:189894432|G|A","Q9H3D4"
"ENST00000264731","3:189894473|C|T","Q9H3D4"
"ENST00000265713","8:041932581|G|T","Q92794"
"ENST00000265713","8:041933401|G|A","Q92794"
"ENST00000265713","8:041933513|G|C","Q92794"
"ENST00000265713","8:041933821|G|A","Q92794"
"ENST00000265713","8:041933839|G|A","Q92794"
"ENST00000265713","8:041933923|G|A","Q92794"
"ENST00000265713","8:041934151|G|A","Q92794"
"ENST00000265713","8:041934217|G|A","Q92794"
"ENST00000265713","8:041934247|C|A","Q92794"
"ENST00000265713","8:041934292|G|A","Q92794"
"ENST00000265713","8:041934367|G|A","Q92794"
"ENST00000265713","8:041934400|C|A","Q92794"
"ENST00000265713","8:041934436|C|A","Q92794"
"ENST00000265713","8:041934517|C|A","Q92794"
"ENST00000265713","8:041934559|C|A","Q92794"
"ENST00000265713","8:041934667|G|A","Q92794"
"ENST00000265713","8:041934835|G|A","Q92794"
"ENST00000271715","1:151405196|C|T","Q7Z3K3"
"ENST00000271715","1:151405404|G|A","Q7Z3K3"
"ENST00000271715","1:151405507|G|T","Q7Z3K3"
"ENST00000271715","1:151405567|C|T","Q7Z3K3"
"ENST00000271715","1:151405611|G|A","Q7Z3K3"
"ENST00000271715","1:151405679|A|T","Q7Z3K3"
"ENST00000271715","1:151405776|G|A","Q7Z3K3"
"ENST00000271715","1:151405839|T|A","Q7Z3K3"
"ENST00000271715","1:151405911|G|A","Q7Z3K3"
"ENST00000271715","1:151405914|G|A","Q7Z3K3"
"ENST00000271715","1:151405995|G|A","Q7Z3K3"
"ENST00000271715","1:151406013|G|A","Q7Z3K3"
"ENST00000271715","1:151406046|G|A","Q7Z3K3"
"ENST00000271715","1:151406100|G|A","Q7Z3K3"
"ENST00000271715","1:151406121|G|A","Q7Z3K3"
"ENST00000271715","1:151406178|G|A","Q7Z3K3"
"ENST00000271715","1:151406306|G|C","Q7Z3K3"
"ENST00000271715","1:151406306|G|T","Q7Z3K3"
"ENST00000271715","1:151406445|G|A","Q7Z3K3"
"ENST00000271715","1:151406610|G|C","Q7Z3K3"
"ENST00000271715","1:151406621|C|T","Q7Z3K3"
"ENST00000278407","11:057614387|C|T","P05155"
"ENST00000278407","11:057614402|C|T","P05155"
"ENST00000278407","11:057614420|G|T","P05155"
"ENST00000278407","11:057614501|C|T","P05155"
"ENST00000278407","11:057614524|G|A","P05155"
"ENST00000278407","11:057614558|C|T","P05155"
"ENST00000282928","3:147412636|C|A","Q15915"
"ENST00000282928","3:147413360|G|T","Q15915"
"ENST00000282928","3:147413372|C|T","Q15915"
"ENST00000282928","3:147413381|C|T","Q15915"
"ENST00000282928","3:147413411|G|T","Q15915"
"ENST00000287239","10:075028646|C|G","Q8WYB5"
"ENST00000287239","10:075028680|C|T","Q8WYB5"
"ENST00000287239","10:075028896|G|T","Q8WYB5"
"ENST00000287239","10:075028911|G|T","Q8WYB5"
"ENST00000287239","10:075029052|G|T","Q8WYB5"
"ENST00000287239","10:075029061|G|T","Q8WYB5"
"ENST00000287239","10:075029882|C|A","Q8WYB5"
"ENST00000287239","10:075029925|C|T","Q8WYB5"
"ENST00000287239","10:075030030|C|T","Q8WYB5"
"ENST00000287239","10:075030078|C|T","Q8WYB5"
"ENST00000287239","10:075030114|C|T","Q8WYB5"
"ENST00000287239","10:075030126|C|T","Q8WYB5"
"ENST00000287239","10:075030180|G|T","Q8WYB5"
"ENST00000287239","10:075030213|C|T","Q8WYB5"
"ENST00000287239","10:075030285|C|T","Q8WYB5"
"ENST00000295754","3:030688470|C|T","P37173"
"ENST00000295754","3:030688476|C|T","P37173"
"ENST00000295754","3:030688482|G|T","P37173"
"ENST00000295754","3:030688498|G|A","P37173"
"ENST00000295754","3:030688499|G|A","P37173"
"ENST00000295754","3:030691426|C|T","P37173"
"ENST00000295754","3:030691457|G|A","P37173"
"ENST00000295754","3:030691458|G|A","P37173"
"ENST00000295754","3:030691494|T|A","P37173"
"ENST00000298171","14:081143178|C|T","P16473"
"ENST00000298171","14:081143523|C|T","P16473"
"ENST00000298171","14:081143610|G|T","P16473"
"ENST00000298171","14:081143618|G|A","P16473"
"ENST00000298171","14:081143695|G|A","P16473"
"ENST00000298171","14:081143897|C|G","P16473"
"ENST00000298171","14:081143995|C|G","P16473"
"ENST00000300417","9:127501102|G|T","Q6UWE0"
"ENST00000300417","9:127502777|C|T","Q6UWE0"
"ENST00000300417","9:127502816|C|T","Q6UWE0"
"ENST00000300417","9:127502819|C|T","Q6UWE0"
"ENST00000300417","9:127502858|C|T","Q6UWE0"
"ENST00000302326","22:027751061|G|A","Q10571"
"ENST00000302326","22:027796800|C|T","Q10571"
"ENST00000304992","17:001650819|C|A","Q6P2Q9"
"ENST00000304992","17:001650832|G|C","Q6P2Q9"
"ENST00000305921","17:060656791|C|T","O15297"
"ENST00000305921","17:060656794|G|T","O15297"
"ENST00000305921","17:060656802|T|A","O15297"
"ENST00000305921","17:060663001|G|T","O15297"
"ENST00000305921","17:060663014|G|A","O15297"
"ENST00000305921","17:060663015|G|A","O15297"
"ENST00000305921","17:060663118|C|T","O15297"
"ENST00000305921","17:060663168|C|A","O15297"
"ENST00000305921","17:060663185|T|G","O15297"
"ENST00000305921","17:060663304|C|T","O15297"
"ENST00000311907","11:046739071|C|T","P00734"
"ENST00000311907","11:046739284|G|A","P00734"
"ENST00000311907","11:046739289|C|T","P00734"
"ENST00000316623","15:048411339|C|T","P35555"
"ENST00000324856","1:026779062|C|T","O14497"
"ENST00000324856","1:026779227|G|T","O14497"
"ENST00000324856","1:026779429|G|A","O14497"
"ENST00000324856","1:026779464|C|T","O14497"
"ENST00000324856","1:026779863|C|T","O14497"
"ENST00000325888","7:128858166|C|T","Q14315"
"ENST00000325888","7:128858207|C|A","Q14315"
"ENST00000325888","7:128858421|C|A","Q14315"
"ENST00000325888","7:128858474|G|A","Q14315"
"ENST00000325888","7:128858475|G|A","Q14315"
"ENST00000329198","5:173232740|G|C","P52952"
"ENST00000329198","5:173232767|G|C","P52952"
"ENST00000329198","5:173232800|G|T","P52952"
"ENST00000329198","5:173232833|G|T","P52952"
"ENST00000329198","5:173232843|G|T","P52952"
"ENST00000329198","5:173232985|G|A","P52952"
"ENST00000329198","5:173232990|C|T","P52952"
"ENST00000329198","5:173233036|G|A","P52952"
"ENST00000329198","5:173233053|G|T","P52952"
"ENST00000329198","5:173233058|G|T","P52952"
"ENST00000329198","5:173233091|A|T","P52952"
"ENST00000329198","5:173233107|G|T","P52952"
"ENST00000329198","5:173233202|G|T","P52952"
"ENST00000329198","5:173234756|T|A","P52952"
"ENST00000329198","5:173234774|T|A","P52952"
"ENST00000329198","5:173234793|G|T","P52952"
"ENST00000344327","11:101453653|C|A","Q9Y210"
"ENST00000344327","11:101453689|G|A","Q9Y210"
"ENST00000345136","8:143917304|C|A","Q15149"
"ENST00000345136","8:143917454|C|A","Q15149"
"ENST00000345136","8:143917620|G|C","Q15149"
"ENST00000345136","8:143919119|C|A","Q15149"
"ENST00000345136","8:143919248|G|A","Q15149"
"ENST00000345136","8:143919467|G|A","Q15149"
"ENST00000345136","8:143920727|C|A","Q15149"
"ENST00000345136","8:143920799|G|A","Q15149"
"ENST00000345136","8:143920826|G|A","Q15149"
"ENST00000345136","8:143920830|G|C","Q15149"
"ENST00000345136","8:143921672|G|A","Q15149"
"ENST00000357654","17:043045711|G|C","P38398"
"ENST00000357654","17:043045711|G|T","P38398"
"ENST00000357654","17:043045725|C|A","P38398"
"ENST00000357654","17:043045729|G|T","P38398"
"ENST00000357654","17:043045734|G|A","P38398"
"ENST00000357654","17:043045735|G|C","P38398"
"ENST00000357654","17:043045735|G|T","P38398"
"ENST00000357654","17:043045759|C|T","P38398"
"ENST00000357654","17:043045760|C|T","P38398"
"ENST00000357654","17:043045764|C|A","P38398"
"ENST00000357654","17:043045767|G|A","P38398"
"ENST00000357654","17:043045786|A|T","P38398"
"ENST00000357654","17:043045794|G|A","P38398"
"ENST00000357654","17:043047661|C|A","P38398"
"ENST00000357654","17:043047665|C|T","P38398"
"ENST00000357654","17:043047666|C|T","P38398"
"ENST00000357654","17:043047679|G|A","P38398"
"ENST00000358102","4:148081400|G|A","P08235"
"ENST00000358102","4:148081460|G|A","P08235"
"ENST00000358102","4:148114136|G|A","P08235"
"ENST00000358102","4:148114148|G|A","P08235"
"ENST00000361492","2:120989296|C|T",""
"ENST00000361492","2:120989352|G|A",""
"ENST00000361492","2:120989458|C|T",""
"ENST00000361492","2:120989479|C|T",""
"ENST00000361492","2:120989488|C|T",""
"ENST00000361492","2:120989581|C|T",""
"ENST00000361492","2:120989590|C|T",""
"ENST00000361492","2:120990276|C|G",""
"ENST00000361492","2:120990556|C|T",""
"ENST00000366560","1:241497861|C|T","P07954"
"ENST00000366560","1:241497862|C|T","P07954"
"ENST00000366560","1:241497875|G|A","P07954"
"ENST00000366560","1:241497878|C|A","P07954"
"ENST00000366560","1:241497922|G|C","P07954"
"ENST00000366560","1:241497926|C|A","P07954"
"ENST00000366560","1:241500463|A|T","P07954"
"ENST00000366560","1:241500476|C|A","P07954"
"ENST00000367400","1:197442245|C|T","P82279"
"ENST00000367400","1:197477826|C|T","P82279"
"ENST00000367429","1:196747131|G|T","P08603"
"ENST00000367429","1:196747200|G|T","P08603"
"ENST00000367429","1:196747227|G|T","P08603"
"ENST00000367429","1:196747260|C|T","P08603"
"ENST00000367603","6:142753793|G|A","P31629"
"ENST00000367603","6:142759810|G|A","P31629"
"ENST00000367999","1:161170939|G|A","P50336"
"ENST00000367999","1:161171045|C|T","P50336"
"ENST00000367999","1:161171067|T|A","P50336"
"ENST00000367999","1:161171095|T|G","P50336"
"ENST00000368799","1:152302934|A|T","P20930"
"ENST00000368799","1:152303251|G|A","P20930"
"ENST00000368799","1:152303311|G|A","P20930"
"ENST00000368799","1:152303358|G|C","P20930"
"ENST00000368799","1:152303434|G|A","P20930"
"ENST00000368799","1:152303455|T|A","P20930"
"ENST00000368799","1:152303595|G|C","P20930"
"ENST00000368799","1:152303640|G|C","P20930"
"ENST00000368799","1:152303659|G|A","P20930"
"ENST00000368799","1:152303683|G|A","P20930"
"ENST00000368799","1:152303917|G|A","P20930"
"ENST00000368799","1:152303967|G|C","P20930"
"ENST00000368799","1:152304013|T|A","P20930"
"ENST00000368799","1:152304037|G|A","P20930"
"ENST00000368799","1:152307528|G|C","P20930"
"ENST00000368799","1:152307528|G|T","P20930"
"ENST00000368799","1:152307547|G|A","P20930"
"ENST00000368799","1:152307622|C|A","P20930"
"ENST00000368799","1:152307637|G|A","P20930"
"ENST00000368799","1:152307675|G|C","P20930"
"ENST00000368799","1:152307697|G|A","P20930"
"ENST00000368799","1:152307745|G|A","P20930"
"ENST00000368799","1:152307805|G|A","P20930"
"ENST00000368799","1:152307855|G|C","P20930"
"ENST00000368799","1:152308072|G|A","P20930"
"ENST00000368799","1:152308197|G|T","P20930"
"ENST00000368799","1:152308204|C|A","P20930"
"ENST00000368799","1:152308294|G|A","P20930"
"ENST00000368799","1:152308610|G|T","P20930"
"ENST00000368799","1:152308647|G|T","P20930"
"ENST00000368799","1:152308777|G|A","P20930"
"ENST00000368799","1:152308852|G|A","P20930"
"ENST00000368799","1:152308890|G|C","P20930"
"ENST00000368799","1:152308956|G|C","P20930"
"ENST00000368799","1:152309046|C|T","P20930"
"ENST00000368799","1:152309113|G|A","P20930"
"ENST00000368799","1:152309272|T|A","P20930"
"ENST00000368799","1:152309467|G|A","P20930"
"ENST00000368799","1:152309494|G|A","P20930"
"ENST00000368799","1:152309503|C|A","P20930"
"ENST00000368799","1:152309518|G|A","P20930"
"ENST00000368799","1:152309700|G|C","P20930"
"ENST00000368799","1:152309716|C|A","P20930"
"ENST00000368799","1:152309752|G|A","P20930"
"ENST00000368799","1:152309785|G|A","P20930"
"ENST00000368799","1:152309872|G|A","P20930"
"ENST00000368799","1:152310009|G|C","P20930"
"ENST00000368799","1:152310100|G|A","P20930"
"ENST00000368799","1:152310210|G|T","P20930"
"ENST00000368799","1:152310342|G|T","P20930"
"ENST00000368799","1:152310466|G|A","P20930"
"ENST00000368799","1:152310724|G|A","P20930"
"ENST00000368799","1:152310760|T|A","P20930"
"ENST00000368799","1:152310949|G|A","P20930"
"ENST00000368799","1:152310981|G|T","P20930"
"ENST00000368799","1:152311047|G|T","P20930"
"ENST00000368799","1:152311120|G|A","P20930"
"ENST00000368799","1:152311129|C|A","P20930"
"ENST00000368799","1:152311137|G|C","P20930"
"ENST00000368799","1:152311254|G|T","P20930"
"ENST00000368799","1:152311335|G|T","P20930"
"ENST00000368799","1:152311459|C|A","P20930"
"ENST00000368799","1:152311468|G|A","P20930"
"ENST00000368799","1:152311471|C|A","P20930"
"ENST00000368799","1:152311569|C|T","P20930"
"ENST00000368799","1:152311615|G|A","P20930"
"ENST00000368799","1:152311695|C|T","P20930"
"ENST00000368799","1:152311876|G|A","P20930"
"ENST00000368799","1:152311953|G|T","P20930"
"ENST00000368799","1:152311957|G|A","P20930"
"ENST00000368799","1:152312107|G|A","P20930"
"ENST00000368799","1:152312459|C|T","P20930"
"ENST00000368799","1:152312524|G|A","P20930"
"ENST00000368799","1:152313753|G|C","P20930"
"ENST00000368799","1:152313919|C|A","P20930"
"ENST00000368799","1:152314375|C|A","P20930"
"ENST00000368799","1:152314399|C|A","P20930"
"ENST00000368799","1:152315363|C|A","P20930"
"ENST00000369577","6:087255043|G|T","O60281"
"ENST00000369577","6:087255301|C|T","O60281"
"ENST00000369577","6:087255526|C|T","O60281"
"ENST00000369577","6:087256033|C|T","O60281"
"ENST00000369577","6:087256216|G|T","O60281"
"ENST00000369577","6:087256643|T|G","O60281"
"ENST00000369577","6:087256948|C|T","O60281"
"ENST00000369577","6:087257120|C|G","O60281"
"ENST00000369577","6:087257727|G|A","O60281"
"ENST00000369577","6:087257818|C|T","O60281"
"ENST00000369577","6:087258079|C|T","O60281"
"ENST00000369577","6:087258148|G|T","O60281"
"ENST00000369577","6:087258418|C|T","O60281"
"ENST00000369577","6:087258466|C|T","O60281"
"ENST00000369577","6:087258526|A|T","O60281"
"ENST00000369577","6:087258862|C|T","O60281"
"ENST00000369577","6:087259279|C|T","O60281"
"ENST00000369577","6:087259450|C|T","O60281"
"ENST00000369577","6:087259630|C|T","O60281"
"ENST00000369577","6:087259801|C|T","O60281"
"ENST00000369577","6:087259909|C|T","O60281"
"ENST00000369577","6:087260146|C|T","O60281"
"ENST00000369577","6:087260170|C|T","O60281"
"ENST00000369577","6:087260452|C|T","O60281"
"ENST00000371741","20:049373813|G|A","Q14721"
"ENST00000371741","20:049374010|G|T","Q14721"
"ENST00000371741","20:049374071|C|A","Q14721"
"ENST00000371741","20:049374097|C|T","Q14721"
"ENST00000371741","20:049374263|G|A","Q14721"
"ENST00000371741","20:049374408|G|T","Q14721"
"ENST00000371741","20:049374451|C|T","Q14721"
"ENST00000371741","20:049374454|C|T","Q14721"
"ENST00000371741","20:049374576|G|C","Q14721"
"ENST00000371741","20:049374878|G|A","Q14721"
"ENST00000371741","20:049374917|G|A","Q14721"
"ENST00000379802","6:007582690|C|T","P15924"
"ENST00000379802","6:007582750|C|T","P15924"
"ENST00000379802","6:007582759|G|T","P15924"
"ENST00000379802","6:007582813|C|T","P15924"
"ENST00000379802","6:007582910|C|A","P15924"
"ENST00000379802","6:007582927|G|T","P15924"
"ENST00000379802","6:007582981|A|T","P15924"
"ENST00000379802","6:007582993|G|T","P15924"
"ENST00000379802","6:007583035|C|T","P15924"
"ENST00000379802","6:007583041|C|T","P15924"
"ENST00000379802","6:007583062|C|T","P15924"
"ENST00000379802","6:007583068|C|T","P15924"
"ENST00000379802","6:007583092|C|T","P15924"
"ENST00000379802","6:007583113|C|T","P15924"
"ENST00000379802","6:007583587|G|T","P15924"
"ENST00000379802","6:007583644|C|T","P15924"
"ENST00000379802","6:007583739|T|G","P15924"
"ENST00000379802","6:007583740|C|T","P15924"
"ENST00000379802","6:007583758|C|T","P15924"
"ENST00000379802","6:007583815|C|T","P15924"
"ENST00000379802","6:007583893|C|T","P15924"
"ENST00000379802","6:007584700|C|T","P15924"
"ENST00000379802","6:007584853|C|T","P15924"
"ENST00000379802","6:007584903|C|G","P15924"
"ENST00000379802","6:007584904|C|T","P15924"
"ENST00000379802","6:007585018|C|T","P15924"
"ENST00000379802","6:007585067|T|A","P15924"
"ENST00000379802","6:007585091|C|G","P15924"
"ENST00000379802","6:007585222|C|T","P15924"
"ENST00000379802","6:007585276|C|T","P15924"
"ENST00000379802","6:007585291|C|T","P15924"
"ENST00000379802","6:007585402|A|T","P15924"
"ENST00000379802","6:007585432|C|T","P15924"
"ENST00000379802","6:007585455|C|G","P15924"
"ENST00000380036","9:027228256|C|G","Q02763"
"ENST00000380036","9:027228300|C|T","Q02763"
"ENST00000380036","9:027229181|T|A","Q02763"
"ENST00000380036","9:027229181|T|G","Q02763"
"ENST00000380036","9:027229182|G|T","Q02763"
"ENST00000380036","9:027229200|G|T","Q02763"
"ENST00000382483","8:010607974|G|A","Q8IWN7"
"ENST00000382483","8:010608496|G|A","Q8IWN7"
"ENST00000382483","8:010608790|G|A","Q8IWN7"
"ENST00000382483","8:010608928|G|A","Q8IWN7"
"ENST00000382483","8:010610173|C|A","Q8IWN7"
"ENST00000382483","8:010611604|G|A","Q8IWN7"
"ENST00000382483","8:010611975|G|T","Q8IWN7"
"ENST00000382483","8:010611982|C|A","Q8IWN7"
"ENST00000382483","8:010611991|G|A","Q8IWN7"
"ENST00000382483","8:010612021|G|A","Q8IWN7"
"ENST00000382483","8:010612549|G|A","Q8IWN7"
"ENST00000382483","8:010612810|G|A","Q8IWN7"
"ENST00000382483","8:010612828|T|A","Q8IWN7"
"ENST00000382483","8:010612909|G|A","Q8IWN7"
"ENST00000382483","8:010612976|C|T","Q8IWN7"
"ENST00000382483","8:010612992|C|T","Q8IWN7"
"ENST00000382483","8:010616460|G|C","Q8IWN7"
"ENST00000388922","12:051920797|G|A","P37023"
"ENST00000388922","12:051920800|C|A","P37023"
"ENST00000388922","12:051920800|C|G","P37023"
"ENST00000423572","3:038550773|C|A","Q14524"
"ENST00000423572","3:038550782|C|A","Q14524"
"ENST00000423572","3:038550979|C|T","Q14524"
"ENST00000423572","3:038550986|C|A","Q14524"
"ENST00000423572","3:038551233|C|T","Q14524"
"ENST00000423572","3:038551234|C|T","Q14524"
"ENST00000423572","3:038551289|G|A","Q14524"
"ENST00000423572","3:038551460|G|A","Q14524"
"ENST00000423572","3:038551487|G|A","Q14524"
"ENST00000423572","3:038551505|G|A","Q14524"
"ENST00000423572","3:038551532|T|A","Q14524"
"ENST00000423572","3:038554319|C|T","Q14524"
"ENST00000423572","3:038554320|C|T","Q14524"
"ENST00000439151","5:177292121|C|G","Q96L73"
"ENST00000439151","5:177293855|C|T","Q96L73"
"ENST00000439151","5:177294146|C|T","Q96L73"
"ENST00000439151","5:177294218|G|T","Q96L73"
"ENST00000439151","5:177294344|A|T","Q96L73"
"ENST00000439151","5:177294908|C|T","Q96L73"
"ENST00000439151","5:177295058|G|T","Q96L73"
"ENST00000439151","5:177295151|A|T","Q96L73"
"ENST00000439151","5:177295334|C|T","Q96L73"
"ENST00000439151","5:177295356|G|A","Q96L73"
"ENST00000586582","19:004544182|G|A","Q9H3T3"
"ENST00000586582","19:004544201|C|T","Q9H3T3"
"ENST00000586582","19:004544212|G|A","Q9H3T3"
"ENST00000586582","19:004544290|G|A","Q9H3T3"
"ENST00000586582","19:004544302|C|A","Q9H3T3"
"ENST00000627532","2:144389853|G|T","O60315"
"ENST00000627532","2:144389882|G|A","O60315"
"ENST00000627532","2:144389890|G|T","O60315"
"ENST00000627532","2:144389896|G|T","O60315"
"ENST00000627532","2:144389930|G|A","O60315"
"ENST00000627532","2:144389942|C|A","O60315"
"ENST00000627532","2:144389959|G|T","O60315"
"ENST00000627532","2:144389987|T|A","O60315"
"ENST00000627532","2:144390014|G|A","O60315"
"ENST00000627532","2:144396421|C|A","O60315"
"ENST00000627532","2:144396433|G|A","O60315"
"ENST00000627532","2:144396454|G|A","O60315"
