"STRING_id","Degree","hgnc_symbol","group"
"9606.ENSP00000003084",0.0692307692307692,"CFTR","snv"
"9606.ENSP00000003084",0.0692307692307692,"CFTR","fs"
"9606.ENSP00000070846",0.0423076923076923,"PKP2","snv_control"
"9606.ENSP00000070846",0.0423076923076923,"PKP2","fs_control"
"9606.ENSP00000053867",0.0259615384615385,"GRN","snv_control"
"9606.ENSP00000053867",0.0259615384615385,"GRN","fs_control"
"9606.ENSP00000160382",0.0317307692307692,"ACTL6B","snv_control"
"9606.ENSP00000160382",0.0317307692307692,"ACTL6B","fs_control"
"9606.ENSP00000005257",0.0201923076923077,"RALA","snv_control"
"9606.ENSP00000005257",0.0201923076923077,"RALA","fs_control"
"9606.ENSP00000211998",0.0673076923076923,"VCL","snv_control"
"9606.ENSP00000211998",0.0673076923076923,"VCL","fs_control"
"9606.ENSP00000162749",0.0384615384615385,"TNFRSF1A","snv_control"
"9606.ENSP00000008527",0.0163461538461538,"CRY1","snv_control"
"9606.ENSP00000216297",0.0423076923076923,"SUPT16H","snv_control"
"9606.ENSP00000216297",0.0423076923076923,"SUPT16H","fs_control"
"9606.ENSP00000216797",0.0692307692307692,"NFKBIA","snv_control"
"9606.ENSP00000078429",0.0548076923076923,"GNA11","snv_control"
"9606.ENSP00000155840",0.0557692307692308,"KCNQ1","snv"
"9606.ENSP00000215855",0.00865384615384615,"CRYBB3","snv_control"
"9606.ENSP00000222139",0.0346153846153846,"EPOR","fs_control"
"9606.ENSP00000221930",0.0769230769230769,"TGFB1","snv_control"
"9606.ENSP00000221930",0.0769230769230769,"TGFB1","fs_control"
"9606.ENSP00000181839",0.0105769230769231,"CDK13","snv_control"
"9606.ENSP00000181839",0.0105769230769231,"CDK13","fs_control"
"9606.ENSP00000206513",0.0105769230769231,"CEBPE","fs_control"
"9606.ENSP00000221973",0.0115384615384615,"LIM2","snv_control"
"9606.ENSP00000216254",0.0201923076923077,"ACO2","snv_control"
"9606.ENSP00000061240",0.0125,"TLL1","snv_control"
"9606.ENSP00000222271",0.0182692307692308,"COMP","snv_control"
"9606.ENSP00000167586",0.0298076923076923,"KRT14","snv_control"
"9606.ENSP00000223366",0.0230769230769231,"GCK","snv"
"9606.ENSP00000223366",0.0230769230769231,"GCK","fs"
"9606.ENSP00000216181",0.0432692307692308,"MYH9","snv"
"9606.ENSP00000216181",0.0432692307692308,"MYH9","fs"
"9606.ENSP00000220592",0.0480769230769231,"AGO2","snv"
"9606.ENSP00000228872",0.0451923076923077,"CDKN1B","snv"
"9606.ENSP00000224140",0.0365384615384615,"SETX","fs"
"9606.ENSP00000224140",0.0365384615384615,"SETX","snv_control"
"9606.ENSP00000193391",0.0240384615384615,"IMPG2","snv_control"
"9606.ENSP00000193391",0.0240384615384615,"IMPG2","fs_control"
"9606.ENSP00000230361",0.025,"GUCA1B","snv_control"
"9606.ENSP00000225964",0.0673076923076923,"COL1A1","snv"
"9606.ENSP00000078445",0.0125,"CREB3L3","snv_control"
"9606.ENSP00000078445",0.0125,"CREB3L3","fs_control"
"9606.ENSP00000226574",0.0490384615384615,"NFKB1","snv_control"
"9606.ENSP00000226574",0.0490384615384615,"NFKB1","fs_control"
"9606.ENSP00000215727",0.0173076923076923,"SERPIND1","snv_control"
"9606.ENSP00000223642",0.0125,"C5","snv_control"
"9606.ENSP00000223642",0.0125,"C5","fs_control"
"9606.ENSP00000222254",0.0461538461538462,"PIK3R2","snv_control"
"9606.ENSP00000230056",0.0211538461538462,"GMNN","snv_control"
"9606.ENSP00000230056",0.0211538461538462,"GMNN","fs_control"
"9606.ENSP00000230381",0.0307692307692308,"PRPH2","snv"
"9606.ENSP00000230381",0.0307692307692308,"PRPH2","fs"
"9606.ENSP00000231790",0.0586538461538462,"MLH1","snv"
"9606.ENSP00000231790",0.0586538461538462,"MLH1","fs"
"9606.ENSP00000200676",0.0125,"CETP","snv_control"
"9606.ENSP00000200676",0.0125,"CETP","fs_control"
"9606.ENSP00000225275",0.0298076923076923,"MPO","fs_control"
"9606.ENSP00000232003",0.0163461538461538,"HRG","snv_control"
"9606.ENSP00000233146",0.0519230769230769,"MSH2","snv"
"9606.ENSP00000230124",0.025,"FIG4","snv_control"
"9606.ENSP00000230124",0.025,"FIG4","fs_control"
"9606.ENSP00000233242",0.0480769230769231,"APOB","fs"
"9606.ENSP00000217244",0.0413461538461538,"CSNK2A1","snv_control"
"9606.ENSP00000217244",0.0413461538461538,"CSNK2A1","fs_control"
"9606.ENSP00000231004",0.0625,"LOX","snv_control"
"9606.ENSP00000231004",0.0625,"LOX","fs_control"
"9606.ENSP00000237014",0.0221153846153846,"TTR","snv_control"
"9606.ENSP00000228841",0.0519230769230769,"MYL2","snv_control"
"9606.ENSP00000228841",0.0519230769230769,"MYL2","fs_control"
"9606.ENSP00000217086",0.0384615384615385,"SALL4","snv_control"
"9606.ENSP00000241014",0.0153846153846154,"MAPK8IP1","snv_control"
"9606.ENSP00000228347",0.0163461538461538,"POLR3B","snv_control"
"9606.ENSP00000228347",0.0163461538461538,"POLR3B","fs_control"
"9606.ENSP00000229195",0.0125,"CNOT2","snv_control"
"9606.ENSP00000229195",0.0125,"CNOT2","fs_control"
"9606.ENSP00000239891",0.00576923076923077,"ALG5","snv_control"
"9606.ENSP00000237596",0.0211538461538462,"PKD2","snv_control"
"9606.ENSP00000222718",0.0125,"HOXA2","snv_control"
"9606.ENSP00000222718",0.0125,"HOXA2","fs_control"
"9606.ENSP00000231509",0.0586538461538462,"NR3C1","snv_control"
"9606.ENSP00000231509",0.0586538461538462,"NR3C1","fs_control"
"9606.ENSP00000238682",0.0615384615384615,"TGFB3","snv"
"9606.ENSP00000239926",0.0269230769230769,"MYOT","snv_control"
"9606.ENSP00000243077",0.0317307692307692,"LRP1","snv_control"
"9606.ENSP00000173229",0.0182692307692308,"NTN1","snv_control"
"9606.ENSP00000216373",0.0230769230769231,"SOS2","snv_control"
"9606.ENSP00000232564",0.0403846153846154,"GNB4","snv_control"
"9606.ENSP00000226247",0.00769230769230769,"FOXN1","fs"
"9606.ENSP00000226247",0.00769230769230769,"FOXN1","snv_control"
"9606.ENSP00000234420",0.0461538461538462,"MSH6","snv"
"9606.ENSP00000234420",0.0461538461538462,"MSH6","fs"
"9606.ENSP00000244537",0.0740384615384615,"H4C11","snv_control"
"9606.ENSP00000160827",0.0144230769230769,"KIF22","snv_control"
"9606.ENSP00000245907",0.0298076923076923,"C3","snv_control"
"9606.ENSP00000245907",0.0298076923076923,"C3","fs_control"
"9606.ENSP00000235329",0.0384615384615385,"MFN2","snv"
"9606.ENSP00000235329",0.0384615384615385,"MFN2","fs_control"
"9606.ENSP00000245479",0.104807692307692,"SOX9","snv"
"9606.ENSP00000245479",0.104807692307692,"SOX9","fs"
"9606.ENSP00000202625",0.00961538461538462,"TGM6","snv_control"
"9606.ENSP00000244769",0.0211538461538462,"ATXN1","snv_control"
"9606.ENSP00000240185",0.0394230769230769,"TARDBP","snv_control"
"9606.ENSP00000252321",0.0423076923076923,"KCNA5","snv_control"
"9606.ENSP00000240851",0.0163461538461538,"TFG","snv_control"
"9606.ENSP00000248437",0.0326923076923077,"TUBA4A","snv_control"
"9606.ENSP00000252996",0.0192307692307692,"TAF4","snv_control"
"9606.ENSP00000254108",0.0548076923076923,"FUS","snv"
"9606.ENSP00000254108",0.0548076923076923,"FUS","fs"
"9606.ENSP00000233826",0.0105769230769231,"KCNJ13","snv_control"
"9606.ENSP00000249749",0.0307692307692308,"DLL4","snv_control"
"9606.ENSP00000249749",0.0307692307692308,"DLL4","fs_control"
"9606.ENSP00000249071",0.0528846153846154,"RAC2","snv_control"
"9606.ENSP00000252242",0.0355769230769231,"KRT5","fs_control"
"9606.ENSP00000254958",0.0663461538461538,"JAG1","snv_control"
"9606.ENSP00000226760",0.0221153846153846,"WFS1","snv"
"9606.ENSP00000226760",0.0221153846153846,"WFS1","fs"
"9606.ENSP00000256078",0.158653846153846,"KRAS","snv_control"
"9606.ENSP00000251127",0.0115384615384615,"NALCN","snv_control"
"9606.ENSP00000251127",0.0115384615384615,"NALCN","fs_control"
"9606.ENSP00000252997",0.0192307692307692,"GATA5","snv_control"
"9606.ENSP00000254227",0.0278846153846154,"NR0B2","snv_control"
"9606.ENSP00000254227",0.0278846153846154,"NR0B2","fs_control"
"9606.ENSP00000251020",0.0153846153846154,"SALL1","snv"
"9606.ENSP00000241256",0.00961538461538462,"GHSR","snv_control"
"9606.ENSP00000254480",0.0451923076923077,"SMARCC1","snv_control"
"9606.ENSP00000254480",0.0451923076923077,"SMARCC1","fs_control"
"9606.ENSP00000159111",0.0201923076923077,"KDM4B","snv_control"
"9606.ENSP00000159111",0.0201923076923077,"KDM4B","fs_control"
"9606.ENSP00000258385",0.00961538461538462,"CHRND","snv_control"
"9606.ENSP00000258385",0.00961538461538462,"CHRND","fs_control"
"9606.ENSP00000234371",0.0192307692307692,"KISS1R","snv_control"
"9606.ENSP00000254950",0.0134615384615385,"VPS4A","snv_control"
"9606.ENSP00000023064",0.00576923076923077,"SLC7A9","snv_control"
"9606.ENSP00000222747",0.00576923076923077,"TSPAN12","snv_control"
"9606.ENSP00000251413",0.0144230769230769,"TUBG1","snv_control"
"9606.ENSP00000251810",0.0192307692307692,"RRM2B","snv_control"
"9606.ENSP00000257904",0.0730769230769231,"CDK4","snv_control"
"9606.ENSP00000259008",0.0201923076923077,"BRIP1","snv"
"9606.ENSP00000259818",0.0201923076923077,"TUBB2B","snv_control"
"9606.ENSP00000232501",0.00961538461538462,"NPRL2","snv_control"
"9606.ENSP00000232501",0.00961538461538462,"NPRL2","fs_control"
"9606.ENSP00000260731",0.0509615384615385,"KIF11","snv_control"
"9606.ENSP00000230538",0.0211538461538462,"LAMA4","snv_control"
"9606.ENSP00000254854",0.0288461538461538,"GUCY2D","snv"
"9606.ENSP00000215095",0.0230769230769231,"STX1B","fs_control"
"9606.ENSP00000217182",0.0211538461538462,"EEF1A2","snv_control"
"9606.ENSP00000234488",0.0153846153846154,"CLCN6","snv_control"
"9606.ENSP00000253496",0.0173076923076923,"F12","snv_control"
"9606.ENSP00000253496",0.0173076923076923,"F12","fs_control"
"9606.ENSP00000254657",0.0125,"PER2","fs_control"
"9606.ENSP00000256646",0.0461538461538462,"NOTCH2","snv"
"9606.ENSP00000256646",0.0461538461538462,"NOTCH2","fs"
"9606.ENSP00000260947",0.0346153846153846,"BARD1","snv"
"9606.ENSP00000260947",0.0346153846153846,"BARD1","fs"
"9606.ENSP00000257566",0.0346153846153846,"TBX3","snv_control"
"9606.ENSP00000258411",0.0163461538461538,"WNT10A","snv"
"9606.ENSP00000260302",0.0365384615384615,"MMP13","snv_control"
"9606.ENSP00000260302",0.0365384615384615,"MMP13","fs_control"
"9606.ENSP00000261590",0.0346153846153846,"DSG2","snv"
"9606.ENSP00000216484",0.00961538461538462,"SPTLC2","snv_control"
"9606.ENSP00000256854",0.00865384615384615,"NARS1","snv"
"9606.ENSP00000261405",0.0644230769230769,"VWF","snv_control"
"9606.ENSP00000261769",0.135576923076923,"CDH1","snv"
"9606.ENSP00000245923",0.0105769230769231,"RTN2","fs_control"
"9606.ENSP00000240328",0.0259615384615385,"TBX2","snv_control"
"9606.ENSP00000251287",0.00865384615384615,"HCN2","snv_control"
"9606.ENSP00000252826",0.0307692307692308,"TRPM4","snv_control"
"9606.ENSP00000199389",0.00865384615384615,"EIF2AK1","snv_control"
"9606.ENSP00000261772",0.0221153846153846,"AARS1","snv_control"
"9606.ENSP00000261772",0.0221153846153846,"AARS1","fs_control"
"9606.ENSP00000257868",0.00769230769230769,"GDF11","snv_control"
"9606.ENSP00000259216",0.00384615384615385,"CFC1","fs_control"
"9606.ENSP00000217381",0.0221153846153846,"SNTA1","snv_control"
"9606.ENSP00000261366",0.0490384615384615,"LMNB1","snv_control"
"9606.ENSP00000262160",0.105769230769231,"SMAD2","snv_control"
"9606.ENSP00000262189",0.0519230769230769,"KMT2C","snv_control"
"9606.ENSP00000262189",0.0519230769230769,"KMT2C","fs_control"
"9606.ENSP00000262209",0.0201923076923077,"TRPA1","snv_control"
"9606.ENSP00000249389",0.0153846153846154,"OPN1SW","snv_control"
"9606.ENSP00000260653",0.0278846153846154,"SIX3","snv_control"
"9606.ENSP00000256474",0.0201923076923077,"VHL","snv"
"9606.ENSP00000256474",0.0201923076923077,"VHL","fs"
"9606.ENSP00000257555",0.0298076923076923,"HNF1A","snv"
"9606.ENSP00000262238",0.0538461538461538,"YY1","snv"
"9606.ENSP00000251595",0.00865384615384615,"HBA2","snv_control"
"9606.ENSP00000262407",0.0557692307692308,"ITGA2B","snv_control"
"9606.ENSP00000246914",0.0153846153846154,"WNK4","snv_control"
"9606.ENSP00000246914",0.0153846153846154,"WNK4","fs_control"
"9606.ENSP00000261514",0.00673076923076923,"CLCN3","snv_control"
"9606.ENSP00000262418",0.0153846153846154,"SLC4A1","snv"
"9606.ENSP00000259455",0.0326923076923077,"GABBR2","snv_control"
"9606.ENSP00000259455",0.0326923076923077,"GABBR2","fs_control"
"9606.ENSP00000261205",0.0375,"SYT1","snv_control"
"9606.ENSP00000262367",0.118269230769231,"CREBBP","snv"
"9606.ENSP00000262367",0.118269230769231,"CREBBP","fs"
"9606.ENSP00000262186",0.0538461538461538,"KCNH2","snv"
"9606.ENSP00000249910",0.00961538461538462,"MBD4","snv"
"9606.ENSP00000261523",0.0173076923076923,"RORA","snv"
"9606.ENSP00000261523",0.0173076923076923,"RORA","fs_control"
"9606.ENSP00000262519",0.0442307692307692,"SETD1A","snv_control"
"9606.ENSP00000262519",0.0442307692307692,"SETD1A","fs_control"
"9606.ENSP00000262965",0.0346153846153846,"TCF3","snv_control"
"9606.ENSP00000262965",0.0346153846153846,"TCF3","fs_control"
"9606.ENSP00000258962",0.0490384615384615,"SRSF1","snv_control"
"9606.ENSP00000262340",0.0298076923076923,"RPE65","snv"
"9606.ENSP00000263253",0.149038461538462,"EP300","snv"
"9606.ENSP00000263253",0.149038461538462,"EP300","fs"
"9606.ENSP00000261537",0.0105769230769231,"MIB1","snv_control"
"9606.ENSP00000261537",0.0105769230769231,"MIB1","fs_control"
"9606.ENSP00000261799",0.0759615384615385,"PDGFRB","snv_control"
"9606.ENSP00000261937",0.0375,"FLT4","snv"
"9606.ENSP00000261937",0.0375,"FLT4","fs_control"
"9606.ENSP00000252934",0.0144230769230769,"ATXN10","snv_control"
"9606.ENSP00000262494",0.0432692307692308,"GNAO1","snv_control"
"9606.ENSP00000262494",0.0432692307692308,"GNAO1","fs_control"
"9606.ENSP00000263334",0.0298076923076923,"PAX8","snv_control"
"9606.ENSP00000263334",0.0298076923076923,"PAX8","fs_control"
"9606.ENSP00000246548",0.0105769230769231,"UBA2","snv_control"
"9606.ENSP00000246548",0.0105769230769231,"UBA2","fs_control"
"9606.ENSP00000259241",0.0115384615384615,"HS6ST1","snv_control"
"9606.ENSP00000258439",0.00480769230769231,"TMEM127","fs"
"9606.ENSP00000261584",0.0269230769230769,"PALB2","snv"
"9606.ENSP00000261584",0.0269230769230769,"PALB2","fs"
"9606.ENSP00000243253",0.025,"SEC61A1","snv_control"
"9606.ENSP00000262027",0.0240384615384615,"MARS1","snv_control"
"9606.ENSP00000262027",0.0240384615384615,"MARS1","fs_control"
"9606.ENSP00000256707",0.00769230769230769,"KIDINS220","fs"
"9606.ENSP00000256707",0.00769230769230769,"KIDINS220","snv_control"
"9606.ENSP00000262426",0.0125,"FOXF1","snv_control"
"9606.ENSP00000263388",0.0548076923076923,"NOTCH3","snv"
"9606.ENSP00000263388",0.0548076923076923,"NOTCH3","fs"
"9606.ENSP00000263734",0.0336538461538462,"EPAS1","snv_control"
"9606.ENSP00000263735",0.0538461538461538,"EPCAM","snv_control"
"9606.ENSP00000263735",0.0538461538461538,"EPCAM","fs_control"
"9606.ENSP00000225387",0.00961538461538462,"CRYBA1","snv_control"
"9606.ENSP00000225387",0.00961538461538462,"CRYBA1","fs_control"
"9606.ENSP00000261716",0.00961538461538462,"TAOK1","snv"
"9606.ENSP00000263923",0.0980769230769231,"KDR","snv_control"
"9606.ENSP00000262304",0.0240384615384615,"PKD1","snv"
"9606.ENSP00000262304",0.0240384615384615,"PKD1","fs"
"9606.ENSP00000264079",0.0153846153846154,"MCOLN1","snv_control"
"9606.ENSP00000257312",0.00576923076923077,"DZIP1","snv_control"
"9606.ENSP00000262554",0.0192307692307692,"SPTLC1","snv_control"
"9606.ENSP00000264380",0.0221153846153846,"PIKFYVE","snv_control"
"9606.ENSP00000264380",0.0221153846153846,"PIKFYVE","fs_control"
"9606.ENSP00000262948",0.0461538461538462,"MAP2K2","snv_control"
"9606.ENSP00000264010",0.0596153846153846,"CTCF","snv_control"
"9606.ENSP00000264033",0.05,"CBL","snv_control"
"9606.ENSP00000264657",0.145192307692308,"STAT3","snv_control"
"9606.ENSP00000264657",0.145192307692308,"STAT3","fs_control"
"9606.ENSP00000264709",0.0625,"DNMT3A","snv"
"9606.ENSP00000225665",0.00673076923076923,"SLC25A11","snv_control"
"9606.ENSP00000261170",0.0182692307692308,"GUCY2C","snv_control"
"9606.ENSP00000261170",0.0182692307692308,"GUCY2C","fs_control"
"9606.ENSP00000263035",0.0173076923076923,"DHTKD1","snv_control"
"9606.ENSP00000263035",0.0173076923076923,"DHTKD1","fs_control"
"9606.ENSP00000243344",0.00769230769230769,"TTC21B","snv_control"
"9606.ENSP00000243344",0.00769230769230769,"TTC21B","fs_control"
"9606.ENSP00000264156",0.0365384615384615,"MCM6","snv_control"
"9606.ENSP00000260649",0.00673076923076923,"SLC3A1","snv"
"9606.ENSP00000263269",0.0173076923076923,"GRIN2D","snv_control"
"9606.ENSP00000265077",0.0307692307692308,"VCAN","snv_control"
"9606.ENSP00000265077",0.0307692307692308,"VCAN","fs_control"
"9606.ENSP00000262177",0.0125,"DNAJB6","snv_control"
"9606.ENSP00000245564",0.00384615384615385,"MSTO1","snv_control"
"9606.ENSP00000245564",0.00384615384615385,"MSTO1","fs_control"
"9606.ENSP00000262461",0.0365384615384615,"SLC12A2","snv_control"
"9606.ENSP00000262461",0.0365384615384615,"SLC12A2","fs_control"
"9606.ENSP00000264028",0.0192307692307692,"ARCN1","snv_control"
"9606.ENSP00000264028",0.0192307692307692,"ARCN1","fs_control"
"9606.ENSP00000264414",0.0471153846153846,"CUL3","snv_control"
"9606.ENSP00000264834",0.0163461538461538,"KLF1","snv_control"
"9606.ENSP00000265056",0.0413461538461538,"MCM2","snv_control"
"9606.ENSP00000261917",0.0423076923076923,"HCN4","snv_control"
"9606.ENSP00000263431",0.0528846153846154,"PRKCG","snv_control"
"9606.ENSP00000261024",0.00865384615384615,"SLC40A1","fs_control"
"9606.ENSP00000261208",0.00769230769230769,"HAL","snv_control"
"9606.ENSP00000267163",0.0605769230769231,"RB1","snv_control"
"9606.ENSP00000267163",0.0605769230769231,"RB1","fs_control"
"9606.ENSP00000264932",0.0336538461538462,"SDHA","snv_control"
"9606.ENSP00000265316",0.00865384615384615,"ABCB6","snv_control"
"9606.ENSP00000263321",0.0211538461538462,"TYR","snv"
"9606.ENSP00000265113",0.0336538461538462,"SLC1A3","snv_control"
"9606.ENSP00000261726",0.00769230769230769,"CUX2","snv_control"
"9606.ENSP00000261726",0.00769230769230769,"CUX2","fs_control"
"9606.ENSP00000257749",0.00673076923076923,"BACH2","snv_control"
"9606.ENSP00000261007",0.00865384615384615,"CHRNA1","snv_control"
"9606.ENSP00000261007",0.00865384615384615,"CHRNA1","fs_control"
"9606.ENSP00000245503",0.0211538461538462,"MYH2","snv_control"
"9606.ENSP00000245503",0.0211538461538462,"MYH2","fs_control"
"9606.ENSP00000266079",0.0259615384615385,"PRPF6","snv_control"
"9606.ENSP00000257860",0.00288461538461538,"PRPH","snv_control"
"9606.ENSP00000265362",0.0259615384615385,"SEMA3A","snv_control"
"9606.ENSP00000267101",0.0567307692307692,"ERBB3","fs_control"
"9606.ENSP00000268603",0.025,"CDH11","snv_control"
"9606.ENSP00000268603",0.025,"CDH11","fs_control"
"9606.ENSP00000268124",0.0163461538461538,"POLG","fs"
"9606.ENSP00000268124",0.0163461538461538,"POLG","snv_control"
"9606.ENSP00000264731",0.0259615384615385,"TP63","snv"
"9606.ENSP00000266085",0.0471153846153846,"TIMP3","snv_control"
"9606.ENSP00000267415",0.0153846153846154,"TINF2","fs_control"
"9606.ENSP00000268489",0.0153846153846154,"ZFHX3","snv"
"9606.ENSP00000269141",0.0923076923076923,"CDH2","snv_control"
"9606.ENSP00000269216",0.0394230769230769,"GATA6","snv_control"
"9606.ENSP00000269216",0.0394230769230769,"GATA6","fs_control"
"9606.ENSP00000269305",0.259615384615385,"TP53","snv"
"9606.ENSP00000256103",0.00576923076923077,"PMP2","snv_control"
"9606.ENSP00000263780",0.0298076923076923,"CHMP2B","snv_control"
"9606.ENSP00000256737",0.00769230769230769,"ANO3","snv_control"
"9606.ENSP00000273063",0.00480769230769231,"SLC4A3","snv_control"
"9606.ENSP00000264649",0.0182692307692308,"ATP6V0A1","snv_control"
"9606.ENSP00000263857",0.0230769230769231,"POLR1A","snv_control"
"9606.ENSP00000263857",0.0230769230769231,"POLR1A","fs_control"
"9606.ENSP00000265593",0.0278846153846154,"CLCN2","snv_control"
"9606.ENSP00000265593",0.0278846153846154,"CLCN2","fs_control"
"9606.ENSP00000273077",0.00961538461538462,"PNKD","snv_control"
"9606.ENSP00000262450",0.0125,"CHD5","snv_control"
"9606.ENSP00000262450",0.0125,"CHD5","fs_control"
"9606.ENSP00000264637",0.0134615384615385,"THRA","snv_control"
"9606.ENSP00000273398",0.0201923076923077,"ATP6V1A","snv_control"
"9606.ENSP00000274276",0.00576923076923077,"OSMR","snv_control"
"9606.ENSP00000274376",0.0355769230769231,"RASA1","snv"
"9606.ENSP00000275493",0.195192307692308,"EGFR","snv_control"
"9606.ENSP00000275493",0.195192307692308,"EGFR","fs_control"
"9606.ENSP00000250894",0.0105769230769231,"MAPK8IP3","snv_control"
"9606.ENSP00000250894",0.0105769230769231,"MAPK8IP3","fs_control"
"9606.ENSP00000274547",0.0317307692307692,"GABRB2","snv_control"
"9606.ENSP00000270142",0.0490384615384615,"SOD1","snv_control"
"9606.ENSP00000277120",0.0625,"NTRK2","snv_control"
"9606.ENSP00000277865",0.0230769230769231,"GLUD1","snv_control"
"9606.ENSP00000263408",0.0134615384615385,"C9","snv_control"
"9606.ENSP00000263408",0.0134615384615385,"C9","fs_control"
"9606.ENSP00000266395",0.0182692307692308,"PDE6H","snv_control"
"9606.ENSP00000268125",0.0221153846153846,"RLBP1","snv_control"
"9606.ENSP00000268125",0.0221153846153846,"RLBP1","fs_control"
"9606.ENSP00000278407",0.0192307692307692,"SERPING1","snv"
"9606.ENSP00000278407",0.0192307692307692,"SERPING1","fs"
"9606.ENSP00000257215",0.00384615384615385,"DAGLA","fs"
"9606.ENSP00000269143",0.0230769230769231,"AFG3L2","snv_control"
"9606.ENSP00000278836",0.00673076923076923,"MYRF","snv_control"
"9606.ENSP00000278836",0.00673076923076923,"MYRF","fs_control"
"9606.ENSP00000265748",0.0355769230769231,"ANLN","snv_control"
"9606.ENSP00000271715",0.0125,"POGZ","snv"
"9606.ENSP00000281708",0.0721153846153846,"FBXW7","snv"
"9606.ENSP00000262215",0.0153846153846154,"ARFGEF1","snv_control"
"9606.ENSP00000262215",0.0153846153846154,"ARFGEF1","fs_control"
"9606.ENSP00000265343",0.00865384615384615,"AFF4","snv_control"
"9606.ENSP00000275034",0.00673076923076923,"PHIP","snv_control"
"9606.ENSP00000281928",0.0230769230769231,"MED13L","snv"
"9606.ENSP00000266376",0.075,"CACNA1C","fs_control"
"9606.ENSP00000265388",0.00673076923076923,"TNPO3","snv_control"
"9606.ENSP00000265388",0.00673076923076923,"TNPO3","fs_control"
"9606.ENSP00000265709",0.0259615384615385,"ANK1","snv"
"9606.ENSP00000273375",0.000961538461538462,"RABL3","snv_control"
"9606.ENSP00000265643",0.00288461538461538,"GAL","snv_control"
"9606.ENSP00000276390",0.0182692307692308,"ATP6V1B2","snv_control"
"9606.ENSP00000264917",0.00865384615384615,"PDE8B","snv_control"
"9606.ENSP00000264917",0.00865384615384615,"PDE8B","fs_control"
"9606.ENSP00000248244",0.0134615384615385,"TICAM1","snv_control"
"9606.ENSP00000262916",0.0230769230769231,"KCNQ4","snv_control"
"9606.ENSP00000262916",0.0230769230769231,"KCNQ4","fs_control"
"9606.ENSP00000283254",0.0336538461538462,"SCN3A","snv_control"
"9606.ENSP00000282928",0.0182692307692308,"ZIC1","snv"
"9606.ENSP00000283195",0.0278846153846154,"RANBP2","snv_control"
"9606.ENSP00000283195",0.0278846153846154,"RANBP2","fs_control"
"9606.ENSP00000278379",0.0490384615384615,"SLC1A2","snv_control"
"9606.ENSP00000278379",0.0490384615384615,"SLC1A2","fs_control"
"9606.ENSP00000281456",0.0259615384615385,"SLC25A4","fs_control"
"9606.ENSP00000282541",0.0201923076923077,"GPD1L","snv_control"
"9606.ENSP00000268638",0.0240384615384615,"IRF8","snv_control"
"9606.ENSP00000284440",0.0240384615384615,"UCHL1","snv_control"
"9606.ENSP00000284440",0.0240384615384615,"UCHL1","fs_control"
"9606.ENSP00000286628",0.0490384615384615,"KCNMA1","snv_control"
"9606.ENSP00000286628",0.0490384615384615,"KCNMA1","fs_control"
"9606.ENSP00000278780",0.00576923076923077,"OVOL2","snv_control"
"9606.ENSP00000287878",0.0471153846153846,"PRKAG2","snv_control"
"9606.ENSP00000268876",0.0182692307692308,"UNC45B","snv_control"
"9606.ENSP00000264009",0.0134615384615385,"HSF4","snv_control"
"9606.ENSP00000272190",0.0480769230769231,"REN","snv_control"
"9606.ENSP00000288139",0.0528846153846154,"CACNA1D","snv_control"
"9606.ENSP00000288139",0.0528846153846154,"CACNA1D","fs_control"
"9606.ENSP00000268231",0.00384615384615385,"SEPTIN12","snv_control"
"9606.ENSP00000288135",0.0990384615384615,"KIT","snv_control"
"9606.ENSP00000288135",0.0990384615384615,"KIT","fs_control"
"9606.ENSP00000261800",0.00192307692307692,"FAT2","snv_control"
"9606.ENSP00000263726",0.00769230769230769,"LHX4","fs_control"
"9606.ENSP00000287766",0.0432692307692308,"SLC6A1","snv_control"
"9606.ENSP00000285071",0.0144230769230769,"FLCN","snv"
"9606.ENSP00000291554",0.0125,"CRYAA","snv_control"
"9606.ENSP00000264956",0.00576923076923077,"EVC","snv_control"
"9606.ENSP00000294304",0.0365384615384615,"LRP5","snv"
"9606.ENSP00000295619",0.0163461538461538,"PROK2","snv_control"
"9606.ENSP00000269576",0.00961538461538462,"KRT10","snv_control"
"9606.ENSP00000289004",0.00480769230769231,"HPD","snv_control"
"9606.ENSP00000289004",0.00480769230769231,"HPD","fs_control"
"9606.ENSP00000290378",0.0644230769230769,"ACTC1","snv_control"
"9606.ENSP00000293217",0.0173076923076923,"ACOX1","snv_control"
"9606.ENSP00000293328",0.0586538461538462,"STAT5B","snv_control"
"9606.ENSP00000293328",0.0586538461538462,"STAT5B","fs_control"
"9606.ENSP00000278833",0.025,"ROM1","snv_control"
"9606.ENSP00000295108",0.0403846153846154,"NEUROD1","snv_control"
"9606.ENSP00000295897",0.170192307692308,"ALB","snv_control"
"9606.ENSP00000295897",0.170192307692308,"ALB","fs_control"
"9606.ENSP00000263461",0.00480769230769231,"WDR11","snv_control"
"9606.ENSP00000263461",0.00480769230769231,"WDR11","fs_control"
"9606.ENSP00000279488",0.0192307692307692,"DUSP6","snv_control"
"9606.ENSP00000263257",0.00961538461538462,"NOVA2","snv_control"
"9606.ENSP00000295454",0.0201923076923077,"GABRB1","snv_control"
"9606.ENSP00000274140",0.00769230769230769,"MARCHF6","snv_control"
"9606.ENSP00000261842",0.0105769230769231,"AP4E1","snv"
"9606.ENSP00000296526",0.0596153846153846,"GRIA2","snv_control"
"9606.ENSP00000296526",0.0596153846153846,"GRIA2","fs_control"
"9606.ENSP00000219596",0.0125,"MEFV","fs_control"
"9606.ENSP00000287139",0.0182692307692308,"NODAL","snv_control"
"9606.ENSP00000287139",0.0182692307692308,"NODAL","fs_control"
"9606.ENSP00000296271",0.0509615384615385,"RHO","snv"
"9606.ENSP00000281938",0.025,"HSPB8","snv_control"
"9606.ENSP00000249501",0.00865384615384615,"HOXD10","snv_control"
"9606.ENSP00000295731",0.0423076923076923,"IHH","snv_control"
"9606.ENSP00000295934",0.00961538461538462,"HESX1","snv_control"
"9606.ENSP00000296946",0.0105769230769231,"TBXT","snv_control"
"9606.ENSP00000296946",0.0105769230769231,"TBXT","fs_control"
"9606.ENSP00000282516",0.0307692307692308,"NIPBL","snv"
"9606.ENSP00000282516",0.0307692307692308,"NIPBL","fs"
"9606.ENSP00000287598",0.0365384615384615,"BUB1B","snv_control"
"9606.ENSP00000287598",0.0365384615384615,"BUB1B","fs_control"
"9606.ENSP00000297185",0.0548076923076923,"HSPA9","snv_control"
"9606.ENSP00000289104",0.0163461538461538,"MRAS","snv_control"
"9606.ENSP00000296755",0.0278846153846154,"MAP1B","snv_control"
"9606.ENSP00000296755",0.0278846153846154,"MAP1B","fs_control"
"9606.ENSP00000298510",0.0134615384615385,"PRDX3","snv_control"
"9606.ENSP00000280904",0.0259615384615385,"DSC2","snv_control"
"9606.ENSP00000280904",0.0259615384615385,"DSC2","fs_control"
"9606.ENSP00000298910",0.109615384615385,"LRRK2","snv_control"
"9606.ENSP00000289746",0.0153846153846154,"CDH15","snv_control"
"9606.ENSP00000287239",0.0173076923076923,"KAT6B","snv"
"9606.ENSP00000287239",0.0173076923076923,"KAT6B","fs"
"9606.ENSP00000299084",0.0192307692307692,"SPRED1","snv"
"9606.ENSP00000270722",0.0105769230769231,"PRDM16","snv_control"
"9606.ENSP00000270722",0.0105769230769231,"PRDM16","fs_control"
"9606.ENSP00000299022",0.0153846153846154,"LIPC","snv_control"
"9606.ENSP00000292427",0.00865384615384615,"CYP11B1","snv"
"9606.ENSP00000295550",0.0288461538461538,"COL6A3","snv_control"
"9606.ENSP00000295550",0.0288461538461538,"COL6A3","fs_control"
"9606.ENSP00000296795",0.0307692307692308,"TLR3","snv_control"
"9606.ENSP00000297784",0.0105769230769231,"TMC1","snv_control"
"9606.ENSP00000297784",0.0105769230769231,"TMC1","fs_control"
"9606.ENSP00000293760",0.0173076923076923,"LEMD2","fs_control"
"9606.ENSP00000300249",0.0173076923076923,"MAPRE2","snv_control"
"9606.ENSP00000300249",0.0173076923076923,"MAPRE2","fs_control"
"9606.ENSP00000271628",0.0144230769230769,"SF3B4","fs_control"
"9606.ENSP00000298552",0.0173076923076923,"TSC1","snv_control"
"9606.ENSP00000301691",0.0211538461538462,"SOST","fs_control"
"9606.ENSP00000295600",0.0336538461538462,"MITF","snv"
"9606.ENSP00000296318",0.0211538461538462,"IL17RD","snv_control"
"9606.ENSP00000297261",0.103846153846154,"SHH","snv"
"9606.ENSP00000302486",0.0759615384615385,"MAP2K1","snv_control"
"9606.ENSP00000303830",0.0375,"INSR","snv_control"
"9606.ENSP00000303830",0.0375,"INSR","fs_control"
"9606.ENSP00000290310",0.0288461538461538,"KCNE2","snv_control"
"9606.ENSP00000297338",0.05,"RAD21","snv_control"
"9606.ENSP00000299441",0.00865384615384615,"DCHS1","snv"
"9606.ENSP00000303394",0.0346153846153846,"HSPB3","snv_control"
"9606.ENSP00000295728",0.00673076923076923,"CRYBA2","snv_control"
"9606.ENSP00000304669",0.0471153846153846,"CTNNA1","snv_control"
"9606.ENSP00000304669",0.0471153846153846,"CTNNA1","fs_control"
"9606.ENSP00000306983",0.0144230769230769,"YEATS2","snv_control"
"9606.ENSP00000298251",0.00865384615384615,"HEPACAM","snv_control"
"9606.ENSP00000302625",0.0413461538461538,"AXIN2","snv_control"
"9606.ENSP00000302625",0.0413461538461538,"AXIN2","fs_control"
"9606.ENSP00000262483",0.00865384615384615,"PITPNM3","snv_control"
"9606.ENSP00000262483",0.00865384615384615,"PITPNM3","fs_control"
"9606.ENSP00000301653",0.00769230769230769,"KRT16","snv_control"
"9606.ENSP00000301653",0.00769230769230769,"KRT16","fs_control"
"9606.ENSP00000264870",0.00961538461538462,"F13A1","snv"
"9606.ENSP00000264870",0.00961538461538462,"F13A1","fs_control"
"9606.ENSP00000296695",0.00961538461538462,"SPINK1","fs_control"
"9606.ENSP00000300061",0.0278846153846154,"SCNN1G","fs_control"
"9606.ENSP00000308541",0.0432692307692308,"F2","snv"
"9606.ENSP00000308541",0.0432692307692308,"F2","fs_control"
"9606.ENSP00000308610",0.0134615384615385,"GPD2","snv_control"
"9606.ENSP00000299138",0.0173076923076923,"VPS35","snv_control"
"9606.ENSP00000296543",0.00576923076923077,"NAA15","snv"
"9606.ENSP00000296543",0.00576923076923077,"NAA15","fs_control"
"9606.ENSP00000274054",0.00384615384615385,"NAF1","snv_control"
"9606.ENSP00000283179",0.0278846153846154,"HNRNPU","fs"
"9606.ENSP00000283179",0.0278846153846154,"HNRNPU","snv_control"
"9606.ENSP00000283179",0.0278846153846154,"HNRNPU","fs_control"
"9606.ENSP00000301764",0.0461538461538462,"DDB1","snv_control"
"9606.ENSP00000303208",0.0221153846153846,"PCSK9","snv_control"
"9606.ENSP00000303208",0.0221153846153846,"PCSK9","fs_control"
"9606.ENSP00000299626",0.00576923076923077,"ALG8","snv"
"9606.ENSP00000225927",0.00384615384615385,"NAGLU","snv"
"9606.ENSP00000307208",0.0519230769230769,"BPTF","snv_control"
"9606.ENSP00000301141",0.00480769230769231,"CYP2A6","snv_control"
"9606.ENSP00000303960",0.0317307692307692,"ABCC8","snv"
"9606.ENSP00000307900",0.0288461538461538,"GLUL","fs_control"
"9606.ENSP00000309572",0.0701923076923077,"TERT","snv_control"
"9606.ENSP00000308938",0.0538461538461538,"PLG","fs_control"
"9606.ENSP00000271588",0.0134615384615385,"HMCN1","snv_control"
"9606.ENSP00000297157",0.0211538461538462,"RP9","snv_control"
"9606.ENSP00000301740",0.0153846153846154,"SRRM2","snv_control"
"9606.ENSP00000301740",0.0153846153846154,"SRRM2","fs_control"
"9606.ENSP00000311135",0.00961538461538462,"DHX37","snv_control"
"9606.ENSP00000311135",0.00961538461538462,"DHX37","fs_control"
"9606.ENSP00000312987",0.0759615384615385,"HNF4A","snv"
"9606.ENSP00000286835",0.00576923076923077,"SCAF4","snv_control"
"9606.ENSP00000286835",0.00576923076923077,"SCAF4","fs_control"
"9606.ENSP00000296003",0.00961538461538462,"MTMR14","snv_control"
"9606.ENSP00000309913",0.0423076923076923,"TBX5","snv"
"9606.ENSP00000315379",0.0298076923076923,"PRPF3","fs_control"
"9606.ENSP00000296474",0.0173076923076923,"MST1R","snv_control"
"9606.ENSP00000301071",0.0346153846153846,"TUBA1A","snv_control"
"9606.ENSP00000261167",0.00192307692307692,"WBP11","snv_control"
"9606.ENSP00000317123",0.0413461538461538,"SNRNP200","snv_control"
"9606.ENSP00000317123",0.0413461538461538,"SNRNP200","fs_control"
"9606.ENSP00000314299",0.0115384615384615,"CFHR1","snv_control"
"9606.ENSP00000305260",0.0413461538461538,"GNB2","snv_control"
"9606.ENSP00000314214",0.0240384615384615,"VAMP2","snv_control"
"9606.ENSP00000314214",0.0240384615384615,"VAMP2","fs_control"
"9606.ENSP00000312379",0.0221153846153846,"KMT2E","snv"
"9606.ENSP00000312379",0.0221153846153846,"KMT2E","fs"
"9606.ENSP00000316578",0.0461538461538462,"SUZ12","snv"
"9606.ENSP00000317272",0.0653846153846154,"MET","snv_control"
"9606.ENSP00000320147",0.105769230769231,"EZH2","snv_control"
"9606.ENSP00000318697",0.0144230769230769,"TUBB6","snv_control"
"9606.ENSP00000294725",0.00865384615384615,"KCNT2","fs_control"
"9606.ENSP00000301945",0.00865384615384615,"ANTXR1","snv_control"
"9606.ENSP00000301945",0.00865384615384615,"ANTXR1","fs_control"
"9606.ENSP00000310120",0.00769230769230769,"ALG10B","snv_control"
"9606.ENSP00000311997",0.0259615384615385,"NEFH","snv_control"
"9606.ENSP00000320025",0.0423076923076923,"CACNB2","snv_control"
"9606.ENSP00000320485",0.0644230769230769,"ARID1A","snv"
"9606.ENSP00000320485",0.0644230769230769,"ARID1A","fs"
"9606.ENSP00000288266",0.0134615384615385,"APPL1","snv_control"
"9606.ENSP00000300055",0.0182692307692308,"PLIN1","snv_control"
"9606.ENSP00000300055",0.0182692307692308,"PLIN1","fs_control"
"9606.ENSP00000299698",0.0105769230769231,"A2ML1","snv_control"
"9606.ENSP00000309334",0.0230769230769231,"RPL15","snv_control"
"9606.ENSP00000315371",0.00865384615384615,"ANO5","snv"
"9606.ENSP00000321797",0.075,"FGF8","snv_control"
"9606.ENSP00000308369",0.0153846153846154,"LEMD3","snv"
"9606.ENSP00000316054",0.025,"DVL3","fs"
"9606.ENSP00000316054",0.025,"DVL3","snv_control"
"9606.ENSP00000322570",0.0480769230769231,"POLE","snv_control"
"9606.ENSP00000322570",0.0480769230769231,"POLE","fs_control"
"9606.ENSP00000304408",0.0480769230769231,"COL3A1","snv"
"9606.ENSP00000325146",0.0230769230769231,"COL12A1","snv_control"
"9606.ENSP00000320949",0.0259615384615385,"CNOT1","snv_control"
"9606.ENSP00000320949",0.0259615384615385,"CNOT1","fs_control"
"9606.ENSP00000323967",0.0288461538461538,"SMARCE1","snv_control"
"9606.ENSP00000323967",0.0288461538461538,"SMARCE1","fs_control"
"9606.ENSP00000300134",0.0298076923076923,"STAT6","snv_control"
"9606.ENSP00000304987",0.0115384615384615,"BFSP2","snv_control"
"9606.ENSP00000304987",0.0115384615384615,"BFSP2","fs_control"
"9606.ENSP00000303992",0.0240384615384615,"TMEM43","snv_control"
"9606.ENSP00000303992",0.0240384615384615,"TMEM43","fs_control"
"9606.ENSP00000323856",0.05,"PLEC","snv"
"9606.ENSP00000323856",0.05,"PLEC","fs"
"9606.ENSP00000306881",0.0153846153846154,"SEC23A","snv_control"
"9606.ENSP00000323568",0.0259615384615385,"SLC2A2","snv_control"
"9606.ENSP00000315775",0.0105769230769231,"COG4","fs_control"
"9606.ENSP00000327801",0.0451923076923077,"P4HB","snv_control"
"9606.ENSP00000329419",0.0134615384615385,"COPB2","snv_control"
"9606.ENSP00000329419",0.0134615384615385,"COPB2","fs_control"
"9606.ENSP00000304956",0.0105769230769231,"MN1","snv"
"9606.ENSP00000304956",0.0105769230769231,"MN1","fs"
"9606.ENSP00000325527",0.0346153846153846,"FBN1","snv"
"9606.ENSP00000325527",0.0346153846153846,"FBN1","fs"
"9606.ENSP00000288955",0.00673076923076923,"GRHL3","snv_control"
"9606.ENSP00000288955",0.00673076923076923,"GRHL3","fs_control"
"9606.ENSP00000318861",0.0221153846153846,"SF3B2","snv_control"
"9606.ENSP00000318861",0.0221153846153846,"SF3B2","fs_control"
"9606.ENSP00000306522",0.00576923076923077,"CAMTA1","snv_control"
"9606.ENSP00000306522",0.00576923076923077,"CAMTA1","fs_control"
"9606.ENSP00000323275",0.00480769230769231,"DNAAF4","snv_control"
"9606.ENSP00000323275",0.00480769230769231,"DNAAF4","fs_control"
"9606.ENSP00000325785",0.00576923076923077,"SPECC1L","snv_control"
"9606.ENSP00000327145",0.0365384615384615,"FLNC","snv"
"9606.ENSP00000327145",0.0365384615384615,"FLNC","fs"
"9606.ENSP00000321999",0.0192307692307692,"PTH1R","snv_control"
"9606.ENSP00000308725",0.0317307692307692,"GABRB3","snv_control"
"9606.ENSP00000322460",0.0384615384615385,"SCN4B","snv_control"
"9606.ENSP00000266980",0.00384615384615385,"SLC39A5","snv_control"
"9606.ENSP00000266980",0.00384615384615385,"SLC39A5","fs_control"
"9606.ENSP00000329967",0.0403846153846154,"TBK1","snv_control"
"9606.ENSP00000329967",0.0403846153846154,"TBK1","fs_control"
"9606.ENSP00000325819",0.0230769230769231,"NR2F1","snv"
"9606.ENSP00000332296",0.0201923076923077,"RARB","snv"
"9606.ENSP00000332973",0.100961538461538,"SMAD3","snv_control"
"9606.ENSP00000334198",0.0442307692307692,"CACNA1H","snv_control"
"9606.ENSP00000321427",0.0153846153846154,"KCNH5","snv_control"
"9606.ENSP00000335592",0.0240384615384615,"GABRA5","snv_control"
"9606.ENSP00000327054",0.0211538461538462,"LMNB2","snv_control"
"9606.ENSP00000327054",0.0211538461538462,"LMNB2","fs_control"
"9606.ENSP00000326381",0.0259615384615385,"EIF4A2","snv_control"
"9606.ENSP00000326381",0.0259615384615385,"EIF4A2","fs_control"
"9606.ENSP00000331614",0.0442307692307692,"IKZF1","snv_control"
"9606.ENSP00000301015",0.0134615384615385,"PIEZO1","fs"
"9606.ENSP00000301015",0.0134615384615385,"PIEZO1","snv_control"
"9606.ENSP00000301365",0.0105769230769231,"TRPV3","snv_control"
"9606.ENSP00000317674",0.0105769230769231,"APOL1","snv_control"
"9606.ENSP00000331327",0.0615384615384615,"WT1","snv"
"9606.ENSP00000312673",0.0182692307692308,"GH1","snv_control"
"9606.ENSP00000324804",0.0596153846153846,"PPP2R1A","snv_control"
"9606.ENSP00000324804",0.0596153846153846,"PPP2R1A","fs_control"
"9606.ENSP00000339191",0.113461538461538,"CAV1","snv_control"
"9606.ENSP00000286063",0.0115384615384615,"PDE11A","snv_control"
"9606.ENSP00000286063",0.0115384615384615,"PDE11A","fs_control"
"9606.ENSP00000339933",0.0259615384615385,"PKLR","snv"
"9606.ENSP00000329757",0.0125,"ATP6V0C","fs_control"
"9606.ENSP00000340330",0.0605769230769231,"KAT5","snv_control"
"9606.ENSP00000312397",0.0125,"KLHL3","snv"
"9606.ENSP00000312397",0.0125,"KLHL3","fs_control"
"9606.ENSP00000340329",0.0105769230769231,"CAPRIN1","snv_control"
"9606.ENSP00000340329",0.0105769230769231,"CAPRIN1","fs_control"
"9606.ENSP00000322251",0.00288461538461538,"TNNI3K","snv_control"
"9606.ENSP00000333568",0.0163461538461538,"PRKD1","snv_control"
"9606.ENSP00000333568",0.0163461538461538,"PRKD1","fs_control"
"9606.ENSP00000333938",0.0182692307692308,"NEXN","snv_control"
"9606.ENSP00000333938",0.0182692307692308,"NEXN","fs_control"
"9606.ENSP00000340874",0.0586538461538462,"MEF2C","snv_control"
"9606.ENSP00000340874",0.0586538461538462,"MEF2C","fs_control"
"9606.ENSP00000294785",0.0144230769230769,"NCSTN","snv_control"
"9606.ENSP00000294785",0.0144230769230769,"NCSTN","fs_control"
"9606.ENSP00000340944",0.0951923076923077,"PTPN11","snv_control"
"9606.ENSP00000340944",0.0951923076923077,"PTPN11","fs_control"
"9606.ENSP00000327048",0.0346153846153846,"MAF","snv_control"
"9606.ENSP00000284274",0.00480769230769231,"OTULIN","snv_control"
"9606.ENSP00000303511",0.00480769230769231,"PEX6","snv_control"
"9606.ENSP00000306682",0.0144230769230769,"PPM1D","snv"
"9606.ENSP00000306682",0.0144230769230769,"PPM1D","fs"
"9606.ENSP00000295888",0.00961538461538462,"WDFY3","snv_control"
"9606.ENSP00000295888",0.00961538461538462,"WDFY3","fs_control"
"9606.ENSP00000334051",0.025,"GNAL","fs_control"
"9606.ENSP00000337383",0.0317307692307692,"NLRP3","snv_control"
"9606.ENSP00000342235",0.0663461538461538,"ERBB4","snv_control"
"9606.ENSP00000342235",0.0663461538461538,"ERBB4","fs_control"
"9606.ENSP00000338629",0.00865384615384615,"RERE","snv_control"
"9606.ENSP00000323880",0.0163461538461538,"FOXJ1","snv_control"
"9606.ENSP00000335044",0.0346153846153846,"ARID2","snv"
"9606.ENSP00000335044",0.0346153846153846,"ARID2","fs_control"
"9606.ENSP00000341826",0.0509615384615385,"HNRNPA1","snv_control"
"9606.ENSP00000343535",0.0355769230769231,"USP7","snv_control"
"9606.ENSP00000343535",0.0355769230769231,"USP7","fs_control"
"9606.ENSP00000343925",0.0480769230769231,"ESR2","snv_control"
"9606.ENSP00000270162",0.00384615384615385,"SIK1","snv_control"
"9606.ENSP00000270162",0.00384615384615385,"SIK1","fs_control"
"9606.ENSP00000306754",0.00673076923076923,"NEUROD2","snv_control"
"9606.ENSP00000316909",0.0211538461538462,"SLC17A8","snv_control"
"9606.ENSP00000344456",0.264423076923077,"CTNNB1","snv_control"
"9606.ENSP00000318944",0.00673076923076923,"TRAF7","snv_control"
"9606.ENSP00000331544",0.0192307692307692,"FBLN1","snv_control"
"9606.ENSP00000309606",0.00576923076923077,"ZNF408","snv_control"
"9606.ENSP00000309606",0.00576923076923077,"ZNF408","fs_control"
"9606.ENSP00000340913",0.0317307692307692,"TRPC6","snv"
"9606.ENSP00000340913",0.0317307692307692,"TRPC6","fs"
"9606.ENSP00000264245",0.00480769230769231,"ARHGAP31","fs_control"
"9606.ENSP00000345206",0.0538461538461538,"RBPJ","snv_control"
"9606.ENSP00000267845",0.00480769230769231,"HDC","snv_control"
"9606.ENSP00000341292",0.0192307692307692,"WNK1","snv_control"
"9606.ENSP00000341292",0.0192307692307692,"WNK1","fs_control"
"9606.ENSP00000337008",0.00384615384615385,"ZNF644","snv_control"
"9606.ENSP00000304945",0.00961538461538462,"ROBO4","snv_control"
"9606.ENSP00000304945",0.00961538461538462,"ROBO4","fs_control"
"9606.ENSP00000342626",0.0288461538461538,"EYA1","snv"
"9606.ENSP00000342626",0.0288461538461538,"EYA1","fs"
"9606.ENSP00000345008",0.0144230769230769,"FBLN5","snv_control"
"9606.ENSP00000341838",0.0557692307692308,"TNNI3","fs_control"
"9606.ENSP00000345719",0.0153846153846154,"TOR1A","snv_control"
"9606.ENSP00000339867",0.0269230769230769,"CLCN1","snv"
"9606.ENSP00000347055",0.0269230769230769,"MYL4","fs_control"
"9606.ENSP00000344479",0.0211538461538462,"NR4A2","snv_control"
"9606.ENSP00000345681",0.0567307692307692,"GATA2","fs"
"9606.ENSP00000323740",0.00769230769230769,"UCP3","snv_control"
"9606.ENSP00000341083",0.0173076923076923,"NPR2","snv"
"9606.ENSP00000341083",0.0173076923076923,"NPR2","fs_control"
"9606.ENSP00000343741",0.0413461538461538,"ATR","snv_control"
"9606.ENSP00000343741",0.0413461538461538,"ATR","fs_control"
"9606.ENSP00000339299",0.00673076923076923,"TRIO","snv_control"
"9606.ENSP00000339299",0.00673076923076923,"TRIO","fs_control"
"9606.ENSP00000344666",0.0317307692307692,"NF2","snv_control"
"9606.ENSP00000346839",0.1625,"FN1","snv_control"
"9606.ENSP00000346839",0.1625,"FN1","fs_control"
"9606.ENSP00000347184",0.0730769230769231,"HTT","snv_control"
"9606.ENSP00000347184",0.0730769230769231,"HTT","fs_control"
"9606.ENSP00000345502",0.0278846153846154,"PDE4D","snv_control"
"9606.ENSP00000322937",0.0153846153846154,"LRSAM1","snv"
"9606.ENSP00000322937",0.0153846153846154,"LRSAM1","fs"
"9606.ENSP00000326042",0.00865384615384615,"TUBA3D","snv_control"
"9606.ENSP00000333326",0.0173076923076923,"TUBA8","snv_control"
"9606.ENSP00000337040",0.0125,"UNC119","snv_control"
"9606.ENSP00000316454",0.00673076923076923,"PACS1","snv_control"
"9606.ENSP00000348573",0.0394230769230769,"AKAP9","snv_control"
"9606.ENSP00000348965",0.0403846153846154,"DYNC1H1","snv_control"
"9606.ENSP00000349259",0.0365384615384615,"SPTBN1","snv_control"
"9606.ENSP00000349259",0.0365384615384615,"SPTBN1","fs_control"
"9606.ENSP00000346879",0.0490384615384615,"NKX2-1","snv"
"9606.ENSP00000333097",0.00288461538461538,"FIGLA","snv_control"
"9606.ENSP00000339883",0.0182692307692308,"LBR","snv_control"
"9606.ENSP00000349351",0.00961538461538462,"BICD2","snv_control"
"9606.ENSP00000350162",0.0134615384615385,"SYCP2","snv_control"
"9606.ENSP00000350162",0.0134615384615385,"SYCP2","fs_control"
"9606.ENSP00000298596",0.00480769230769231,"STOX1","snv_control"
"9606.ENSP00000327943",0.00865384615384615,"SLC5A2","snv"
"9606.ENSP00000345055",0.0221153846153846,"KCNQ5","snv_control"
"9606.ENSP00000345055",0.0221153846153846,"KCNQ5","fs_control"
"9606.ENSP00000345751",0.0182692307692308,"SCNN1B","snv"
"9606.ENSP00000348461",0.0701923076923077,"RAC1","snv_control"
"9606.ENSP00000347507",0.0461538461538462,"MYH7","snv_control"
"9606.ENSP00000318016",0.0115384615384615,"WASHC5","snv_control"
"9606.ENSP00000318016",0.0115384615384615,"WASHC5","fs_control"
"9606.ENSP00000350896",0.0269230769230769,"EPHB4","snv"
"9606.ENSP00000351015",0.0884615384615385,"NF1","snv_control"
"9606.ENSP00000351015",0.0884615384615385,"NF1","fs_control"
"9606.ENSP00000297661",0.00576923076923077,"UBAP1","snv_control"
"9606.ENSP00000297661",0.00576923076923077,"UBAP1","fs_control"
"9606.ENSP00000346067",0.0336538461538462,"RPSA","snv_control"
"9606.ENSP00000351022",0.0403846153846154,"TPM1","snv_control"
"9606.ENSP00000351807",0.0519230769230769,"ELN","snv_control"
"9606.ENSP00000351807",0.0519230769230769,"ELN","fs_control"
"9606.ENSP00000307342",0.0105769230769231,"HCN1","snv_control"
"9606.ENSP00000307342",0.0105769230769231,"HCN1","fs_control"
"9606.ENSP00000349588",0.0490384615384615,"ANK2","snv_control"
"9606.ENSP00000349588",0.0490384615384615,"ANK2","fs_control"
"9606.ENSP00000352011",0.0451923076923077,"CACNA1G","snv_control"
"9606.ENSP00000341280",0.0221153846153846,"JARID2","snv_control"
"9606.ENSP00000351777",0.0682692307692308,"VCP","snv_control"
"9606.ENSP00000351777",0.0682692307692308,"VCP","fs_control"
"9606.ENSP00000220676",0.00192307692307692,"RP1","snv"
"9606.ENSP00000220676",0.00192307692307692,"RP1","fs"
"9606.ENSP00000347454",0.0298076923076923,"ANO1","snv_control"
"9606.ENSP00000350815",0.0201923076923077,"NR3C2","snv"
"9606.ENSP00000349076",0.0201923076923077,"ATN1","snv_control"
"9606.ENSP00000352035",0.0682692307692308,"KCNQ2","snv"
"9606.ENSP00000352035",0.0682692307692308,"KCNQ2","fs"
"9606.ENSP00000349723",0.0278846153846154,"BCL11B","fs"
"9606.ENSP00000351155",0.00865384615384615,"ATL1","snv_control"
"9606.ENSP00000351155",0.00865384615384615,"ATL1","fs_control"
"9606.ENSP00000326247",0.00384615384615385,"SAMD9L","snv_control"
"9606.ENSP00000351905",0.0586538461538462,"TGFBR2","snv"
"9606.ENSP00000353401",0.0307692307692308,"CUX1","snv_control"
"9606.ENSP00000353362",0.0711538461538462,"CACNA1A","snv_control"
"9606.ENSP00000348069",0.0480769230769231,"SREBF1","snv_control"
"9606.ENSP00000348069",0.0480769230769231,"SREBF1","fs_control"
"9606.ENSP00000352925",0.05,"TRRAP","snv_control"
"9606.ENSP00000352925",0.05,"TRRAP","fs_control"
"9606.ENSP00000354394",0.0778846153846154,"STAT1","snv_control"
"9606.ENSP00000354394",0.0778846153846154,"STAT1","fs_control"
"9606.ENSP00000316512",0.00673076923076923,"TLK2","snv"
"9606.ENSP00000316512",0.00673076923076923,"TLK2","fs_control"
"9606.ENSP00000350719",0.0288461538461538,"SYNE2","snv_control"
"9606.ENSP00000350719",0.0288461538461538,"SYNE2","fs_control"
"9606.ENSP00000288699",0.00961538461538462,"DPYSL5","snv_control"
"9606.ENSP00000344488",0.00480769230769231,"JPH1","snv_control"
"9606.ENSP00000344488",0.00480769230769231,"JPH1","fs_control"
"9606.ENSP00000354490",0.0269230769230769,"ATP1A2","snv"
"9606.ENSP00000317379",0.0105769230769231,"GLS","fs_control"
"9606.ENSP00000351957",0.0144230769230769,"PDE3A","snv_control"
"9606.ENSP00000355192",0.0375,"CACNA1S","snv_control"
"9606.ENSP00000355518",0.0211538461538462,"FH","snv"
"9606.ENSP00000355518",0.0211538461538462,"FH","fs"
"9606.ENSP00000352455",0.0182692307692308,"MFAP5","snv_control"
"9606.ENSP00000355245",0.0163461538461538,"PAX9","snv_control"
"9606.ENSP00000355800",0.00192307692307692,"TMEM63A","snv_control"
"9606.ENSP00000355800",0.00192307692307692,"TMEM63A","fs_control"
"9606.ENSP00000341565",0.00288461538461538,"FAM111B","snv_control"
"9606.ENSP00000354720",0.0490384615384615,"SMC3","snv_control"
"9606.ENSP00000354720",0.0490384615384615,"SMC3","fs_control"
"9606.ENSP00000352208",0.00865384615384615,"MYOF","snv_control"
"9606.ENSP00000353292",0.0278846153846154,"SCNN1A","snv_control"
"9606.ENSP00000353292",0.0278846153846154,"SCNN1A","fs_control"
"9606.ENSP00000354111",0.0134615384615385,"DNAJC5","snv_control"
"9606.ENSP00000313875",0.0125,"CD46","snv_control"
"9606.ENSP00000313875",0.0125,"CD46","fs_control"
"9606.ENSP00000348089",0.0259615384615385,"ERCC6","snv_control"
"9606.ENSP00000356395",0.00865384615384615,"CFHR3","snv_control"
"9606.ENSP00000346986",0.0105769230769231,"WAC","snv"
"9606.ENSP00000343273",0.0211538461538462,"KLHL7","snv_control"
"9606.ENSP00000343273",0.0211538461538462,"KLHL7","fs_control"
"9606.ENSP00000355988",0.025,"IRF6","snv"
"9606.ENSP00000355533",0.0730769230769231,"RYR2","snv_control"
"9606.ENSP00000355533",0.0730769230769231,"RYR2","fs_control"
"9606.ENSP00000356530",0.0125,"RNASEL","snv_control"
"9606.ENSP00000342144",0.0105769230769231,"EVC2","snv"
"9606.ENSP00000286186",0.00673076923076923,"CASP10","snv_control"
"9606.ENSP00000356671",0.0288461538461538,"SERPINC1","snv"
"9606.ENSP00000354032",0.0240384615384615,"BSCL2","snv_control"
"9606.ENSP00000356224",0.0346153846153846,"SYNE1","snv"
"9606.ENSP00000356224",0.0346153846153846,"SYNE1","fs_control"
"9606.ENSP00000356405",0.0221153846153846,"CDC73","snv_control"
"9606.ENSP00000356405",0.0221153846153846,"CDC73","fs_control"
"9606.ENSP00000356399",0.0259615384615385,"CFH","snv"
"9606.ENSP00000340466",0.00961538461538462,"GANAB","snv_control"
"9606.ENSP00000355896",0.0548076923076923,"TGFB2","snv"
"9606.ENSP00000356426",0.0259615384615385,"TAB2","snv_control"
"9606.ENSP00000356426",0.0259615384615385,"TAB2","fs_control"
"9606.ENSP00000354558",0.100961538461538,"MTOR","snv_control"
"9606.ENSP00000354558",0.100961538461538,"MTOR","fs_control"
"9606.ENSP00000357305",0.00480769230769231,"RIT1","snv_control"
"9606.ENSP00000351790",0.0153846153846154,"MYPN","snv_control"
"9606.ENSP00000351790",0.0153846153846154,"MYPN","fs_control"
"9606.ENSP00000357283",0.0807692307692308,"LMNA","snv_control"
"9606.ENSP00000357283",0.0807692307692308,"LMNA","fs_control"
"9606.ENSP00000351209",0.0394230769230769,"EPHA2","snv_control"
"9606.ENSP00000356713",0.0201923076923077,"IFNGR1","snv_control"
"9606.ENSP00000358464",0.0192307692307692,"SHOC2","snv_control"
"9606.ENSP00000358423",0.0125,"RRAGD","snv_control"
"9606.ENSP00000347684",0.0201923076923077,"LMX1B","snv_control"
"9606.ENSP00000303028",0.000961538461538462,"TM4SF20","snv_control"
"9606.ENSP00000354878",0.0163461538461538,"KIF21A","snv"
"9606.ENSP00000354878",0.0163461538461538,"KIF21A","fs_control"
"9606.ENSP00000354896",0.0471153846153846,"GRM1","snv_control"
"9606.ENSP00000356825",0.0278846153846154,"ADCY10","snv_control"
"9606.ENSP00000356825",0.0278846153846154,"ADCY10","fs_control"
"9606.ENSP00000358548",0.0990384615384615,"NRAS","snv_control"
"9606.ENSP00000356236",0.0240384615384615,"SYT2","snv_control"
"9606.ENSP00000356236",0.0240384615384615,"SYT2","fs_control"
"9606.ENSP00000349790",0.0240384615384615,"COL9A1","snv_control"
"9606.ENSP00000349790",0.0240384615384615,"COL9A1","fs_control"
"9606.ENSP00000356899",0.0240384615384615,"DDR2","snv_control"
"9606.ENSP00000356370",0.0317307692307692,"CRB1","snv"
"9606.ENSP00000356370",0.0317307692307692,"CRB1","fs"
"9606.ENSP00000358966",0.00769230769230769,"IMPG1","snv_control"
"9606.ENSP00000358966",0.00769230769230769,"IMPG1","fs_control"
"9606.ENSP00000354511",0.0163461538461538,"COMT","snv_control"
"9606.ENSP00000355568",0.00288461538461538,"IRF2BP2","snv_control"
"9606.ENSP00000356545",0.0240384615384615,"CACNA1E","snv_control"
"9606.ENSP00000356545",0.0240384615384615,"CACNA1E","fs_control"
"9606.ENSP00000359285",0.0259615384615385,"CHRNA4","snv_control"
"9606.ENSP00000359285",0.0259615384615385,"CHRNA4","fs_control"
"9606.ENSP00000358867",0.0394230769230769,"GNAI3","snv_control"
"9606.ENSP00000358867",0.0394230769230769,"GNAI3","fs_control"
"9606.ENSP00000360107",0.0125,"EFHC1","snv_control"
"9606.ENSP00000360107",0.0125,"EFHC1","fs_control"
"9606.ENSP00000359956",0.00769230769230769,"ELOVL5","snv_control"
"9606.ENSP00000360472",0.0240384615384615,"LGI1","snv"
"9606.ENSP00000359114",0.0307692307692308,"COL11A1","snv_control"
"9606.ENSP00000359114",0.0307692307692308,"COL11A1","fs_control"
"9606.ENSP00000352516",0.0634615384615385,"DNMT1","snv_control"
"9606.ENSP00000356694",0.0230769230769231,"FASLG","fs_control"
"9606.ENSP00000358335",0.0403846153846154,"MAP3K7","snv_control"
"9606.ENSP00000359345",0.0365384615384615,"RPL5","snv_control"
"9606.ENSP00000360141",0.0557692307692308,"GNAS","snv"
"9606.ENSP00000360683",0.0394230769230769,"PTPN1","snv_control"
"9606.ENSP00000351185",0.0298076923076923,"DNA2","snv_control"
"9606.ENSP00000351185",0.0298076923076923,"DNA2","fs_control"
"9606.ENSP00000356562",0.00576923076923077,"XPR1","snv_control"
"9606.ENSP00000361021",0.163461538461538,"PTEN","snv"
"9606.ENSP00000361064",0.00673076923076923,"MINPP1","snv_control"
"9606.ENSP00000357048",0.0153846153846154,"COPA","snv_control"
"9606.ENSP00000360608",0.0567307692307692,"GRIN1","fs_control"
"9606.ENSP00000360822",0.0355769230769231,"KCNT1","snv_control"
"9606.ENSP00000360822",0.0355769230769231,"KCNT1","fs_control"
"9606.ENSP00000360882",0.0365384615384615,"COL5A1","snv"
"9606.ENSP00000360882",0.0365384615384615,"COL5A1","fs"
"9606.ENSP00000358994",0.0346153846153846,"MYO6","snv"
"9606.ENSP00000358994",0.0346153846153846,"MYO6","fs"
"9606.ENSP00000354335",0.00576923076923077,"MPEG1","snv_control"
"9606.ENSP00000361423",0.0826923076923077,"ABL1","snv_control"
"9606.ENSP00000361107",0.0346153846153846,"BMPR1A","snv"
"9606.ENSP00000361554",0.00769230769230769,"TIE1","snv_control"
"9606.ENSP00000361824",0.0442307692307692,"SPTAN1","snv_control"
"9606.ENSP00000361824",0.0442307692307692,"SPTAN1","fs_control"
"9606.ENSP00000362014",0.0442307692307692,"DNM1","snv_control"
"9606.ENSP00000362014",0.0442307692307692,"DNM1","fs_control"
"9606.ENSP00000279036",0.000961538461538462,"PIGT","snv_control"
"9606.ENSP00000360268",0.0326923076923077,"ALDH18A1","snv_control"
"9606.ENSP00000361287",0.0125,"MAT1A","snv_control"
"9606.ENSP00000362340",0.00288461538461538,"NCDN","fs_control"
"9606.ENSP00000293303",0.00288461538461538,"KLHL10","snv_control"
"9606.ENSP00000358532",0.0230769230769231,"RBM20","snv_control"
"9606.ENSP00000358532",0.0230769230769231,"RBM20","fs_control"
"9606.ENSP00000352779",0.00384615384615385,"SLC39A14","snv_control"
"9606.ENSP00000362399",0.0394230769230769,"STXBP1","snv"
"9606.ENSP00000363092",0.0384615384615385,"PRKG1","snv_control"
"9606.ENSP00000362299",0.0432692307692308,"ENG","snv"
"9606.ENSP00000362299",0.0432692307692308,"ENG","fs_control"
"9606.ENSP00000284268",0.00288461538461538,"ANKH","snv_control"
"9606.ENSP00000361834",0.0163461538461538,"COL9A2","snv_control"
"9606.ENSP00000361834",0.0163461538461538,"COL9A2","fs_control"
"9606.ENSP00000363708",0.0269230769230769,"BMPR2","snv_control"
"9606.ENSP00000363708",0.0269230769230769,"BMPR2","fs_control"
"9606.ENSP00000359245",0.0355769230769231,"ABCA4","snv"
"9606.ENSP00000359245",0.0355769230769231,"ABCA4","fs_control"
"9606.ENSP00000354607",0.0153846153846154,"FZD5","snv_control"
"9606.ENSP00000363973",0.0134615384615385,"ALPL","snv"
"9606.ENSP00000364000",0.0326923076923077,"COL5A2","snv_control"
"9606.ENSP00000364000",0.0326923076923077,"COL5A2","fs_control"
"9606.ENSP00000344087",0.00865384615384615,"AUTS2","snv_control"
"9606.ENSP00000364133",0.0605769230769231,"TGFBR1","snv_control"
"9606.ENSP00000352639",0.00192307692307692,"CELA2A","snv_control"
"9606.ENSP00000357980",0.0134615384615385,"HTRA1","snv_control"
"9606.ENSP00000357980",0.0134615384615385,"HTRA1","fs_control"
"9606.ENSP00000308452",0.0134615384615385,"KRT17","snv_control"
"9606.ENSP00000356468",0.00576923076923077,"IVNS1ABP","snv_control"
"9606.ENSP00000361777",0.0144230769230769,"SET","snv_control"
"9606.ENSP00000361777",0.0144230769230769,"SET","fs_control"
"9606.ENSP00000364912",0.0221153846153846,"SPEN","snv_control"
"9606.ENSP00000365042",0.0259615384615385,"CSNK2B","snv_control"
"9606.ENSP00000365042",0.0259615384615385,"CSNK2B","fs_control"
"9606.ENSP00000326604",0.00384615384615385,"LMBR1","snv_control"
"9606.ENSP00000358677",0.0192307692307692,"TBX18","snv_control"
"9606.ENSP00000358677",0.0192307692307692,"TBX18","fs_control"
"9606.ENSP00000356771",0.0173076923076923,"F5","snv_control"
"9606.ENSP00000365663",0.0403846153846154,"NPPA","snv_control"
"9606.ENSP00000359319",0.0355769230769231,"PAX2","snv_control"
"9606.ENSP00000360231",0.0125,"NFIA","snv_control"
"9606.ENSP00000360231",0.0125,"NFIA","fs_control"
"9606.ENSP00000363071",0.0259615384615385,"DES","snv_control"
"9606.ENSP00000326563",0.0163461538461538,"KDM3B","snv_control"
"9606.ENSP00000326563",0.0163461538461538,"KDM3B","fs_control"
"9606.ENSP00000363435",0.0557692307692308,"ITPR3","snv_control"
"9606.ENSP00000326244",0.000961538461538462,"TMEM151A","snv_control"
"9606.ENSP00000337128",0.0115384615384615,"EDN3","snv_control"
"9606.ENSP00000361850",0.0269230769230769,"PLAU","snv_control"
"9606.ENSP00000366413",0.0221153846153846,"POU4F1","snv_control"
"9606.ENSP00000368683",0.0673076923076923,"EDN1","snv_control"
"9606.ENSP00000362464",0.0115384615384615,"GJB3","snv_control"
"9606.ENSP00000359385",0.0144230769230769,"GLMN","snv"
"9606.ENSP00000359385",0.0144230769230769,"GLMN","fs_control"
"9606.ENSP00000367762",0.0375,"PLCB4","snv_control"
"9606.ENSP00000367762",0.0375,"PLCB4","fs_control"
"9606.ENSP00000369017",0.00288461538461538,"INSL3","snv_control"
"9606.ENSP00000323074",0.00480769230769231,"RAI1","snv_control"
"9606.ENSP00000357644",0.0173076923076923,"GATAD2B","fs_control"
"9606.ENSP00000364979",0.0432692307692308,"COL4A1","snv_control"
"9606.ENSP00000366828",0.00576923076923077,"POLR3F","snv_control"
"9606.ENSP00000357907",0.0125,"CDK19","snv_control"
"9606.ENSP00000368924",0.0355769230769231,"TFAP2A","snv_control"
"9606.ENSP00000362195",0.0201923076923077,"CSF3R","snv"
"9606.ENSP00000362195",0.0201923076923077,"CSF3R","fs_control"
"9606.ENSP00000367797",0.00673076923076923,"SKI","snv_control"
"9606.ENSP00000367797",0.00673076923076923,"SKI","fs_control"
"9606.ENSP00000361043",0.0259615384615385,"RAD54L","snv_control"
"9606.ENSP00000361043",0.0259615384615385,"RAD54L","fs_control"
"9606.ENSP00000362993",0.00961538461538462,"BICC1","snv_control"
"9606.ENSP00000362993",0.00961538461538462,"BICC1","fs_control"
"9606.ENSP00000356575",0.00576923076923077,"HIVEP2","snv"
"9606.ENSP00000369716",0.0432692307692308,"CHD3","snv_control"
"9606.ENSP00000369716",0.0432692307692308,"CHD3","fs_control"
"9606.ENSP00000372351",0.0298076923076923,"NSD2","snv_control"
"9606.ENSP00000362576",0.0259615384615385,"YARS1","snv_control"
"9606.ENSP00000362576",0.0259615384615385,"YARS1","fs_control"
"9606.ENSP00000368030",0.00865384615384615,"ATAD3A","snv_control"
"9606.ENSP00000372088",0.0596153846153846,"RAD51","snv_control"
"9606.ENSP00000372088",0.0596153846153846,"RAD51","fs_control"
"9606.ENSP00000367001",0.0134615384615385,"DPP6","snv_control"
"9606.ENSP00000367848",0.0403846153846154,"GABRD","snv_control"
"9606.ENSP00000366093",0.0144230769230769,"RORB","snv_control"
"9606.ENSP00000370340",0.0115384615384615,"NFIB","snv_control"
"9606.ENSP00000370340",0.0115384615384615,"NFIB","fs_control"
"9606.ENSP00000313437",0.00384615384615385,"MMP19","snv_control"
"9606.ENSP00000365514",0.0144230769230769,"ZIC2","snv_control"
"9606.ENSP00000365439",0.0346153846153846,"HNRNPK","snv_control"
"9606.ENSP00000369703",0.0288461538461538,"TUBB2A","snv_control"
"9606.ENSP00000370938",0.0269230769230769,"CDK8","snv_control"
"9606.ENSP00000375921",0.0375,"PAX3","snv_control"
"9606.ENSP00000375921",0.0375,"PAX3","fs_control"
"9606.ENSP00000358918",0.0144230769230769,"SUFU","snv_control"
"9606.ENSP00000357998",0.0221153846153846,"SEC63","snv_control"
"9606.ENSP00000366525",0.0105769230769231,"FTL","snv_control"
"9606.ENSP00000370421",0.0105769230769231,"PDX1","snv_control"
"9606.ENSP00000261880",0.000961538461538462,"AAGAB","snv_control"
"9606.ENSP00000261880",0.000961538461538462,"AAGAB","fs_control"
"9606.ENSP00000369129",0.0326923076923077,"DSP","snv"
"9606.ENSP00000369129",0.0326923076923077,"DSP","fs"
"9606.ENSP00000371923",0.0163461538461538,"RP1L1","snv"
"9606.ENSP00000373574",0.0173076923076923,"ACVRL1","snv"
"9606.ENSP00000376475",0.0355769230769231,"PRKAR1A","snv"
"9606.ENSP00000373620",0.0471153846153846,"HSPD1","snv_control"
"9606.ENSP00000376472",0.0182692307692308,"STT3A","snv_control"
"9606.ENSP00000375942",0.0605769230769231,"TBP","fs_control"
"9606.ENSP00000372689",0.0211538461538462,"STAG1","snv_control"
"9606.ENSP00000378323",0.0288461538461538,"PPP3CA","fs"
"9606.ENSP00000378323",0.0288461538461538,"PPP3CA","snv_control"
"9606.ENSP00000349568",0.00192307692307692,"CFAP43","snv_control"
"9606.ENSP00000349568",0.00192307692307692,"CFAP43","fs_control"
"9606.ENSP00000355237",0.00384615384615385,"CDC42BPB","snv_control"
"9606.ENSP00000355237",0.00384615384615385,"CDC42BPB","fs_control"
"9606.ENSP00000367446",0.00576923076923077,"EXT1","snv"
"9606.ENSP00000379032",0.00576923076923077,"EXT2","snv_control"
"9606.ENSP00000379032",0.00576923076923077,"EXT2","fs_control"
"9606.ENSP00000371067",0.0778846153846154,"JAK2","snv_control"
"9606.ENSP00000378769",0.0490384615384615,"PPP1CB","snv_control"
"9606.ENSP00000360217",0.00961538461538462,"RHAG","fs_control"
"9606.ENSP00000360522",0.0134615384615385,"RBP4","fs_control"
"9606.ENSP00000357057",0.0125,"CASQ1","snv_control"
"9606.ENSP00000357057",0.0125,"CASQ1","fs_control"
"9606.ENSP00000365162",0.0115384615384615,"MYLK2","snv_control"
"9606.ENSP00000363779",0.0134615384615385,"ELP1","snv_control"
"9606.ENSP00000369889",0.0394230769230769,"COL2A1","snv"
"9606.ENSP00000369889",0.0394230769230769,"COL2A1","fs"
"9606.ENSP00000375778",0.0221153846153846,"LAMB3","snv_control"
"9606.ENSP00000319829",0.00384615384615385,"ZNF687","snv_control"
"9606.ENSP00000377941",0.0403846153846154,"ACTN1","snv_control"
"9606.ENSP00000378402",0.0576923076923077,"SIN3A","snv_control"
"9606.ENSP00000378402",0.0576923076923077,"SIN3A","fs_control"
"9606.ENSP00000379210",0.0394230769230769,"MYL3","fs_control"
"9606.ENSP00000379616",0.0605769230769231,"MYH11","fs_control"
"9606.ENSP00000378326",0.00576923076923077,"ZP3","fs_control"
"9606.ENSP00000373648",0.05,"KCNQ3","snv_control"
"9606.ENSP00000373648",0.05,"KCNQ3","fs_control"
"9606.ENSP00000379098",0.0557692307692308,"CAMK2B","snv_control"
"9606.ENSP00000365899",0.00961538461538462,"VSX1","snv_control"
"9606.ENSP00000350954",0.00480769230769231,"WDR37","snv_control"
"9606.ENSP00000368022",0.0307692307692308,"OPTN","snv_control"
"9606.ENSP00000368022",0.0307692307692308,"OPTN","fs_control"
"9606.ENSP00000378394",0.00961538461538462,"PSAP","snv_control"
"9606.ENSP00000378394",0.00961538461538462,"PSAP","fs_control"
"9606.ENSP00000378812",0.00865384615384615,"CHCHD2","snv_control"
"9606.ENSP00000360530",0.00961538461538462,"NSMF","snv_control"
"9606.ENSP00000377265",0.0221153846153846,"TFAP2B","snv_control"
"9606.ENSP00000377265",0.0221153846153846,"TFAP2B","fs_control"
"9606.ENSP00000378414",0.0307692307692308,"SMARCD1","snv"
"9606.ENSP00000373340",0.0163461538461538,"BRPF1","snv_control"
"9606.ENSP00000373340",0.0163461538461538,"BRPF1","fs_control"
"9606.ENSP00000373272",0.00865384615384615,"TRIM71","fs_control"
"9606.ENSP00000369647",0.0211538461538462,"AVP","snv_control"
"9606.ENSP00000379895",0.00480769230769231,"GATM","snv_control"
"9606.ENSP00000367590",0.00961538461538462,"REEP2","snv_control"
"9606.ENSP00000357459",0.0173076923076923,"ADAR","snv"
"9606.ENSP00000377508",0.0403846153846154,"JUP","snv_control"
"9606.ENSP00000378015",0.0115384615384615,"KRIT1","snv"
"9606.ENSP00000378058",0.0221153846153846,"EFEMP1","snv_control"
"9606.ENSP00000378058",0.0221153846153846,"EFEMP1","fs_control"
"9606.ENSP00000380136",0.0269230769230769,"KAT6A","snv"
"9606.ENSP00000380136",0.0269230769230769,"KAT6A","fs"
"9606.ENSP00000377492",0.0221153846153846,"HMMR","snv_control"
"9606.ENSP00000309262",0.00192307692307692,"USP48","snv_control"
"9606.ENSP00000369375",0.0413461538461538,"TEK","snv"
"9606.ENSP00000369375",0.0413461538461538,"TEK","fs"
"9606.ENSP00000375653",0.00673076923076923,"NLRP12","snv_control"
"9606.ENSP00000375653",0.00673076923076923,"NLRP12","fs_control"
"9606.ENSP00000380150",0.0201923076923077,"CARD11","snv_control"
"9606.ENSP00000380150",0.0201923076923077,"CARD11","fs_control"
"9606.ENSP00000382423",0.0355769230769231,"MAP3K1","snv_control"
"9606.ENSP00000379683",0.0230769230769231,"CYP19A1","snv"
"9606.ENSP00000379683",0.0230769230769231,"CYP19A1","fs_control"
"9606.ENSP00000355601",0.0144230769230769,"EGLN1","fs_control"
"9606.ENSP00000379823",0.025,"COL4A3","snv"
"9606.ENSP00000377001",0.0230769230769231,"SPOP","snv_control"
"9606.ENSP00000377001",0.0230769230769231,"SPOP","fs_control"
"9606.ENSP00000374205",0.0221153846153846,"TBR1","fs"
"9606.ENSP00000384582",0.0134615384615385,"ADGRV1","snv"
"9606.ENSP00000384582",0.0134615384615385,"ADGRV1","fs_control"
"9606.ENSP00000379818",0.0471153846153846,"GRIN2A","snv"
"9606.ENSP00000379818",0.0471153846153846,"GRIN2A","fs"
"9606.ENSP00000383042",0.0596153846153846,"KDM1A","snv_control"
"9606.ENSP00000383042",0.0596153846153846,"KDM1A","fs_control"
"9606.ENSP00000309376",0.00192307692307692,"CD164","snv_control"
"9606.ENSP00000379138",0.0528846153846154,"AFP","snv_control"
"9606.ENSP00000384273",0.0740384615384615,"RELA","snv"
"9606.ENSP00000379901",0.0134615384615385,"TMEM106B","snv_control"
"9606.ENSP00000257776",0.00192307692307692,"MRAP2","snv_control"
"9606.ENSP00000373918",0.0269230769230769,"GARS1","snv_control"
"9606.ENSP00000373918",0.0269230769230769,"GARS1","fs_control"
"9606.ENSP00000358820",0.00480769230769231,"EPS8L3","snv_control"
"9606.ENSP00000379658",0.0471153846153846,"ETV6","snv_control"
"9606.ENSP00000379658",0.0471153846153846,"ETV6","fs_control"
"9606.ENSP00000379065",0.0105769230769231,"TRPS1","snv"
"9606.ENSP00000379065",0.0105769230769231,"TRPS1","fs"
"9606.ENSP00000369292",0.00480769230769231,"SAMD9","snv_control"
"9606.ENSP00000386200",0.0211538461538462,"FOXP2","snv_control"
"9606.ENSP00000382004",0.0394230769230769,"CTNND1","snv_control"
"9606.ENSP00000382004",0.0394230769230769,"CTNND1","fs_control"
"9606.ENSP00000363868",0.0240384615384615,"ABCA1","snv"
"9606.ENSP00000363868",0.0240384615384615,"ABCA1","fs_control"
"9606.ENSP00000380888",0.0192307692307692,"MED13","snv_control"
"9606.ENSP00000380888",0.0192307692307692,"MED13","fs_control"
"9606.ENSP00000381448",0.0201923076923077,"CST3","snv_control"
"9606.ENSP00000379383",0.00769230769230769,"ENAM","snv_control"
"9606.ENSP00000380093",0.0605769230769231,"SOX10","snv"
"9606.ENSP00000380093",0.0605769230769231,"SOX10","fs"
"9606.ENSP00000364265",0.00961538461538462,"FOXE1","snv_control"
"9606.ENSP00000376322",0.0134615384615385,"HOXD13","snv_control"
"9606.ENSP00000376458",0.0134615384615385,"CDON","snv_control"
"9606.ENSP00000385019",0.0288461538461538,"CACNA1I","snv_control"
"9606.ENSP00000316649",0.000961538461538462,"OSBPL2","fs_control"
"9606.ENSP00000296603",0.00192307692307692,"LMBRD2","snv_control"
"9606.ENSP00000387911",0.0144230769230769,"PARN","fs_control"
"9606.ENSP00000363313",0.0115384615384615,"PRPF4","snv_control"
"9606.ENSP00000381736",0.0336538461538462,"ATP5F1A","snv_control"
"9606.ENSP00000387694",0.0413461538461538,"SLC12A5","snv_control"
"9606.ENSP00000387694",0.0413461538461538,"SLC12A5","fs_control"
"9606.ENSP00000365301",0.0240384615384615,"FGF14","snv_control"
"9606.ENSP00000387784",0.0557692307692308,"SOS1","snv_control"
"9606.ENSP00000390436",0.0471153846153846,"GLI2","snv"
"9606.ENSP00000390436",0.0471153846153846,"GLI2","fs"
"9606.ENSP00000386741",0.00961538461538462,"CHN1","snv_control"
"9606.ENSP00000384823",0.00769230769230769,"FBXO11","snv"
"9606.ENSP00000384823",0.00769230769230769,"FBXO11","fs"
"9606.ENSP00000385096",0.00673076923076923,"KCTD17","snv_control"
"9606.ENSP00000385096",0.00673076923076923,"KCTD17","fs_control"
"9606.ENSP00000392094",0.0461538461538462,"EFTUD2","fs"
"9606.ENSP00000392094",0.0461538461538462,"EFTUD2","snv_control"
"9606.ENSP00000395654",0.113461538461538,"SMARCA4","snv_control"
"9606.ENSP00000395654",0.113461538461538,"SMARCA4","fs_control"
"9606.ENSP00000390600",0.0413461538461538,"SCN10A","snv_control"
"9606.ENSP00000379267",0.00384615384615385,"ELP4","snv_control"
"9606.ENSP00000393097",0.0509615384615385,"GABRA1","snv_control"
"9606.ENSP00000396320",0.0375,"SCN4A","fs"
"9606.ENSP00000396320",0.0375,"SCN4A","snv_control"
"9606.ENSP00000386869",0.00865384615384615,"TET3","snv_control"
"9606.ENSP00000372193",0.00576923076923077,"CLCN7","snv_control"
"9606.ENSP00000372193",0.00576923076923077,"CLCN7","fs_control"
"9606.ENSP00000378830",0.00769230769230769,"QRICH1","snv_control"
"9606.ENSP00000378830",0.00769230769230769,"QRICH1","fs_control"
"9606.ENSP00000311291",0.00192307692307692,"SLCO2A1","snv"
"9606.ENSP00000393379",0.0298076923076923,"KIF5C","fs_control"
"9606.ENSP00000388940",0.0307692307692308,"TCF12","snv"
"9606.ENSP00000401678",0.0269230769230769,"MYOCD","snv_control"
"9606.ENSP00000401678",0.0269230769230769,"MYOCD","fs_control"
"9606.ENSP00000377721",0.0288461538461538,"NR2F2","snv_control"
"9606.ENSP00000386884",0.0759615384615385,"CXCR4","fs"
"9606.ENSP00000389814",0.0451923076923077,"ADIPOQ","snv_control"
"9606.ENSP00000393312",0.0798076923076923,"FGFR1","snv_control"
"9606.ENSP00000395929",0.0221153846153846,"NSD1","snv"
"9606.ENSP00000398837",0.0403846153846154,"KMT2B","snv_control"
"9606.ENSP00000360541",0.00961538461538462,"CPT2","snv"
"9606.ENSP00000405330",0.170192307692308,"ESR1","snv_control"
"9606.ENSP00000277225",0.000961538461538462,"ZNF462","snv_control"
"9606.ENSP00000368966",0.025,"TRPC3","fs_control"
"9606.ENSP00000383178",0.00961538461538462,"DIAPH3","snv_control"
"9606.ENSP00000352833",0.0163461538461538,"PTPN22","snv_control"
"9606.ENSP00000385000",0.0153846153846154,"KIF2A","snv_control"
"9606.ENSP00000383199",0.0394230769230769,"NEDD4L","snv_control"
"9606.ENSP00000396915",0.0509615384615385,"SCN1B","snv_control"
"9606.ENSP00000396915",0.0509615384615385,"SCN1B","fs_control"
"9606.ENSP00000401437",0.0432692307692308,"LDB3","snv_control"
"9606.ENSP00000401437",0.0432692307692308,"LDB3","fs_control"
"9606.ENSP00000406191",0.0326923076923077,"TRPV4","snv_control"
"9606.ENSP00000399709",0.0451923076923077,"BEST1","snv_control"
"9606.ENSP00000399709",0.0451923076923077,"BEST1","fs_control"
"9606.ENSP00000408979",0.0432692307692308,"KIF5A","snv_control"
"9606.ENSP00000384004",0.00384615384615385,"POU6F2","snv_control"
"9606.ENSP00000410732",0.0528846153846154,"GABRG2","snv"
"9606.ENSP00000376250",0.00288461538461538,"CCDC50","snv_control"
"9606.ENSP00000410257",0.0769230769230769,"SCN5A","snv"
"9606.ENSP00000410257",0.0769230769230769,"SCN5A","fs"
"9606.ENSP00000410294",0.0596153846153846,"FGFR2","snv_control"
"9606.ENSP00000380256",0.0182692307692308,"CCNF","snv_control"
"9606.ENSP00000402103",0.0134615384615385,"HK1","snv_control"
"9606.ENSP00000402103",0.0134615384615385,"HK1","fs_control"
"9606.ENSP00000385035",0.0153846153846154,"C1S","snv"
"9606.ENSP00000389168",0.0240384615384615,"PPP1R12A","snv_control"
"9606.ENSP00000389168",0.0240384615384615,"PPP1R12A","fs_control"
"9606.ENSP00000417963",0.0355769230769231,"PPP2R5D","snv_control"
"9606.ENSP00000365777",0.0240384615384615,"MTHFR","snv"
"9606.ENSP00000391249",0.00961538461538462,"SEPTIN9","snv_control"
"9606.ENSP00000405574",0.0259615384615385,"TBL1XR1","snv_control"
"9606.ENSP00000405574",0.0259615384615385,"TBL1XR1","fs_control"
"9606.ENSP00000413720",0.0201923076923077,"CDKN1C","snv"
"9606.ENSP00000413720",0.0201923076923077,"CDKN1C","fs"
"9606.ENSP00000417132",0.0163461538461538,"BAP1","snv"
"9606.ENSP00000418525",0.0423076923076923,"MME","snv_control"
"9606.ENSP00000371846",0.00865384615384615,"DEAF1","fs_control"
"9606.ENSP00000406046",0.0403846153846154,"POLD1","snv_control"
"9606.ENSP00000406046",0.0403846153846154,"POLD1","fs_control"
"9606.ENSP00000418915",0.122115384615385,"CDKN2A","snv_control"
"9606.ENSP00000419045",0.0144230769230769,"GCH1","snv"
"9606.ENSP00000365116",0.00576923076923077,"CTRC","snv_control"
"9606.ENSP00000365116",0.00576923076923077,"CTRC","fs_control"
"9606.ENSP00000376822",0.00769230769230769,"STEAP3","snv_control"
"9606.ENSP00000377784",0.0230769230769231,"GUCA1A","snv_control"
"9606.ENSP00000419361",0.0326923076923077,"ADCY5","snv_control"
"9606.ENSP00000419361",0.0326923076923077,"ADCY5","fs_control"
"9606.ENSP00000411593",0.0230769230769231,"GLRA1","fs_control"
"9606.ENSP00000258613",0.000961538461538462,"THSD1","snv_control"
"9606.ENSP00000346112",0.00865384615384615,"SLC12A6","snv"
"9606.ENSP00000358894",0.00576923076923077,"CNNM2","snv"
"9606.ENSP00000358894",0.00576923076923077,"CNNM2","fs_control"
"9606.ENSP00000402373",0.0740384615384615,"ACTA2","snv_control"
"9606.ENSP00000421828",0.025,"GABRA2","snv_control"
"9606.ENSP00000413496",0.0230769230769231,"FGF12","snv_control"
"9606.ENSP00000418960",0.111538461538462,"BRCA1","snv"
"9606.ENSP00000418960",0.111538461538462,"BRCA1","fs"
"9606.ENSP00000422168",0.00673076923076923,"SH3BP2","snv_control"
"9606.ENSP00000418447",0.0519230769230769,"PPP2CA","snv"
"9606.ENSP00000428056",0.102884615384615,"PIK3R1","snv"
"9606.ENSP00000428056",0.102884615384615,"PIK3R1","fs_control"
"9606.ENSP00000428924",0.0576923076923077,"LYN","snv_control"
"9606.ENSP00000387050",0.00384615384615385,"PLD3","snv_control"
"9606.ENSP00000393559",0.00769230769230769,"PACS2","snv_control"
"9606.ENSP00000398495",0.0115384615384615,"DIABLO","fs_control"
"9606.ENSP00000380349",0.0115384615384615,"CAPN3","fs"
"9606.ENSP00000380349",0.0115384615384615,"CAPN3","snv_control"
"9606.ENSP00000400908",0.0125,"MYBPC1","snv_control"
"9606.ENSP00000400908",0.0125,"MYBPC1","fs_control"
"9606.ENSP00000425556",0.00961538461538462,"PALLD","snv_control"
"9606.ENSP00000431813",0.0365384615384615,"CSRP3","snv_control"
"9606.ENSP00000346874",0.00192307692307692,"FAR1","snv_control"
"9606.ENSP00000415151",0.0403846153846154,"CBFB","snv_control"
"9606.ENSP00000414321",0.0240384615384615,"RPS24","snv_control"
"9606.ENSP00000348984",0.00384615384615385,"SON","snv_control"
"9606.ENSP00000348984",0.00384615384615385,"SON","fs_control"
"9606.ENSP00000405890",0.0307692307692308,"PBX1","snv_control"
"9606.ENSP00000405890",0.0307692307692308,"PBX1","fs_control"
"9606.ENSP00000422753",0.0163461538461538,"DDX41","snv_control"
"9606.ENSP00000422753",0.0163461538461538,"DDX41","fs_control"
"9606.ENSP00000391723",0.0201923076923077,"PUM1","snv_control"
"9606.ENSP00000391723",0.0201923076923077,"PUM1","fs_control"
"9606.ENSP00000400646",0.0125,"PNPT1","snv_control"
"9606.ENSP00000400646",0.0125,"PNPT1","fs_control"
"9606.ENSP00000405620",0.0125,"DHX30","snv_control"
"9606.ENSP00000405620",0.0125,"DHX30","fs_control"
"9606.ENSP00000437256",0.0576923076923077,"DICER1","snv_control"
"9606.ENSP00000428994",0.0519230769230769,"GRIA1","snv_control"
"9606.ENSP00000434241",0.0298076923076923,"KCNC3","snv_control"
"9606.ENSP00000434241",0.0298076923076923,"KCNC3","fs_control"
"9606.ENSP00000357474",0.000961538461538462,"CEP85L","snv_control"
"9606.ENSP00000434359",0.0173076923076923,"PUF60","snv"
"9606.ENSP00000378650",0.0105769230769231,"TBX6","fs_control"
"9606.ENSP00000397157",0.0134615384615385,"PERP","snv_control"
"9606.ENSP00000397157",0.0134615384615385,"PERP","fs_control"
"9606.ENSP00000424571",0.0278846153846154,"FBN2","snv_control"
"9606.ENSP00000424571",0.0278846153846154,"FBN2","fs_control"
"9606.ENSP00000416293",0.0384615384615385,"SLC2A1","snv"
"9606.ENSP00000377148",0.0115384615384615,"AP1G1","snv_control"
"9606.ENSP00000377148",0.0115384615384615,"AP1G1","fs_control"
"9606.ENSP00000425634",0.0153846153846154,"HARS1","snv_control"
"9606.ENSP00000425634",0.0153846153846154,"HARS1","fs_control"
"9606.ENSP00000389714",0.0163461538461538,"CTNNA3","snv_control"
"9606.ENSP00000389714",0.0163461538461538,"CTNNA3","fs_control"
"9606.ENSP00000440045",0.0548076923076923,"ATP2A2","snv_control"
"9606.ENSP00000357452",0.00288461538461538,"PMVK","snv_control"
"9606.ENSP00000410769",0.0173076923076923,"CNBP","snv_control"
"9606.ENSP00000398273",0.0211538461538462,"SOX5","snv_control"
"9606.ENSP00000433295",0.0346153846153846,"KCNJ5","snv_control"
"9606.ENSP00000367104",0.0125,"BFSP1","snv_control"
"9606.ENSP00000367104",0.0125,"BFSP1","fs_control"
"9606.ENSP00000426809",0.0557692307692308,"PROM1","snv_control"
"9606.ENSP00000426809",0.0557692307692308,"PROM1","fs_control"
"9606.ENSP00000443495",0.0644230769230769,"ACTN2","snv_control"
"9606.ENSP00000443495",0.0644230769230769,"ACTN2","fs_control"
"9606.ENSP00000420295",0.0317307692307692,"PDE6B","snv"
"9606.ENSP00000450607",0.0298076923076923,"TIMELESS","snv_control"
"9606.ENSP00000385090",0.00961538461538462,"NLRC4","snv_control"
"9606.ENSP00000443551",0.0173076923076923,"MVK","snv"
"9606.ENSP00000369677",0.00288461538461538,"EMILIN1","snv_control"
"9606.ENSP00000369677",0.00288461538461538,"EMILIN1","fs_control"
"9606.ENSP00000414398",0.00769230769230769,"DNAJB11","snv_control"
"9606.ENSP00000414398",0.00769230769230769,"DNAJB11","fs_control"
"9606.ENSP00000420213",0.0153846153846154,"FLNB","snv_control"
"9606.ENSP00000420213",0.0153846153846154,"FLNB","fs_control"
"9606.ENSP00000446007",0.0596153846153846,"VIM","snv_control"
"9606.ENSP00000389870",0.0163461538461538,"DLX3","snv_control"
"9606.ENSP00000437621",0.0288461538461538,"HMGA2","snv_control"
"9606.ENSP00000437621",0.0288461538461538,"HMGA2","fs_control"
"9606.ENSP00000261652",0.00192307692307692,"TNFRSF13B","snv_control"
"9606.ENSP00000430684",0.0480769230769231,"IKBKB","snv_control"
"9606.ENSP00000430684",0.0480769230769231,"IKBKB","fs_control"
"9606.ENSP00000432770",0.0211538461538462,"EYA4","snv_control"
"9606.ENSP00000432770",0.0211538461538462,"EYA4","fs_control"
"9606.ENSP00000438949",0.0336538461538462,"CACNB4","snv_control"
"9606.ENSP00000423660",0.0192307692307692,"SH3TC2","snv"
"9606.ENSP00000423660",0.0192307692307692,"SH3TC2","fs_control"
"9606.ENSP00000368516",0.00576923076923077,"LGR4","snv_control"
"9606.ENSP00000449079",0.0211538461538462,"RDH12","snv"
"9606.ENSP00000449079",0.0211538461538462,"RDH12","fs"
"9606.ENSP00000454207",0.0326923076923077,"TRAF3","snv_control"
"9606.ENSP00000442563",0.0173076923076923,"POLG2","snv_control"
"9606.ENSP00000442563",0.0173076923076923,"POLG2","fs_control"
"9606.ENSP00000388723",0.00769230769230769,"KBTBD13","snv_control"
"9606.ENSP00000389140",0.0144230769230769,"DCC","snv_control"
"9606.ENSP00000389140",0.0144230769230769,"DCC","fs_control"
"9606.ENSP00000388001",0.0105769230769231,"OAS1","snv_control"
"9606.ENSP00000440185",0.0259615384615385,"PDYN","snv_control"
"9606.ENSP00000468500",0.0673076923076923,"GFAP","snv_control"
"9606.ENSP00000436786",0.0471153846153846,"KMT2A","snv_control"
"9606.ENSP00000436786",0.0471153846153846,"KMT2A","fs_control"
"9606.ENSP00000443926",0.00673076923076923,"CELF2","snv"
"9606.ENSP00000462337",0.00192307692307692,"VEZF1","snv_control"
"9606.ENSP00000384999",0.0192307692307692,"P4HA2","snv_control"
"9606.ENSP00000435233",0.0173076923076923,"TEAD1","snv_control"
"9606.ENSP00000453793",0.0173076923076923,"MEIS2","snv_control"
"9606.ENSP00000453793",0.0173076923076923,"MEIS2","fs_control"
"9606.ENSP00000454157",0.0413461538461538,"ZEB2","snv"
"9606.ENSP00000471896",0.0394230769230769,"IRF3","snv_control"
"9606.ENSP00000364860",0.00865384615384615,"ROR2","snv"
"9606.ENSP00000369810",0.00769230769230769,"VPS16","snv_control"
"9606.ENSP00000369810",0.00769230769230769,"VPS16","fs_control"
"9606.ENSP00000445306",0.0288461538461538,"ATP1A1","fs_control"
"9606.ENSP00000449089",0.025,"DNM1L","snv"
"9606.ENSP00000449089",0.025,"DNM1L","fs_control"
"9606.ENSP00000454071",0.0259615384615385,"LDLR","snv_control"
"9606.ENSP00000460348",0.0461538461538462,"PRPF8","snv"
"9606.ENSP00000460348",0.0461538461538462,"PRPF8","fs_control"
"9606.ENSP00000464087",0.00576923076923077,"RNF213","snv_control"
"9606.ENSP00000478754",0.025,"DDX6","snv_control"
"9606.ENSP00000433488",0.0105769230769231,"FLI1","snv_control"
"9606.ENSP00000456226",0.0317307692307692,"PRRT2","snv"
"9606.ENSP00000467290",0.00769230769230769,"SEMA6B","snv"
"9606.ENSP00000467290",0.00769230769230769,"SEMA6B","fs"
"9606.ENSP00000381844",0.00576923076923077,"ATL3","snv_control"
"9606.ENSP00000456206",0.0134615384615385,"TUBB8","snv_control"
"9606.ENSP00000449253",0.0269230769230769,"KCNC2","snv_control"
"9606.ENSP00000477437",0.0201923076923077,"KCNJ6","snv_control"
"9606.ENSP00000408108",0.00576923076923077,"WDR26","fs_control"
"9606.ENSP00000459533",0.0134615384615385,"LITAF","snv_control"
"9606.ENSP00000477455",0.0615384615384615,"GRIN2B","snv"
"9606.ENSP00000477455",0.0615384615384615,"GRIN2B","fs"
"9606.ENSP00000430344",0.0134615384615385,"PLCD1","snv_control"
"9606.ENSP00000430344",0.0134615384615385,"PLCD1","fs_control"
"9606.ENSP00000481878",0.0548076923076923,"GNB1","fs_control"
"9606.ENSP00000450456",0.0153846153846154,"RAX2","snv_control"
"9606.ENSP00000418428",0.0153846153846154,"CHCHD10","snv_control"
"9606.ENSP00000482169",0.0538461538461538,"NEFL","snv_control"
"9606.ENSP00000482169",0.0538461538461538,"NEFL","fs_control"
"9606.ENSP00000451818",0.0182692307692308,"SRP54","snv_control"
"9606.ENSP00000482753",0.0269230769230769,"C9ORF72","snv_control"
"9606.ENSP00000481848",0.0240384615384615,"KCNN3","snv_control"
"9606.ENSP00000478927",0.0692307692307692,"YAP1","snv_control"
"9606.ENSP00000478927",0.0692307692307692,"YAP1","fs_control"
"9606.ENSP00000293670",0.000961538461538462,"KRT83","snv_control"
"9606.ENSP00000297770",0.000961538461538462,"CPA6","snv_control"
"9606.ENSP00000297770",0.000961538461538462,"CPA6","fs_control"
"9606.ENSP00000319883",0.000961538461538462,"ADGRE2","snv_control"
"9606.ENSP00000340688",0.00192307692307692,"ADGRL1","fs_control"
"9606.ENSP00000356130",0.00480769230769231,"DSTYK","snv_control"
"9606.ENSP00000356130",0.00480769230769231,"DSTYK","fs_control"
"9606.ENSP00000356978",0.00288461538461538,"PPOX","snv"
"9606.ENSP00000357480",0.00384615384615385,"NUS1","snv"
"9606.ENSP00000358590",0.00480769230769231,"ZNF292","snv"
"9606.ENSP00000358590",0.00480769230769231,"ZNF292","fs"
"9606.ENSP00000363228",0.000961538461538462,"RBM12","snv_control"
"9606.ENSP00000363394",0.00192307692307692,"SLC30A2","snv_control"
"9606.ENSP00000363394",0.00192307692307692,"SLC30A2","fs_control"
"9606.ENSP00000364902",0.00480769230769231,"POFUT1","snv_control"
"9606.ENSP00000366006",0.00288461538461538,"UBIAD1","snv_control"
"9606.ENSP00000366070",0.00192307692307692,"RILPL1","snv_control"
"9606.ENSP00000367888",0.0105769230769231,"LRP4","snv_control"
"9606.ENSP00000367888",0.0105769230769231,"LRP4","fs_control"
"9606.ENSP00000372059",0.00288461538461538,"IFITM5","snv_control"
"9606.ENSP00000377783",0.00576923076923077,"PROS1","snv"
"9606.ENSP00000379862",0.00576923076923077,"COCH","snv_control"
"9606.ENSP00000379862",0.00576923076923077,"COCH","fs_control"
"9606.ENSP00000383894",0.00961538461538462,"MATN3","snv_control"
"9606.ENSP00000385905",0.00288461538461538,"DNASE1","snv_control"
"9606.ENSP00000386331",0.0201923076923077,"MYO7A","snv"
"9606.ENSP00000391137",0.00576923076923077,"ASB10","snv_control"
"9606.ENSP00000395012",0.00769230769230769,"KLHL24","snv_control"
"9606.ENSP00000395012",0.00769230769230769,"KLHL24","fs_control"
"9606.ENSP00000396467",0.00288461538461538,"MAPKAPK3","snv_control"
"9606.ENSP00000397082",0.00673076923076923,"SFTPA1","snv_control"
"9606.ENSP00000398610",0.00288461538461538,"ANXA11","snv_control"
"9606.ENSP00000399518",0.0144230769230769,"SATB1","snv"
"9606.ENSP00000399979",0.000961538461538462,"SLC52A1","snv_control"
"9606.ENSP00000401907",0.0144230769230769,"BMPR1B","snv_control"
"9606.ENSP00000401907",0.0144230769230769,"BMPR1B","fs_control"
"9606.ENSP00000416561",0.0201923076923077,"CFB","fs_control"
"9606.ENSP00000417638",0.00480769230769231,"SLC26A8","snv_control"
"9606.ENSP00000420194",0.0192307692307692,"CASR","snv"
"9606.ENSP00000420194",0.0192307692307692,"CASR","fs"
"9606.ENSP00000426083",0.00480769230769231,"ADH1C","snv_control"
"9606.ENSP00000427926",0.00480769230769231,"RHOBTB2","snv_control"
"9606.ENSP00000427926",0.00480769230769231,"RHOBTB2","fs_control"
"9606.ENSP00000430548",0.00288461538461538,"PTDSS1","snv_control"
"9606.ENSP00000434364",0.00865384615384615,"SLC6A5","snv_control"
"9606.ENSP00000434364",0.00865384615384615,"SLC6A5","fs_control"
"9606.ENSP00000436901",0.0115384615384615,"DPF2","snv_control"
"9606.ENSP00000438284",0.0144230769230769,"PDE10A","snv_control"
"9606.ENSP00000438284",0.0144230769230769,"PDE10A","fs_control"
"9606.ENSP00000438993",0.00673076923076923,"ZCCHC8","snv_control"
"9606.ENSP00000441065",0.00769230769230769,"SLC16A1","fs_control"
"9606.ENSP00000441858",0.0105769230769231,"DMXL2","snv_control"
"9606.ENSP00000441858",0.0105769230769231,"DMXL2","fs_control"
"9606.ENSP00000444198",0.0144230769230769,"CITED2","snv_control"
"9606.ENSP00000444645",0.00961538461538462,"CYFIP2","snv_control"
"9606.ENSP00000444948",0.0115384615384615,"KCNK4","snv_control"
"9606.ENSP00000445725",0.00192307692307692,"RNF170","snv_control"
"9606.ENSP00000451974",0.0211538461538462,"XRCC3","snv_control"
"9606.ENSP00000452746",0.0134615384615385,"PSTPIP1","snv_control"
"9606.ENSP00000452786",0.075,"ITGB3","snv_control"
"9606.ENSP00000452786",0.075,"ITGB3","fs_control"
"9606.ENSP00000465500",0.00865384615384615,"TNFRSF11A","snv_control"
"9606.ENSP00000465759",0.00865384615384615,"POLRMT","snv_control"
"9606.ENSP00000465759",0.00865384615384615,"POLRMT","fs_control"
"9606.ENSP00000466090",0.0192307692307692,"ELANE","fs"
"9606.ENSP00000466561",0.00384615384615385,"CEACAM16","snv_control"
"9606.ENSP00000466937",0.000961538461538462,"FHOD3","snv_control"
"9606.ENSP00000467176",0.025,"TNNT1","snv_control"
"9606.ENSP00000467176",0.025,"TNNT1","fs_control"
"9606.ENSP00000468411",0.0125,"PSENEN","snv_control"
"9606.ENSP00000477602",0.00288461538461538,"ELOVL1","snv_control"
"9606.ENSP00000478516",0.00480769230769231,"NLRP1","snv_control"
"9606.ENSP00000479606",0.0576923076923077,"CLTC","snv_control"
"9606.ENSP00000479606",0.0576923076923077,"CLTC","fs_control"
"9606.ENSP00000479904",0.0192307692307692,"ZMYM2","snv_control"
"9606.ENSP00000479904",0.0192307692307692,"ZMYM2","fs_control"
"9606.ENSP00000480043",0.0384615384615385,"VEGFC","snv_control"
"9606.ENSP00000480476",0.00480769230769231,"OPLAH","snv"
"9606.ENSP00000480476",0.00480769230769231,"OPLAH","fs_control"
"9606.ENSP00000480893",0.0307692307692308,"SPAST","snv"
"9606.ENSP00000481127",0.00865384615384615,"PRODH","snv_control"
"9606.ENSP00000481127",0.00865384615384615,"PRODH","fs_control"
"9606.ENSP00000482093",0.00769230769230769,"PER3","snv_control"
"9606.ENSP00000482093",0.00769230769230769,"PER3","fs_control"
"9606.ENSP00000482457",0.0413461538461538,"PLCG2","snv_control"
"9606.ENSP00000482472",0.00961538461538462,"LPP","snv_control"
"9606.ENSP00000482504",0.0317307692307692,"NR2E3","snv_control"
"9606.ENSP00000482816",0.0125,"CRYAA","snv_control"
"9606.ENSP00000482954",0.0115384615384615,"PRLR","snv_control"
"9606.ENSP00000483117",0.0153846153846154,"ACD","snv_control"
"9606.ENSP00000483117",0.0153846153846154,"ACD","fs_control"
"9606.ENSP00000483254",0.0230769230769231,"HNRNPDL","snv_control"
"9606.ENSP00000484552",0.0346153846153846,"GJA5","snv_control"
"9606.ENSP00000484631",0.00865384615384615,"PMP22","fs"
"9606.ENSP00000484669",0.0153846153846154,"CPSF1","fs_control"
